order_id,customer_id,order_date,revenue,units,region,product
ORD-000000,CUS-1003,2024-01-01,1038.58,20,North,Gadget C
ORD-000001,CUS-1002,2024-06-30,497.98,14,North,Gadget C
ORD-000002,CUS-1003,2024-01-01,1236.96,47,North,Gadget C
ORD-000003,CUS-1002,2024-01-01,618.68,34,West,Widget A
ORD-000004,CUS-1001,2024-01-01,1964.02,2,West,Widget A
ORD-000005,nan,2024-06-30,538.04,29,  Central  ,Widget A
ORD-000006,CUS-1003,2024-03-15,1607.93,22,West,Widget B
ORD-000007,CUS-1003,2024-01-01,1929.63,13,West,Widget A
ORD-000008,CUS-1001,2024-06-30,1004.09,39,  Central  ,Widget B
ORD-000009,CUS-1002,2024-01-01,406.51,34,South,Gadget C
ORD-000010,CUS-1001,not-a-date,1781.86,23,East,Widget A
ORD-000011,nan,2024-01-01,810.66,19,North,Gadget C
ORD-000012,CUS-1002,2024-01-01,1092.81,11,West,Widget B
ORD-000013,CUS-1003,2024-01-01,107.59,31,North,Widget B
ORD-000014,CUS-1002,2024-06-30,702.73,42,East,Widget A
ORD-000015,CUS-1001,2024-06-30,1116.35,33,South,Widget A
ORD-000016,CUS-1002,01/02/2024,1389.04,1,East,Widget B
ORD-000017,CUS-1001,2024-01-01,1902.78,33,West,Gadget C
ORD-000018,CUS-1003,2024-01-01,1171.16,22,East,Gadget C
ORD-000019,CUS-1002,2024-01-01,550.08,34,  Central  ,Gadget C
ORD-000020,CUS-1003,2024-01-01,1118.77,19,South,Widget A
ORD-000021,CUS-1001,2024-01-01,151.13,21,East,Widget B
ORD-000022,nan,01/02/2024,304.71,23,West,Widget B
ORD-000023,nan,01/02/2024,710.16,31,East,Widget A
ORD-000024,CUS-1003,2024-06-30,54.29,42,East,Widget B
ORD-000025,CUS-1001,2024-01-01,159.9,45,South,Widget A
ORD-000026,CUS-1002,2024-01-01,24.61,9,West,Widget B
ORD-000027,CUS-1001,01/02/2024,371.76,4,South,Gadget C
ORD-000028,CUS-1001,2024-01-01,1652.83,41,North,Gadget C
ORD-000029,CUS-1002,01/02/2024,709.29,39,North,Widget A
ORD-000030,CUS-1002,2024-03-15,1805.88,14,South,Widget B
ORD-000031,nan,2024-01-01,1771.03,7,South,Widget B
ORD-000032,CUS-1001,2024-01-01,-289.87,7,  Central  ,Widget B
ORD-000033,CUS-1001,not-a-date,431.62,23,East,Widget A
ORD-000034,CUS-1002,01/02/2024,691.36,14,  Central  ,Widget B
ORD-000035,CUS-1001,01/02/2024,941.98,9,East,Widget B
ORD-000036,CUS-1001,2024-03-15,868.87,40,West,Gadget C
ORD-000037,CUS-1002,01/02/2024,169.0,39,North,Gadget C
ORD-000038,CUS-1001,2024-01-01,485.39,26,East,Widget B
ORD-000039,CUS-1002,2024-03-15,1244.23,2,North,Widget A
ORD-000040,CUS-1002,2024-06-30,1356.31,7,North,Widget B
ORD-000041,CUS-1003,2024-01-01,735.66,35,North,Gadget C
ORD-000042,CUS-1002,2024-01-01,601.02,19,East,Widget A
ORD-000043,CUS-1001,2024-03-15,1176.27,20,East,Gadget C
ORD-000044,CUS-1003,01/02/2024,1330.3,40,South,Widget A
ORD-000045,CUS-1003,2024-01-01,1424.86,13,West,nan
ORD-000046,CUS-1001,01/02/2024,1623.81,48,  Central  ,nan
ORD-000047,CUS-1001,2024-03-15,1171.91,48,West,nan
ORD-000048,CUS-1002,01/02/2024,763.96,30,East,Widget A
ORD-000049,CUS-1001,2024-01-01,702.3,15,East,Gadget C
ORD-000050,CUS-1001,2024-01-01,78.34,49,South,Widget A
ORD-000051,CUS-1001,2024-01-01,838.56,11,South,Widget A
ORD-000052,CUS-1003,2024-06-30,1738.87,43,North,Widget A
ORD-000053,CUS-1002,01/02/2024,-60.0,22,  Central  ,Gadget C
ORD-000054,CUS-1002,2024-01-01,1190.2,43,East,Widget A
ORD-000055,CUS-1003,2024-06-30,455.39,15,South,Widget A
ORD-000056,CUS-1002,2024-01-01,-494.5,36,North,Widget B
ORD-000057,CUS-1002,01/02/2024,369.02,36,South,Gadget C
ORD-000058,CUS-1001,2024-01-01,688.64,19,North,Widget A
ORD-000059,CUS-1001,2024-03-15,1173.13,2,West,Widget A
ORD-000060,CUS-1002,2024-03-15,100.31,15,West,Widget A
ORD-000061,CUS-1002,2024-03-15,629.71,34,West,Widget B
ORD-000062,CUS-1002,2024-01-01,186.16,39,East,Widget B
ORD-000063,CUS-1003,2024-01-01,336.26,21,West,Widget A
ORD-000064,CUS-1002,2024-01-01,-205.65,44,North,Widget B
ORD-000065,CUS-1002,2024-06-30,1388.71,39,East,Widget A
ORD-000066,CUS-1002,2024-01-01,542.18,5,East,Widget A
ORD-000067,CUS-1001,01/02/2024,49.96,17,  Central  ,Widget A
ORD-000068,CUS-1001,2024-03-15,804.11,26,South,Widget B
ORD-000069,CUS-1002,2024-01-01,449.83,1,South,Gadget C
ORD-000070,CUS-1001,2024-01-01,1558.78,14,North,Widget A
ORD-000071,CUS-1001,2024-01-01,1645.71,38,  Central  ,Widget B
ORD-000072,CUS-1003,01/02/2024,1345.23,42,South,Gadget C
ORD-000073,CUS-1001,2024-06-30,1229.86,7,North,Widget B
ORD-000074,CUS-1001,2024-01-01,1463.94,30,West,Widget A
ORD-000075,CUS-1001,2024-06-30,758.22,24,  Central  ,Widget A
ORD-000076,CUS-1001,2024-01-01,1305.78,42,East,Widget A
ORD-000077,CUS-1002,2024-01-01,845.26,41,South,Gadget C
ORD-000078,CUS-1002,2024-06-30,865.36,47,South,nan
ORD-000079,CUS-1003,not-a-date,1579.58,46,North,Widget A
ORD-000080,CUS-1002,2024-01-01,1584.24,37,North,Widget B
ORD-000081,CUS-1001,01/02/2024,806.89,13,South,Widget A
ORD-000082,CUS-1003,not-a-date,1874.93,13,West,Widget A
ORD-000083,CUS-1001,2024-03-15,1087.67,42,North,Widget A
ORD-000084,CUS-1001,01/02/2024,979.47,35,East,Widget A
ORD-000085,CUS-1001,2024-01-01,1008.08,39,South,Widget B
ORD-000086,CUS-1002,2024-01-01,1560.94,14,North,Widget A
ORD-000087,CUS-1002,01/02/2024,1935.41,46,South,Widget B
ORD-000088,CUS-1001,01/02/2024,1383.21,9,North,nan
ORD-000089,CUS-1002,2024-01-01,689.17,40,North,Gadget C
ORD-000090,CUS-1001,2024-01-01,1038.44,17,South,Widget A
ORD-000091,CUS-1002,2024-01-01,621.33,5,North,Widget A
ORD-000092,CUS-1002,2024-01-01,1310.82,41,South,Gadget C
ORD-000093,CUS-1001,2024-01-01,1998.45,47,North,nan
ORD-000094,CUS-1001,2024-01-01,1731.23,48,North,Widget B
ORD-000095,CUS-1002,2024-01-01,950.76,2,West,Widget A
ORD-000096,CUS-1001,not-a-date,690.95,23,West,Widget A
ORD-000097,CUS-1001,01/02/2024,910.94,17,South,Widget A
ORD-000098,CUS-1001,2024-01-01,639.32,17,  Central  ,Widget A
ORD-000099,nan,2024-01-01,1983.36,20,South,Widget A
ORD-000100,nan,2024-01-01,411.8,1,West,Widget B
ORD-000101,CUS-1002,01/02/2024,1621.42,24,South,Widget B
ORD-000102,CUS-1001,01/02/2024,834.55,4,South,Widget B
ORD-000103,nan,01/02/2024,1306.84,12,South,Gadget C
ORD-000104,CUS-1003,01/02/2024,1846.43,36,North,Gadget C
ORD-000105,CUS-1002,2024-01-01,1188.25,7,East,Widget A
ORD-000106,CUS-1002,2024-01-01,1237.49,34,North,Gadget C
ORD-000107,CUS-1001,2024-01-01,-366.15,42,  Central  ,Widget A
ORD-000108,CUS-1001,2024-01-01,266.36,48,South,Widget A
ORD-000109,nan,2024-01-01,1085.63,32,South,Widget A
ORD-000110,CUS-1002,2024-03-15,747.58,44,South,Gadget C
ORD-000111,CUS-1001,2024-01-01,1222.18,24,  Central  ,Widget A
ORD-000112,CUS-1001,01/02/2024,774.65,45,North,Widget A
ORD-000113,CUS-1002,2024-01-01,358.17,38,South,Gadget C
ORD-000114,CUS-1001,2024-01-01,1595.55,45,East,Gadget C
ORD-000115,CUS-1003,2024-03-15,1691.83,45,South,Gadget C
ORD-000116,CUS-1003,2024-01-01,1936.38,34,East,Widget A
ORD-000117,CUS-1002,2024-01-01,409.44,11,North,nan
ORD-000118,CUS-1002,2024-01-01,629.82,3,  Central  ,Widget A
ORD-000119,CUS-1002,2024-03-15,568.78,16,West,Widget A
ORD-000120,CUS-1002,2024-01-01,1860.92,15,North,Widget A
ORD-000121,CUS-1002,2024-06-30,1198.84,46,West,Widget A
ORD-000122,CUS-1001,2024-06-30,1845.64,2,North,Widget B
ORD-000123,CUS-1001,2024-03-15,1781.76,27,  Central  ,Widget B
ORD-000124,CUS-1001,2024-01-01,498.11,49,North,Widget B
ORD-000125,CUS-1002,01/02/2024,861.37,14,South,Widget B
ORD-000126,CUS-1001,2024-01-01,833.11,29,West,Widget B
ORD-000127,CUS-1001,not-a-date,-330.86,8,North,Gadget C
ORD-000128,CUS-1001,01/02/2024,1995.42,21,  Central  ,Widget A
ORD-000129,CUS-1002,2024-01-01,-190.48,49,East,Widget B
ORD-000130,CUS-1001,2024-01-01,1547.15,33,South,Gadget C
ORD-000131,nan,2024-03-15,462.97,27,North,Widget A
ORD-000132,CUS-1002,not-a-date,1481.38,48,East,Widget A
ORD-000133,CUS-1001,01/02/2024,413.4,43,East,Widget A
ORD-000134,CUS-1002,2024-01-01,1058.9,14,South,Widget B
ORD-000135,CUS-1001,2024-03-15,1338.87,32,South,Widget A
ORD-000136,nan,2024-03-15,869.44,32,East,Widget A
ORD-000137,CUS-1002,2024-03-15,1932.66,22,South,Widget A
ORD-000138,CUS-1003,2024-01-01,1414.04,9,East,Widget A
ORD-000139,CUS-1001,01/02/2024,323.08,43,South,Gadget C
ORD-000140,CUS-1002,not-a-date,750.56,8,  Central  ,Widget B
ORD-000141,CUS-1002,2024-01-01,634.83,18,East,Gadget C
ORD-000142,nan,2024-01-01,598.05,13,North,Widget A
ORD-000143,CUS-1002,2024-01-01,431.39,38,  Central  ,Widget B
ORD-000144,CUS-1002,2024-01-01,379.58,5,  Central  ,Widget B
ORD-000145,CUS-1001,2024-03-15,1741.62,23,  Central  ,Widget A
ORD-000146,CUS-1001,2024-01-01,1978.78,42,South,Widget A
ORD-000147,CUS-1002,01/02/2024,328.46,44,South,Widget A
ORD-000148,CUS-1002,2024-01-01,1584.6,11,North,Widget A
ORD-000149,CUS-1001,not-a-date,462.82,25,West,Widget B
ORD-000150,CUS-1003,2024-03-15,1048.12,24,West,Gadget C
ORD-000151,nan,01/02/2024,402.3,16,South,Widget A
ORD-000152,CUS-1001,2024-03-15,549.51,40,North,Widget A
ORD-000153,CUS-1002,2024-01-01,827.28,36,West,Widget A
ORD-000154,CUS-1001,2024-03-15,1413.04,5,South,Widget B
ORD-000155,CUS-1002,2024-03-15,953.32,43,East,Widget A
ORD-000156,CUS-1001,2024-01-01,1622.01,18,North,Gadget C
ORD-000157,CUS-1002,2024-06-30,202.22,42,North,Gadget C
ORD-000158,CUS-1002,2024-01-01,1147.98,38,South,Gadget C
ORD-000159,CUS-1003,01/02/2024,222.35,24,South,Widget B
ORD-000160,CUS-1001,2024-01-01,244.43,34,North,Gadget C
ORD-000161,nan,2024-03-15,624.72,22,South,Gadget C
ORD-000162,CUS-1001,2024-01-01,218.9,39,North,Widget A
ORD-000163,CUS-1001,2024-01-01,1553.16,8,  Central  ,Widget B
ORD-000164,CUS-1002,2024-01-01,1019.71,30,East,Widget B
ORD-000165,CUS-1001,2024-06-30,1292.67,2,North,Widget B
ORD-000166,CUS-1003,2024-01-01,121.96,36,North,Widget A
ORD-000167,CUS-1003,01/02/2024,457.36,46,South,Widget A
ORD-000168,CUS-1001,01/02/2024,1051.35,38,South,Gadget C
ORD-000169,nan,2024-03-15,173.2,36,East,Widget A
ORD-000170,CUS-1001,2024-01-01,329.56,41,West,Widget A
ORD-000171,CUS-1002,01/02/2024,53.54,29,East,Gadget C
ORD-000172,CUS-1001,2024-06-30,1823.86,31,South,Gadget C
ORD-000173,nan,2024-01-01,868.17,29,North,Gadget C
ORD-000174,CUS-1001,2024-01-01,99.59,24,North,nan
ORD-000175,CUS-1001,not-a-date,926.38,2,North,Widget A
ORD-000176,CUS-1002,2024-01-01,1776.22,4,South,Widget B
ORD-000177,nan,2024-01-01,388.0,23,North,Widget A
ORD-000178,nan,2024-01-01,483.35,14,South,Widget B
ORD-000179,CUS-1002,2024-03-15,1964.64,46,North,Widget B
ORD-000180,nan,2024-06-30,1709.28,49,West,nan
ORD-000181,nan,01/02/2024,1101.57,23,North,nan
ORD-000182,CUS-1002,01/02/2024,380.16,35,East,Widget B
ORD-000183,CUS-1001,2024-01-01,446.85,29,West,Widget A
ORD-000184,CUS-1003,2024-01-01,1724.3,13,West,Widget A
ORD-000185,CUS-1002,2024-01-01,1354.31,19,West,Widget B
ORD-000186,CUS-1001,2024-01-01,708.38,19,East,Widget A
ORD-000187,CUS-1001,2024-01-01,61.68,6,North,Widget A
ORD-000188,CUS-1002,01/02/2024,280.68,1,South,Widget A
ORD-000189,CUS-1001,2024-01-01,1461.17,16,South,Widget A
ORD-000190,nan,2024-01-01,1301.01,45,East,nan
ORD-000191,CUS-1001,2024-01-01,723.98,5,South,Widget A
ORD-000192,CUS-1001,2024-01-01,1188.0,26,North,Widget B
ORD-000193,CUS-1003,2024-01-01,1512.69,29,North,Widget B
ORD-000194,CUS-1001,2024-01-01,-491.21,33,South,Widget B
ORD-000195,CUS-1001,2024-01-01,486.63,49,West,Gadget C
ORD-000196,CUS-1002,01/02/2024,1903.49,20,West,Gadget C
ORD-000197,CUS-1003,2024-03-15,57.02,18,South,Widget A
ORD-000198,CUS-1001,not-a-date,1116.99,25,  Central  ,Widget A
ORD-000199,CUS-1001,2024-03-15,454.39,43,East,Widget A
ORD-000200,CUS-1003,01/02/2024,-396.52,29,West,Gadget C
ORD-000201,nan,2024-06-30,1127.99,3,West,Widget A
ORD-000202,CUS-1002,01/02/2024,399.45,22,East,Gadget C
ORD-000203,CUS-1001,01/02/2024,1016.72,25,  Central  ,Gadget C
ORD-000204,CUS-1001,2024-01-01,1044.28,44,South,Gadget C
ORD-000205,CUS-1001,2024-01-01,846.4,33,West,Widget B
ORD-000206,CUS-1001,2024-01-01,93.92,34,North,Widget B
ORD-000207,CUS-1002,2024-01-01,421.49,16,  Central  ,Widget B
ORD-000208,CUS-1001,2024-03-15,1937.94,36,West,Widget A
ORD-000209,CUS-1002,2024-01-01,385.1,5,South,Widget A
ORD-000210,CUS-1002,01/02/2024,922.94,10,East,Gadget C
ORD-000211,CUS-1002,not-a-date,-262.63,11,North,Widget B
ORD-000212,CUS-1001,2024-01-01,1516.13,23,East,Gadget C
ORD-000213,CUS-1003,2024-01-01,1160.4,4,West,Widget A
ORD-000214,CUS-1002,2024-01-01,-216.11,26,South,Widget A
ORD-000215,CUS-1002,2024-01-01,1277.58,44,West,Widget B
ORD-000216,CUS-1001,2024-06-30,1012.36,20,West,Widget A
ORD-000217,CUS-1001,01/02/2024,1921.64,1,  Central  ,Widget B
ORD-000218,nan,2024-03-15,1409.33,14,  Central  ,Widget A
ORD-000219,CUS-1001,01/02/2024,1380.76,4,North,Widget B
ORD-000220,CUS-1001,2024-03-15,1384.06,32,South,Widget A
ORD-000221,CUS-1002,2024-03-15,938.92,39,North,Widget A
ORD-000222,CUS-1002,2024-01-01,1288.95,15,South,Widget B
ORD-000223,nan,2024-01-01,1212.96,15,North,Widget B
ORD-000224,CUS-1001,2024-01-01,1777.7,16,South,nan
ORD-000225,nan,01/02/2024,1957.91,18,West,Widget B
ORD-000226,CUS-1001,not-a-date,-441.53,35,West,Widget B
ORD-000227,CUS-1002,01/02/2024,1205.64,16,East,Widget B
ORD-000228,CUS-1002,01/02/2024,587.63,19,North,Widget B
ORD-000229,CUS-1001,2024-06-30,1692.41,44,North,nan
ORD-000230,CUS-1001,2024-01-01,1424.25,38,North,Widget A
ORD-000231,CUS-1001,2024-01-01,1848.73,46,North,Widget B
ORD-000232,nan,2024-06-30,1213.96,18,West,Widget A
ORD-000233,CUS-1002,2024-06-30,1420.22,46,  Central  ,Widget A
ORD-000234,nan,01/02/2024,199.34,15,West,Widget B
ORD-000235,CUS-1003,2024-01-01,1217.39,16,  Central  ,Widget B
ORD-000236,CUS-1002,2024-06-30,759.8,47,North,Gadget C
ORD-000237,CUS-1003,2024-03-15,1021.1,10,South,Widget A
ORD-000238,CUS-1001,01/02/2024,659.88,41,North,Widget A
ORD-000239,CUS-1001,2024-01-01,581.62,41,North,Widget B
ORD-000240,CUS-1003,01/02/2024,1643.23,46,North,Widget B
ORD-000241,CUS-1003,2024-03-15,1119.67,42,East,Widget A
ORD-000242,CUS-1001,not-a-date,513.89,41,South,Widget B
ORD-000243,CUS-1002,01/02/2024,1535.76,18,  Central  ,Widget B
ORD-000244,CUS-1002,01/02/2024,158.86,28,North,Widget A
ORD-000245,CUS-1003,01/02/2024,593.37,29,East,Widget B
ORD-000246,CUS-1002,01/02/2024,679.25,15,East,Widget B
ORD-000247,CUS-1001,2024-01-01,363.4,20,West,Widget A
ORD-000248,CUS-1001,2024-01-01,1686.95,42,South,Widget B
ORD-000249,CUS-1002,2024-01-01,1351.06,1,North,Widget A
ORD-000250,CUS-1002,2024-03-15,1343.91,4,South,Gadget C
ORD-000251,CUS-1003,2024-01-01,1189.49,21,North,Widget B
ORD-000252,CUS-1002,2024-01-01,762.8,38,South,Widget A
ORD-000253,CUS-1001,2024-06-30,1321.43,44,North,Widget B
ORD-000254,CUS-1001,2024-03-15,1475.21,34,East,Widget A
ORD-000255,CUS-1002,2024-01-01,-143.06,43,  Central  ,nan
ORD-000256,CUS-1003,2024-01-01,946.74,8,North,Widget A
ORD-000257,CUS-1001,2024-03-15,454.81,6,South,Widget A
ORD-000258,CUS-1001,2024-01-01,177.16,25,South,nan
ORD-000259,CUS-1002,2024-01-01,92.19,16,North,Gadget C
ORD-000260,CUS-1001,2024-01-01,1431.35,44,South,Widget A
ORD-000261,CUS-1003,2024-01-01,703.81,4,West,Widget A
ORD-000262,CUS-1001,2024-03-15,1419.73,18,South,Gadget C
ORD-000263,CUS-1001,2024-01-01,1020.73,15,South,Widget A
ORD-000264,nan,01/02/2024,899.3,30,  Central  ,Gadget C
ORD-000265,CUS-1001,2024-01-01,1261.56,15,East,Widget B
ORD-000266,CUS-1001,2024-01-01,374.69,47,South,Gadget C
ORD-000267,CUS-1001,2024-01-01,1959.53,3,North,Widget B
ORD-000268,CUS-1001,not-a-date,667.15,4,  Central  ,Gadget C
ORD-000269,CUS-1001,2024-01-01,1540.68,44,  Central  ,Widget A
ORD-000270,CUS-1001,2024-01-01,503.26,26,East,nan
ORD-000271,CUS-1001,2024-01-01,941.18,42,North,Widget A
ORD-000272,CUS-1001,2024-03-15,1003.63,23,West,Widget A
ORD-000273,CUS-1002,2024-01-01,620.25,46,South,Gadget C
ORD-000274,CUS-1002,2024-06-30,703.76,24,North,Widget A
ORD-000275,CUS-1001,01/02/2024,876.22,37,North,Widget A
ORD-000276,CUS-1001,01/02/2024,1674.02,49,North,Widget B
ORD-000277,CUS-1002,01/02/2024,1005.1,38,North,Gadget C
ORD-000278,CUS-1003,2024-01-01,186.26,13,East,Widget B
ORD-000279,CUS-1003,2024-06-30,441.19,39,West,Widget A
ORD-000280,CUS-1001,2024-06-30,1972.19,19,  Central  ,Widget A
ORD-000281,CUS-1001,2024-01-01,188.85,34,  Central  ,Widget A
ORD-000282,CUS-1001,01/02/2024,1298.98,33,West,Widget B
ORD-000283,CUS-1001,2024-01-01,430.2,9,North,Widget A
ORD-000284,CUS-1002,01/02/2024,869.54,15,South,Gadget C
ORD-000285,CUS-1001,2024-03-15,720.47,9,North,nan
ORD-000286,CUS-1001,2024-06-30,1954.58,4,East,Gadget C
ORD-000287,CUS-1001,2024-01-01,1107.03,25,North,Widget A
ORD-000288,CUS-1002,01/02/2024,507.33,10,East,Widget B
ORD-000289,CUS-1001,2024-03-15,1211.12,34,South,Widget B
ORD-000290,CUS-1003,2024-01-01,152.08,12,East,Widget B
ORD-000291,CUS-1001,01/02/2024,1854.03,2,West,Gadget C
ORD-000292,nan,01/02/2024,695.04,8,South,Gadget C
ORD-000293,CUS-1001,2024-03-15,1767.91,27,  Central  ,Widget A
ORD-000294,CUS-1003,2024-06-30,1620.32,7,North,Widget A
ORD-000295,nan,2024-01-01,381.71,44,North,Widget B
ORD-000296,nan,2024-01-01,1924.98,37,East,Widget A
ORD-000297,CUS-1003,2024-01-01,1983.44,7,South,Widget B
ORD-000298,CUS-1003,2024-01-01,1612.53,43,West,Widget B
ORD-000299,CUS-1002,2024-01-01,-49.09,16,East,Widget B
ORD-000300,CUS-1003,not-a-date,1348.36,44,South,Widget A
ORD-000301,CUS-1001,2024-01-01,170.5,49,East,Widget B
ORD-000302,CUS-1002,01/02/2024,1843.03,13,West,Widget A
ORD-000303,CUS-1002,2024-01-01,451.3,17,North,Widget A
ORD-000304,CUS-1003,2024-01-01,1436.25,8,North,Widget B
ORD-000305,CUS-1002,2024-03-15,1605.05,2,West,Widget A
ORD-000306,CUS-1001,01/02/2024,1939.46,26,West,Gadget C
ORD-000307,CUS-1002,2024-01-01,1649.38,34,West,Widget A
ORD-000308,CUS-1001,2024-06-30,1637.91,28,South,Gadget C
ORD-000309,CUS-1001,2024-01-01,1413.71,49,West,Gadget C
ORD-000310,CUS-1002,2024-01-01,1157.53,6,South,Widget A
ORD-000311,CUS-1001,2024-01-01,93.35,12,East,Widget A
ORD-000312,CUS-1001,01/02/2024,1945.68,44,North,Widget A
ORD-000313,CUS-1001,2024-01-01,903.45,11,South,Gadget C
ORD-000314,CUS-1001,2024-03-15,1595.61,18,  Central  ,Widget A
ORD-000315,CUS-1001,01/02/2024,760.8,22,North,Gadget C
ORD-000316,CUS-1001,2024-01-01,917.56,11,North,Widget B
ORD-000317,CUS-1002,not-a-date,930.08,27,East,Gadget C
ORD-000318,CUS-1001,2024-01-01,1980.12,39,West,Gadget C
ORD-000319,nan,2024-01-01,430.58,40,South,Gadget C
ORD-000320,nan,2024-01-01,1008.51,23,West,Widget A
ORD-000321,CUS-1002,2024-01-01,317.83,49,  Central  ,Widget B
ORD-000322,CUS-1001,2024-01-01,993.3,16,East,Widget B
ORD-000323,CUS-1002,2024-01-01,1096.47,40,South,Widget B
ORD-000324,CUS-1003,01/02/2024,281.93,44,East,Gadget C
ORD-000325,CUS-1002,2024-01-01,1399.53,15,South,Widget B
ORD-000326,CUS-1003,2024-01-01,1657.7,3,North,Widget B
ORD-000327,CUS-1002,01/02/2024,1633.9,39,North,Widget B
ORD-000328,CUS-1002,2024-01-01,1461.15,5,South,Widget B
ORD-000329,CUS-1001,01/02/2024,290.36,31,South,Gadget C
ORD-000330,CUS-1002,01/02/2024,1246.72,25,North,Widget B
ORD-000331,CUS-1001,2024-01-01,1399.73,25,South,Widget A
ORD-000332,CUS-1002,2024-01-01,1521.11,37,West,Widget B
ORD-000333,CUS-1003,2024-01-01,1421.71,32,North,Gadget C
ORD-000334,CUS-1001,2024-01-01,1261.32,30,  Central  ,Widget A
ORD-000335,CUS-1002,01/02/2024,1458.21,22,North,Gadget C
ORD-000336,CUS-1001,2024-03-15,1706.12,35,South,Gadget C
ORD-000337,CUS-1002,01/02/2024,-259.49,31,West,Widget A
ORD-000338,CUS-1001,2024-01-01,299.14,29,North,Gadget C
ORD-000339,nan,2024-06-30,1633.75,37,East,Widget B
ORD-000340,CUS-1001,2024-01-01,1325.42,6,West,Gadget C
ORD-000341,nan,not-a-date,1376.36,1,East,Widget B
ORD-000342,CUS-1003,2024-03-15,595.47,2,North,Widget B
ORD-000343,CUS-1002,2024-01-01,307.82,31,East,Widget A
ORD-000344,CUS-1003,2024-01-01,1563.64,37,North,Widget A
ORD-000345,CUS-1003,2024-01-01,108.35,8,South,Widget A
ORD-000346,nan,2024-06-30,810.67,3,North,Widget B
ORD-000347,CUS-1001,2024-01-01,1022.63,17,West,Widget A
ORD-000348,CUS-1002,not-a-date,44.69,39,West,Gadget C
ORD-000349,CUS-1001,01/02/2024,1198.04,22,North,Widget A
ORD-000350,CUS-1002,2024-01-01,248.06,33,East,Widget B
ORD-000351,CUS-1001,01/02/2024,490.48,48,West,nan
ORD-000352,CUS-1002,2024-01-01,1987.2,26,South,Widget A
ORD-000353,CUS-1002,2024-01-01,1124.94,16,  Central  ,Widget A
ORD-000354,CUS-1002,2024-06-30,1936.86,2,North,Widget A
ORD-000355,CUS-1002,2024-01-01,990.34,41,North,nan
ORD-000356,CUS-1003,2024-06-30,1608.82,37,North,nan
ORD-000357,CUS-1003,2024-06-30,85.6,17,  Central  ,Widget B
ORD-000358,CUS-1002,2024-01-01,589.61,31,East,Widget B
ORD-000359,CUS-1002,01/02/2024,-203.03,12,North,Widget B
ORD-000360,nan,2024-01-01,148.9,33,South,Widget B
ORD-000361,CUS-1001,01/02/2024,1904.68,22,South,Widget B
ORD-000362,CUS-1001,2024-06-30,1014.31,10,West,Widget A
ORD-000363,CUS-1001,not-a-date,1190.01,5,South,Gadget C
ORD-000364,CUS-1002,2024-06-30,1045.72,1,North,Gadget C
ORD-000365,CUS-1001,2024-01-01,504.64,41,North,Gadget C
ORD-000366,CUS-1003,01/02/2024,1849.36,4,East,Widget A
ORD-000367,CUS-1002,2024-01-01,1341.3,25,North,Widget A
ORD-000368,CUS-1001,not-a-date,255.97,7,  Central  ,nan
ORD-000369,nan,2024-01-01,928.96,34,  Central  ,Widget A
ORD-000370,CUS-1003,2024-01-01,12.93,20,East,Widget A
ORD-000371,CUS-1001,2024-01-01,1352.74,40,East,Widget A
ORD-000372,CUS-1001,2024-01-01,1051.93,5,North,Widget A
ORD-000373,CUS-1001,2024-01-01,1809.35,21,North,Widget A
ORD-000374,CUS-1001,2024-01-01,1895.2,20,North,Widget A
ORD-000375,CUS-1001,not-a-date,205.37,23,East,Widget B
ORD-000376,nan,2024-03-15,188.1,15,North,Widget A
ORD-000377,CUS-1002,2024-01-01,1799.19,13,West,Widget A
ORD-000378,CUS-1001,2024-03-15,1029.08,47,West,Gadget C
ORD-000379,CUS-1002,2024-01-01,944.66,36,  Central  ,Widget A
ORD-000380,CUS-1002,2024-03-15,1145.87,23,West,Widget A
ORD-000381,nan,2024-01-01,938.14,41,East,Widget B
ORD-000382,CUS-1003,01/02/2024,1232.39,4,South,Widget B
ORD-000383,CUS-1002,2024-01-01,1898.65,29,  Central  ,Widget B
ORD-000384,CUS-1001,2024-01-01,-110.7,34,North,Widget A
ORD-000385,nan,01/02/2024,648.26,2,North,Gadget C
ORD-000386,CUS-1002,2024-03-15,434.63,35,East,Widget A
ORD-000387,nan,2024-03-15,1932.57,35,  Central  ,Widget A
ORD-000388,CUS-1001,2024-01-01,-25.74,26,North,Widget A
ORD-000389,CUS-1003,01/02/2024,1137.67,33,  Central  ,Widget B
ORD-000390,CUS-1002,2024-03-15,76.33,47,South,Widget B
ORD-000391,CUS-1001,2024-01-01,1837.59,17,East,Gadget C
ORD-000392,CUS-1002,2024-01-01,944.51,11,East,Widget B
ORD-000393,CUS-1002,2024-01-01,-76.47,21,East,Widget A
ORD-000394,CUS-1001,2024-01-01,344.05,47,  Central  ,Gadget C
ORD-000395,CUS-1002,2024-01-01,659.15,25,South,Widget A
ORD-000396,CUS-1003,2024-01-01,428.05,46,West,Gadget C
ORD-000397,CUS-1001,01/02/2024,-254.95,39,East,Widget A
ORD-000398,CUS-1002,01/02/2024,1953.5,6,West,Widget A
ORD-000399,CUS-1002,2024-03-15,835.41,34,West,nan
ORD-000400,CUS-1001,01/02/2024,1655.93,44,South,Gadget C
ORD-000401,nan,2024-01-01,1512.98,26,North,Widget A
ORD-000402,CUS-1003,2024-06-30,602.92,15,West,Widget B
ORD-000403,CUS-1001,2024-03-15,1164.01,40,North,Widget A
ORD-000404,nan,01/02/2024,1704.9,3,South,Widget A
ORD-000405,CUS-1003,2024-01-01,1226.54,43,East,Widget A
ORD-000406,CUS-1001,01/02/2024,537.21,4,North,nan
ORD-000407,CUS-1003,01/02/2024,1727.71,3,West,Widget B
ORD-000408,CUS-1001,01/02/2024,1116.77,26,South,Widget A
ORD-000409,nan,2024-03-15,1960.22,4,South,Widget B
ORD-000410,CUS-1002,2024-06-30,1314.7,36,West,Gadget C
ORD-000411,CUS-1002,2024-06-30,903.22,24,North,Widget B
ORD-000412,CUS-1001,01/02/2024,877.45,37,East,Widget A
ORD-000413,nan,2024-06-30,1761.41,39,North,nan
ORD-000414,CUS-1001,2024-06-30,1961.38,39,East,Gadget C
ORD-000415,CUS-1001,2024-01-01,826.6,6,South,Widget B
ORD-000416,CUS-1001,01/02/2024,334.41,42,West,Gadget C
ORD-000417,CUS-1003,2024-01-01,89.16,43,North,Widget A
ORD-000418,CUS-1001,2024-01-01,651.52,25,  Central  ,Widget A
ORD-000419,nan,2024-01-01,690.54,7,South,Widget B
ORD-000420,CUS-1002,2024-01-01,857.47,36,South,Gadget C
ORD-000421,CUS-1001,2024-01-01,298.6,35,North,Gadget C
ORD-000422,CUS-1001,2024-01-01,990.4,7,North,nan
ORD-000423,CUS-1001,2024-01-01,1887.3,40,North,Gadget C
ORD-000424,CUS-1002,01/02/2024,472.66,34,North,Gadget C
ORD-000425,CUS-1003,not-a-date,1372.67,3,East,Gadget C
ORD-000426,CUS-1001,2024-06-30,85.59,30,West,Widget A
ORD-000427,CUS-1003,2024-01-01,1291.18,42,North,Widget B
ORD-000428,CUS-1001,2024-01-01,1875.66,47,North,Widget A
ORD-000429,CUS-1003,not-a-date,571.87,42,North,Widget B
ORD-000430,nan,2024-01-01,1634.31,43,South,Widget B
ORD-000431,CUS-1003,2024-06-30,174.07,8,North,Gadget C
ORD-000432,CUS-1002,2024-03-15,722.89,2,North,Gadget C
ORD-000433,CUS-1003,01/02/2024,23.34,11,South,Widget A
ORD-000434,CUS-1001,2024-01-01,716.67,44,East,Gadget C
ORD-000435,CUS-1001,2024-01-01,626.58,43,North,Widget B
ORD-000436,CUS-1001,01/02/2024,1388.58,5,West,Widget B
ORD-000437,CUS-1002,2024-01-01,596.08,48,East,Widget B
ORD-000438,CUS-1002,2024-03-15,1647.96,11,West,Widget A
ORD-000439,CUS-1002,01/02/2024,590.0,24,South,Widget A
ORD-000440,CUS-1003,2024-01-01,454.41,30,South,Widget A
ORD-000441,CUS-1001,2024-01-01,994.11,7,  Central  ,Widget A
ORD-000442,CUS-1002,2024-01-01,1316.35,19,East,Widget A
ORD-000443,CUS-1001,2024-01-01,1778.57,14,North,Widget A
ORD-000444,CUS-1001,01/02/2024,1628.88,18,West,Gadget C
ORD-000445,CUS-1002,01/02/2024,1053.76,17,West,Widget B
ORD-000446,nan,2024-03-15,1956.8,23,  Central  ,Widget B
ORD-000447,CUS-1002,2024-01-01,600.07,31,East,Widget A
ORD-000448,CUS-1001,2024-01-01,1998.93,6,East,Widget B
ORD-000449,CUS-1002,2024-03-15,776.52,36,South,Gadget C
ORD-000450,CUS-1001,01/02/2024,532.19,6,East,Gadget C
ORD-000451,nan,2024-03-15,771.77,30,North,Widget B
ORD-000452,CUS-1002,01/02/2024,1175.78,10,West,Widget B
ORD-000453,CUS-1001,not-a-date,953.13,44,East,Gadget C
ORD-000454,CUS-1001,2024-01-01,109.87,16,East,Widget A
ORD-000455,CUS-1001,2024-01-01,718.45,1,East,Widget A
ORD-000456,nan,2024-03-15,988.72,5,North,Widget B
ORD-000457,CUS-1002,2024-01-01,-290.21,20,North,Widget A
ORD-000458,CUS-1003,2024-03-15,1906.57,48,East,Widget A
ORD-000459,CUS-1002,2024-01-01,-122.56,15,East,Gadget C
ORD-000460,CUS-1002,2024-01-01,1032.93,25,West,Widget A
ORD-000461,CUS-1001,2024-01-01,1142.49,37,East,Gadget C
ORD-000462,nan,2024-03-15,-105.21,12,South,Widget A
ORD-000463,CUS-1001,2024-03-15,1672.3,34,East,Widget A
ORD-000464,CUS-1002,2024-01-01,1493.0,21,East,Widget A
ORD-000465,CUS-1002,2024-01-01,1443.82,44,West,Widget A
ORD-000466,CUS-1002,2024-01-01,900.08,34,West,Widget A
ORD-000467,nan,2024-01-01,1739.21,16,East,Widget B
ORD-000468,CUS-1001,2024-03-15,1328.47,23,West,Widget B
ORD-000469,CUS-1002,2024-01-01,326.8,42,South,Widget A
ORD-000470,CUS-1001,2024-01-01,1200.77,19,West,Widget B
ORD-000471,CUS-1002,2024-01-01,628.01,27,North,Widget B
ORD-000472,CUS-1001,01/02/2024,414.1,42,West,Widget A
ORD-000473,CUS-1001,01/02/2024,1301.21,8,South,Widget A
ORD-000474,CUS-1001,01/02/2024,1288.08,42,East,Gadget C
ORD-000475,CUS-1001,01/02/2024,1909.89,41,West,Widget B
ORD-000476,CUS-1002,2024-06-30,1952.68,27,South,Widget A
ORD-000477,CUS-1002,2024-01-01,823.49,12,North,Widget A
ORD-000478,CUS-1002,not-a-date,365.25,7,West,Widget B
ORD-000479,CUS-1001,01/02/2024,289.51,38,South,Widget B
ORD-000480,CUS-1001,2024-01-01,1948.77,19,South,Widget B
ORD-000481,CUS-1001,2024-03-15,797.82,27,East,Widget A
ORD-000482,CUS-1002,01/02/2024,692.14,5,East,Widget B
ORD-000483,CUS-1001,01/02/2024,1246.08,26,North,Widget A
ORD-000484,CUS-1001,2024-01-01,124.05,4,East,Widget B
ORD-000485,CUS-1001,2024-01-01,1297.05,27,West,Widget A
ORD-000486,CUS-1002,not-a-date,1752.74,42,South,Widget A
ORD-000487,CUS-1001,2024-01-01,1451.3,48,South,Widget B
ORD-000488,CUS-1002,2024-01-01,840.73,42,East,Widget B
ORD-000489,CUS-1002,2024-01-01,241.12,29,North,Widget A
ORD-000490,CUS-1002,2024-01-01,490.07,37,  Central  ,Widget A
ORD-000491,CUS-1002,2024-03-15,538.2,3,North,Widget B
ORD-000492,CUS-1002,01/02/2024,776.0,34,East,Gadget C
ORD-000493,CUS-1001,2024-06-30,275.36,47,East,Widget A
ORD-000494,CUS-1003,2024-01-01,1155.55,8,West,Gadget C
ORD-000495,CUS-1002,2024-01-01,738.96,14,West,nan
ORD-000496,CUS-1002,2024-01-01,997.78,49,East,Widget B
ORD-000497,CUS-1002,2024-01-01,577.42,24,  Central  ,Widget B
ORD-000498,CUS-1001,2024-03-15,913.19,36,East,Gadget C
ORD-000499,CUS-1002,2024-01-01,1428.17,41,  Central  ,Gadget C
ORD-000500,CUS-1002,2024-01-01,185.57,47,North,Widget A
ORD-000501,nan,not-a-date,1025.09,5,West,Widget A
ORD-000502,nan,01/02/2024,1240.47,18,East,Widget B
ORD-000503,CUS-1002,2024-01-01,1338.68,12,West,Widget A
ORD-000504,CUS-1002,2024-03-15,1846.36,40,South,Widget A
ORD-000505,CUS-1003,01/02/2024,1564.43,43,East,Gadget C
ORD-000506,CUS-1001,not-a-date,1480.6,43,East,Gadget C
ORD-000507,CUS-1003,01/02/2024,1737.32,6,West,Widget A
ORD-000508,CUS-1002,2024-01-01,1829.7,33,East,Widget A
ORD-000509,CUS-1001,2024-01-01,1680.3,26,West,Widget B
ORD-000510,CUS-1001,2024-01-01,1231.85,36,South,Widget B
ORD-000511,CUS-1003,2024-03-15,1687.76,10,East,Widget A
ORD-000512,CUS-1001,01/02/2024,659.56,7,West,Gadget C
ORD-000513,CUS-1001,2024-03-15,1904.43,18,East,Gadget C
ORD-000514,CUS-1001,01/02/2024,355.19,18,South,Widget A
ORD-000515,CUS-1001,2024-01-01,466.14,39,South,Widget B
ORD-000516,CUS-1001,2024-01-01,325.47,10,West,Widget A
ORD-000517,CUS-1002,2024-01-01,1556.26,47,  Central  ,nan
ORD-000518,CUS-1001,2024-01-01,874.64,1,North,Widget A
ORD-000519,CUS-1003,01/02/2024,1478.68,29,North,Widget A
ORD-000520,CUS-1003,2024-06-30,1025.03,26,North,Widget A
ORD-000521,CUS-1001,2024-01-01,812.52,18,North,Widget A
ORD-000522,CUS-1001,01/02/2024,1793.79,6,North,Widget B
ORD-000523,CUS-1002,2024-01-01,869.97,4,West,Widget A
ORD-000524,CUS-1001,2024-03-15,1240.62,14,South,Widget B
ORD-000525,CUS-1001,2024-01-01,1718.61,20,South,Gadget C
ORD-000526,nan,01/02/2024,433.07,10,West,Widget A
ORD-000527,nan,2024-01-01,811.42,40,  Central  ,Widget A
ORD-000528,CUS-1003,2024-01-01,298.36,48,East,Widget A
ORD-000529,CUS-1001,01/02/2024,1089.95,38,North,Widget B
ORD-000530,CUS-1002,2024-01-01,1581.24,41,South,Widget A
ORD-000531,CUS-1002,2024-01-01,119.51,18,  Central  ,Widget B
ORD-000532,CUS-1001,2024-01-01,130.06,43,  Central  ,Widget B
ORD-000533,CUS-1002,2024-06-30,1484.97,9,South,nan
ORD-000534,CUS-1001,2024-01-01,1422.09,30,  Central  ,nan
ORD-000535,CUS-1001,01/02/2024,810.37,27,South,Widget A
ORD-000536,CUS-1002,not-a-date,727.78,24,West,Widget B
ORD-000537,CUS-1001,01/02/2024,571.25,41,  Central  ,Widget B
ORD-000538,CUS-1001,2024-01-01,132.9,17,North,Gadget C
ORD-000539,CUS-1003,01/02/2024,1031.96,28,South,Widget A
ORD-000540,nan,2024-01-01,1235.99,23,East,Widget A
ORD-000541,CUS-1002,01/02/2024,1732.07,27,South,Widget A
ORD-000542,CUS-1003,2024-01-01,1088.3,17,  Central  ,Widget A
ORD-000543,nan,2024-03-15,312.39,35,South,Gadget C
ORD-000544,CUS-1001,2024-03-15,623.27,29,West,Gadget C
ORD-000545,CUS-1002,2024-01-01,1572.2,7,North,Widget B
ORD-000546,CUS-1001,2024-01-01,-15.52,22,  Central  ,Widget B
ORD-000547,CUS-1001,2024-01-01,1544.51,31,West,Widget B
ORD-000548,CUS-1003,01/02/2024,832.84,5,North,Widget A
ORD-000549,CUS-1002,2024-01-01,144.36,4,North,Widget A
ORD-000550,CUS-1002,01/02/2024,1785.33,27,North,Widget A
ORD-000551,CUS-1001,01/02/2024,704.94,8,East,Widget A
ORD-000552,CUS-1001,2024-06-30,175.93,28,West,Widget B
ORD-000553,nan,2024-01-01,1177.91,3,West,Widget B
ORD-000554,CUS-1001,2024-01-01,1490.48,42,East,Widget A
ORD-000555,CUS-1001,2024-01-01,961.23,31,East,Gadget C
ORD-000556,CUS-1001,01/02/2024,1231.59,32,  Central  ,Widget B
ORD-000557,CUS-1002,2024-01-01,840.34,48,South,Widget A
ORD-000558,CUS-1002,2024-01-01,1629.23,31,West,Widget B
ORD-000559,CUS-1002,2024-01-01,1569.6,8,North,Widget A
ORD-000560,CUS-1001,2024-03-15,1442.74,45,North,Widget A
ORD-000561,CUS-1001,2024-06-30,-228.49,24,North,nan
ORD-000562,CUS-1003,2024-01-01,1037.55,33,  Central  ,Gadget C
ORD-000563,CUS-1002,2024-01-01,1572.84,44,West,Widget B
ORD-000564,CUS-1002,2024-01-01,497.3,24,  Central  ,Widget A
ORD-000565,CUS-1002,2024-01-01,525.81,42,South,Widget A
ORD-000566,CUS-1003,2024-06-30,1809.45,47,North,Widget B
ORD-000567,CUS-1001,2024-01-01,-40.72,21,North,Widget A
ORD-000568,CUS-1001,01/02/2024,1976.39,2,South,Widget A
ORD-000569,CUS-1002,2024-06-30,999.87,37,  Central  ,Widget B
ORD-000570,CUS-1001,01/02/2024,257.23,40,North,Gadget C
ORD-000571,CUS-1003,2024-01-01,26.42,3,  Central  ,Widget A
ORD-000572,CUS-1002,01/02/2024,1415.2,47,South,Gadget C
ORD-000573,CUS-1003,2024-01-01,1635.18,38,North,Widget A
ORD-000574,CUS-1003,2024-01-01,862.29,10,North,Widget A
ORD-000575,CUS-1002,2024-06-30,857.34,36,North,Gadget C
ORD-000576,nan,2024-01-01,1682.14,34,East,Widget A
ORD-000577,CUS-1002,2024-01-01,380.24,29,  Central  ,Gadget C
ORD-000578,CUS-1003,2024-01-01,136.25,28,  Central  ,Widget B
ORD-000579,CUS-1001,2024-01-01,1931.73,6,North,Widget A
ORD-000580,CUS-1002,01/02/2024,1089.37,46,East,Widget B
ORD-000581,CUS-1002,2024-03-15,1547.03,15,South,Widget A
ORD-000582,CUS-1001,01/02/2024,1909.94,15,South,Gadget C
ORD-000583,CUS-1001,2024-01-01,1622.74,9,East,Widget B
ORD-000584,nan,2024-01-01,-401.83,10,North,Gadget C
ORD-000585,CUS-1002,2024-01-01,1299.76,3,North,Widget A
ORD-000586,CUS-1001,01/02/2024,1268.17,41,  Central  ,Widget B
ORD-000587,CUS-1001,2024-03-15,1851.8,45,West,Widget B
ORD-000588,CUS-1001,01/02/2024,290.75,3,West,Gadget C
ORD-000589,CUS-1001,not-a-date,1394.47,9,East,Gadget C
ORD-000590,nan,2024-03-15,1727.02,22,South,Widget B
ORD-000591,CUS-1002,2024-01-01,724.57,11,South,Widget A
ORD-000592,CUS-1001,01/02/2024,1419.51,10,North,Widget A
ORD-000593,CUS-1002,2024-03-15,507.19,35,  Central  ,Widget B
ORD-000594,CUS-1001,2024-06-30,185.19,44,East,Widget A
ORD-000595,CUS-1001,2024-01-01,60.56,16,East,nan
ORD-000596,CUS-1002,01/02/2024,1064.56,26,East,Widget B
ORD-000597,CUS-1002,2024-01-01,112.82,20,  Central  ,Widget A
ORD-000598,nan,2024-03-15,1188.93,19,South,Widget B
ORD-000599,CUS-1002,2024-06-30,757.29,3,West,Gadget C
ORD-000600,CUS-1002,2024-06-30,23.67,35,North,Widget A
ORD-000601,CUS-1003,2024-01-01,460.69,46,North,Widget A
ORD-000602,nan,2024-01-01,1479.43,38,  Central  ,Widget B
ORD-000603,CUS-1002,2024-03-15,763.8,49,North,Widget A
ORD-000604,nan,01/02/2024,1453.85,41,East,Widget A
ORD-000605,CUS-1003,2024-06-30,1631.8,19,South,Widget A
ORD-000606,CUS-1003,2024-01-01,1595.92,41,South,Gadget C
ORD-000607,CUS-1001,2024-03-15,1344.5,11,  Central  ,Gadget C
ORD-000608,CUS-1002,01/02/2024,1495.71,20,South,Gadget C
ORD-000609,CUS-1002,2024-01-01,1143.89,35,North,Widget A
ORD-000610,CUS-1002,2024-01-01,934.87,15,North,Widget A
ORD-000611,CUS-1002,2024-03-15,132.8,38,  Central  ,Gadget C
ORD-000612,nan,2024-01-01,1950.46,10,  Central  ,Widget B
ORD-000613,nan,2024-03-15,1682.09,8,South,Widget A
ORD-000614,CUS-1001,01/02/2024,1347.13,37,East,Widget B
ORD-000615,CUS-1002,2024-01-01,1291.75,24,East,Widget B
ORD-000616,CUS-1002,2024-01-01,1157.85,46,  Central  ,Widget B
ORD-000617,CUS-1001,2024-06-30,197.9,10,East,Widget A
ORD-000618,CUS-1001,2024-03-15,645.61,36,West,Widget B
ORD-000619,CUS-1001,2024-03-15,685.84,12,North,Widget A
ORD-000620,CUS-1003,2024-03-15,1589.47,24,South,Gadget C
ORD-000621,CUS-1002,01/02/2024,1213.87,25,West,Gadget C
ORD-000622,nan,2024-06-30,802.31,42,North,Gadget C
ORD-000623,CUS-1002,01/02/2024,662.9,20,South,Widget A
ORD-000624,nan,01/02/2024,1709.21,18,  Central  ,Widget A
ORD-000625,CUS-1001,2024-01-01,-293.52,24,West,Widget B
ORD-000626,CUS-1003,2024-01-01,1628.07,48,North,Widget A
ORD-000627,CUS-1001,2024-03-15,796.87,19,South,Widget A
ORD-000628,CUS-1002,2024-01-01,963.69,27,South,Gadget C
ORD-000629,CUS-1003,2024-03-15,1150.82,4,North,Widget A
ORD-000630,nan,2024-06-30,391.71,30,South,Widget A
ORD-000631,CUS-1003,2024-01-01,730.94,4,North,Gadget C
ORD-000632,CUS-1001,2024-01-01,987.34,1,  Central  ,Widget A
ORD-000633,CUS-1001,01/02/2024,1344.05,13,East,Gadget C
ORD-000634,CUS-1001,2024-01-01,904.5,10,North,Widget B
ORD-000635,CUS-1001,2024-03-15,317.66,26,South,Widget B
ORD-000636,CUS-1002,01/02/2024,855.96,11,North,Widget A
ORD-000637,CUS-1002,2024-01-01,1067.42,11,West,Widget A
ORD-000638,CUS-1003,01/02/2024,1305.04,44,East,Gadget C
ORD-000639,CUS-1003,01/02/2024,1709.07,31,East,Widget B
ORD-000640,CUS-1002,2024-01-01,472.67,1,West,Widget A
ORD-000641,CUS-1003,2024-01-01,1123.86,38,South,Widget A
ORD-000642,CUS-1001,2024-01-01,840.58,36,South,Widget A
ORD-000643,CUS-1001,not-a-date,1377.03,44,North,Gadget C
ORD-000644,CUS-1002,2024-01-01,1749.8,27,North,Widget B
ORD-000645,CUS-1003,2024-01-01,959.41,47,North,Widget B
ORD-000646,CUS-1001,2024-01-01,1689.91,47,North,Gadget C
ORD-000647,CUS-1002,2024-01-01,14.02,18,East,Widget B
ORD-000648,CUS-1002,2024-01-01,1825.33,4,North,Widget A
ORD-000649,CUS-1001,2024-03-15,1579.09,47,North,Widget A
ORD-000650,CUS-1001,2024-01-01,276.34,33,North,Gadget C
ORD-000651,nan,01/02/2024,1353.85,43,South,Widget A
ORD-000652,CUS-1002,2024-01-01,1033.32,4,North,Gadget C
ORD-000653,CUS-1001,2024-01-01,1941.7,16,North,Widget A
ORD-000654,CUS-1003,2024-01-01,615.65,1,  Central  ,Widget A
ORD-000655,CUS-1001,2024-03-15,1221.92,19,North,Widget A
ORD-000656,CUS-1003,2024-06-30,1050.49,37,East,Widget B
ORD-000657,CUS-1001,2024-01-01,450.04,9,West,Widget B
ORD-000658,CUS-1002,2024-06-30,1629.21,19,  Central  ,Widget A
ORD-000659,CUS-1001,2024-01-01,-108.33,43,South,Widget A
ORD-000660,CUS-1001,01/02/2024,1092.83,15,South,Widget A
ORD-000661,nan,2024-03-15,-214.46,26,South,Widget A
ORD-000662,CUS-1001,2024-01-01,1854.06,22,East,Widget A
ORD-000663,CUS-1001,2024-01-01,1637.8,11,South,Widget A
ORD-000664,CUS-1001,2024-01-01,313.24,46,South,Gadget C
ORD-000665,CUS-1002,01/02/2024,1789.37,40,  Central  ,Widget B
ORD-000666,CUS-1003,2024-01-01,618.56,20,South,Gadget C
ORD-000667,nan,not-a-date,1144.46,42,North,Widget B
ORD-000668,CUS-1001,2024-01-01,1949.74,25,  Central  ,Widget A
ORD-000669,CUS-1001,2024-06-30,469.61,32,East,nan
ORD-000670,CUS-1001,2024-01-01,407.51,15,West,Widget A
ORD-000671,CUS-1002,01/02/2024,1705.35,20,South,Gadget C
ORD-000672,nan,2024-01-01,35.99,46,North,Gadget C
ORD-000673,CUS-1002,2024-01-01,356.72,11,North,Widget A
ORD-000674,CUS-1002,2024-01-01,661.38,21,West,Widget A
ORD-000675,CUS-1001,01/02/2024,1479.18,38,  Central  ,Widget A
ORD-000676,nan,2024-01-01,966.13,17,  Central  ,Widget B
ORD-000677,CUS-1002,01/02/2024,792.72,38,West,Widget A
ORD-000678,CUS-1001,2024-06-30,1838.3,20,West,Gadget C
ORD-000679,CUS-1001,2024-01-01,1514.26,26,South,nan
ORD-000680,CUS-1001,2024-01-01,1269.33,49,South,Widget A
ORD-000681,CUS-1001,2024-01-01,686.67,37,North,Widget A
ORD-000682,CUS-1001,2024-01-01,1719.18,46,East,nan
ORD-000683,CUS-1002,2024-01-01,513.65,10,  Central  ,Widget A
ORD-000684,CUS-1002,2024-03-15,1892.38,41,East,Widget B
ORD-000685,CUS-1001,2024-01-01,528.33,26,South,Widget B
ORD-000686,CUS-1002,2024-01-01,1641.97,38,South,Gadget C
ORD-000687,nan,01/02/2024,1829.28,16,South,Widget B
ORD-000688,CUS-1003,2024-01-01,460.76,36,South,Widget A
ORD-000689,CUS-1002,01/02/2024,466.57,49,  Central  ,Widget B
ORD-000690,CUS-1001,2024-06-30,166.41,25,West,Widget A
ORD-000691,nan,2024-01-01,689.25,21,South,Widget B
ORD-000692,CUS-1001,01/02/2024,1005.51,26,South,Widget A
ORD-000693,CUS-1001,2024-03-15,181.06,11,North,Widget A
ORD-000694,nan,01/02/2024,-473.41,28,North,Widget A
ORD-000695,CUS-1002,2024-03-15,850.09,10,South,Widget B
ORD-000696,CUS-1002,2024-03-15,368.47,34,South,Widget B
ORD-000697,CUS-1002,01/02/2024,1549.25,49,North,Widget A
ORD-000698,CUS-1002,01/02/2024,651.68,38,South,Widget A
ORD-000699,CUS-1001,2024-03-15,102.22,49,South,Widget B
ORD-000700,CUS-1001,01/02/2024,317.5,22,South,Widget A
ORD-000701,CUS-1001,01/02/2024,-125.38,40,South,Widget B
ORD-000702,CUS-1001,2024-01-01,300.12,28,East,Gadget C
ORD-000703,CUS-1003,2024-03-15,438.95,24,West,Widget A
ORD-000704,CUS-1001,2024-01-01,421.12,31,South,Gadget C
ORD-000705,CUS-1002,2024-01-01,843.18,33,  Central  ,Widget A
ORD-000706,CUS-1003,2024-01-01,1052.92,3,East,Widget B
ORD-000707,CUS-1003,2024-01-01,1248.92,35,East,Gadget C
ORD-000708,CUS-1002,01/02/2024,1819.67,26,South,Gadget C
ORD-000709,CUS-1002,2024-01-01,1379.26,7,  Central  ,Widget A
ORD-000710,nan,01/02/2024,405.19,9,East,Gadget C
ORD-000711,CUS-1002,01/02/2024,903.89,8,West,Widget B
ORD-000712,CUS-1003,2024-01-01,1461.73,41,East,Widget B
ORD-000713,nan,2024-01-01,1114.71,20,West,Widget B
ORD-000714,CUS-1003,01/02/2024,347.01,22,West,Widget B
ORD-000715,CUS-1001,2024-03-15,1577.13,19,West,Widget A
ORD-000716,CUS-1002,2024-01-01,401.33,36,North,Gadget C
ORD-000717,CUS-1001,2024-01-01,695.18,23,East,Widget A
ORD-000718,CUS-1002,2024-01-01,1469.99,49,East,Widget A
ORD-000719,nan,2024-01-01,1939.02,15,South,Widget A
ORD-000720,CUS-1002,2024-01-01,1781.85,47,South,Widget A
ORD-000721,CUS-1002,2024-06-30,1939.93,31,West,Widget A
ORD-000722,CUS-1001,2024-01-01,799.52,32,South,Widget A
ORD-000723,nan,2024-01-01,877.34,37,East,Widget B
ORD-000724,CUS-1001,not-a-date,334.11,43,South,Gadget C
ORD-000725,CUS-1001,01/02/2024,950.51,43,East,Widget A
ORD-000726,CUS-1001,2024-01-01,1563.06,44,  Central  ,Gadget C
ORD-000727,CUS-1001,01/02/2024,147.16,21,West,Widget B
ORD-000728,CUS-1002,2024-06-30,644.84,39,East,Widget B
ORD-000729,CUS-1002,2024-01-01,1851.88,15,North,Widget A
ORD-000730,CUS-1001,2024-01-01,373.29,25,North,Gadget C
ORD-000731,CUS-1001,not-a-date,601.28,8,North,Widget B
ORD-000732,CUS-1001,2024-03-15,1870.77,22,South,Widget A
ORD-000733,CUS-1001,2024-06-30,-494.5,28,North,Widget A
ORD-000734,CUS-1001,2024-01-01,1663.52,41,South,Widget B
ORD-000735,CUS-1002,2024-06-30,581.33,2,South,Gadget C
ORD-000736,CUS-1001,2024-01-01,521.45,30,North,Widget B
ORD-000737,CUS-1001,2024-03-15,382.31,43,West,Widget A
ORD-000738,CUS-1001,not-a-date,134.71,39,  Central  ,Widget A
ORD-000739,CUS-1001,2024-01-01,836.57,24,South,Widget A
ORD-000740,CUS-1001,2024-01-01,1429.7,21,South,Widget B
ORD-000741,CUS-1001,01/02/2024,1015.63,30,North,Widget B
ORD-000742,CUS-1003,2024-03-15,-323.24,35,North,Widget B
ORD-000743,CUS-1001,2024-01-01,416.83,20,East,Widget B
ORD-000744,CUS-1002,not-a-date,1370.18,27,East,Widget B
ORD-000745,CUS-1002,2024-01-01,-267.35,1,West,Widget A
ORD-000746,CUS-1001,2024-01-01,73.84,16,East,Widget A
ORD-000747,CUS-1002,2024-01-01,1929.44,39,North,Widget B
ORD-000748,CUS-1003,2024-06-30,1885.56,21,West,Widget A
ORD-000749,CUS-1003,2024-01-01,436.77,24,West,Widget A
ORD-000750,CUS-1001,01/02/2024,484.79,46,West,Widget A
ORD-000751,CUS-1001,2024-01-01,1164.41,20,  Central  ,Widget B
ORD-000752,CUS-1001,2024-06-30,860.56,22,West,Widget A
ORD-000753,CUS-1002,2024-03-15,1776.7,38,South,Widget A
ORD-000754,CUS-1002,2024-01-01,859.55,42,West,Widget A
ORD-000755,CUS-1001,2024-01-01,280.3,18,West,Widget B
ORD-000756,CUS-1001,2024-01-01,1097.84,9,South,Widget B
ORD-000757,nan,2024-01-01,235.37,32,South,Widget B
ORD-000758,CUS-1001,2024-03-15,-261.75,6,East,nan
ORD-000759,CUS-1002,01/02/2024,1158.79,36,North,Widget A
ORD-000760,CUS-1002,2024-01-01,1891.23,24,East,Widget A
ORD-000761,CUS-1001,2024-03-15,593.78,49,South,Gadget C
ORD-000762,CUS-1001,2024-01-01,1302.36,15,South,Widget B
ORD-000763,CUS-1001,2024-01-01,10.36,38,South,Widget A
ORD-000764,nan,2024-01-01,1744.18,1,  Central  ,Widget B
ORD-000765,CUS-1001,2024-01-01,641.02,2,  Central  ,Widget A
ORD-000766,CUS-1001,01/02/2024,489.24,22,  Central  ,Gadget C
ORD-000767,CUS-1001,2024-01-01,213.98,31,East,Gadget C
ORD-000768,CUS-1001,01/02/2024,1572.65,9,West,Gadget C
ORD-000769,CUS-1002,2024-01-01,-59.52,31,North,Widget B
ORD-000770,CUS-1001,01/02/2024,1239.57,33,East,Widget A
ORD-000771,CUS-1002,2024-01-01,637.91,7,South,Widget A
ORD-000772,CUS-1002,2024-01-01,1425.17,43,North,Widget B
ORD-000773,CUS-1003,2024-01-01,1931.95,37,West,Widget A
ORD-000774,CUS-1001,2024-01-01,556.98,17,North,Widget A
ORD-000775,CUS-1003,2024-01-01,1243.23,19,West,Widget A
ORD-000776,CUS-1002,2024-01-01,747.37,14,  Central  ,nan
ORD-000777,CUS-1001,2024-03-15,1023.77,31,South,Gadget C
ORD-000778,CUS-1003,2024-01-01,175.75,34,North,Widget B
ORD-000779,CUS-1003,2024-03-15,416.68,14,West,Gadget C
ORD-000780,CUS-1001,01/02/2024,1590.53,27,West,Gadget C
ORD-000781,nan,01/02/2024,696.43,9,West,Widget A
ORD-000782,CUS-1002,01/02/2024,12.01,21,West,Widget B
ORD-000783,CUS-1002,2024-01-01,648.49,20,West,Widget A
ORD-000784,nan,2024-03-15,1342.67,19,West,Widget A
ORD-000785,CUS-1001,2024-03-15,1943.46,11,North,Widget B
ORD-000786,CUS-1003,2024-03-15,1709.7,2,  Central  ,Widget A
ORD-000787,CUS-1001,2024-01-01,1516.16,49,West,Widget B
ORD-000788,CUS-1003,01/02/2024,1859.34,20,East,Widget B
ORD-000789,CUS-1002,2024-01-01,1322.26,36,South,Widget A
ORD-000790,CUS-1001,2024-01-01,1043.16,43,  Central  ,Widget A
ORD-000791,CUS-1001,2024-01-01,1083.79,2,North,Gadget C
ORD-000792,CUS-1001,2024-01-01,1889.03,20,West,Widget B
ORD-000793,CUS-1001,01/02/2024,14.25,19,North,Gadget C
ORD-000794,CUS-1001,not-a-date,1036.17,32,East,Widget A
ORD-000795,CUS-1001,2024-01-01,1540.47,45,South,Widget B
ORD-000796,CUS-1001,01/02/2024,85.84,34,North,Widget A
ORD-000797,CUS-1001,01/02/2024,1648.13,30,North,Widget A
ORD-000798,CUS-1002,2024-06-30,1689.51,12,South,Widget A
ORD-000799,CUS-1002,01/02/2024,1051.95,24,South,Widget A
ORD-000800,CUS-1002,2024-01-01,-268.54,37,North,nan
ORD-000801,CUS-1001,2024-01-01,293.84,27,South,Widget B
ORD-000802,nan,01/02/2024,1886.7,30,East,Widget A
ORD-000803,CUS-1002,2024-01-01,107.2,15,West,Gadget C
ORD-000804,CUS-1001,2024-06-30,84.13,23,South,Widget A
ORD-000805,CUS-1001,2024-06-30,1052.8,20,East,Widget A
ORD-000806,CUS-1002,2024-06-30,1473.13,25,East,Widget A
ORD-000807,CUS-1001,2024-01-01,1403.11,10,West,Widget A
ORD-000808,CUS-1002,2024-03-15,1104.92,32,  Central  ,Widget A
ORD-000809,nan,01/02/2024,1569.4,35,  Central  ,Gadget C
ORD-000810,CUS-1001,2024-01-01,1219.36,38,West,Widget B
ORD-000811,CUS-1001,2024-01-01,-441.36,12,West,Gadget C
ORD-000812,nan,2024-01-01,240.42,21,South,Widget A
ORD-000813,CUS-1002,2024-01-01,1963.03,21,North,Widget A
ORD-000814,CUS-1001,2024-06-30,1762.64,44,East,Widget B
ORD-000815,nan,2024-03-15,1791.59,46,East,Widget B
ORD-000816,nan,2024-01-01,733.58,24,East,Widget B
ORD-000817,CUS-1002,01/02/2024,1894.26,20,West,Widget B
ORD-000818,CUS-1002,2024-01-01,291.59,2,East,Widget A
ORD-000819,CUS-1001,2024-01-01,165.0,17,North,Widget B
ORD-000820,CUS-1001,2024-01-01,803.45,4,  Central  ,Gadget C
ORD-000821,CUS-1002,01/02/2024,1866.84,21,West,Widget B
ORD-000822,CUS-1001,01/02/2024,1936.05,19,North,Gadget C
ORD-000823,CUS-1002,2024-03-15,992.12,13,East,Widget A
ORD-000824,CUS-1003,not-a-date,1506.32,48,  Central  ,Widget A
ORD-000825,CUS-1001,2024-01-01,1081.09,36,East,Gadget C
ORD-000826,CUS-1002,2024-03-15,235.78,32,East,Gadget C
ORD-000827,CUS-1001,2024-01-01,1309.74,34,  Central  ,Widget B
ORD-000828,CUS-1003,2024-01-01,302.26,17,West,Widget A
ORD-000829,CUS-1001,01/02/2024,1315.84,13,East,Widget A
ORD-000830,CUS-1002,2024-01-01,488.48,42,South,Widget A
ORD-000831,CUS-1002,2024-01-01,534.03,21,West,Widget A
ORD-000832,CUS-1001,2024-01-01,-420.18,35,West,Gadget C
ORD-000833,CUS-1002,2024-01-01,935.23,27,North,Widget A
ORD-000834,CUS-1002,2024-06-30,1662.17,2,East,Widget A
ORD-000835,CUS-1002,2024-01-01,1363.75,43,East,Widget A
ORD-000836,CUS-1003,01/02/2024,597.05,1,North,Widget A
ORD-000837,nan,2024-06-30,1556.46,17,West,Widget B
ORD-000838,CUS-1001,01/02/2024,138.71,37,West,Widget A
ORD-000839,CUS-1002,2024-01-01,1472.31,29,North,Gadget C
ORD-000840,CUS-1001,2024-06-30,776.93,41,West,Widget A
ORD-000841,CUS-1003,2024-01-01,611.2,47,North,Gadget C
ORD-000842,CUS-1002,2024-01-01,1050.1,35,North,Widget A
ORD-000843,CUS-1001,01/02/2024,1815.17,13,North,nan
ORD-000844,CUS-1001,2024-01-01,520.93,1,East,Widget B
ORD-000845,nan,2024-03-15,1998.78,36,  Central  ,Gadget C
ORD-000846,CUS-1001,2024-01-01,1181.87,16,East,Gadget C
ORD-000847,CUS-1002,01/02/2024,511.7,33,South,Widget B
ORD-000848,CUS-1001,2024-03-15,1385.3,25,North,Widget A
ORD-000849,nan,2024-06-30,1473.43,8,North,Widget A
ORD-000850,CUS-1001,2024-01-01,1067.72,18,North,Widget A
ORD-000851,CUS-1001,2024-01-01,269.87,49,East,Widget A
ORD-000852,CUS-1003,2024-06-30,1632.06,16,  Central  ,Widget A
ORD-000853,nan,01/02/2024,1622.38,39,  Central  ,Widget A
ORD-000854,CUS-1001,2024-01-01,1532.81,35,North,Widget A
ORD-000855,CUS-1002,2024-01-01,1513.86,22,North,Gadget C
ORD-000856,CUS-1002,2024-03-15,768.84,38,East,Gadget C
ORD-000857,CUS-1003,01/02/2024,990.53,28,East,Gadget C
ORD-000858,CUS-1001,01/02/2024,1326.31,31,North,Widget A
ORD-000859,CUS-1002,not-a-date,339.73,18,  Central  ,nan
ORD-000860,CUS-1002,2024-01-01,1212.41,47,East,Widget A
ORD-000861,CUS-1002,2024-01-01,229.29,13,East,Widget A
ORD-000862,CUS-1003,01/02/2024,1697.18,27,West,Widget A
ORD-000863,CUS-1002,not-a-date,248.46,44,South,Widget A
ORD-000864,CUS-1001,2024-01-01,1547.11,35,West,Widget A
ORD-000865,nan,01/02/2024,451.78,29,  Central  ,nan
ORD-000866,CUS-1003,2024-01-01,1857.45,4,  Central  ,Widget B
ORD-000867,CUS-1003,2024-01-01,1319.35,19,North,Widget B
ORD-000868,CUS-1001,2024-06-30,867.98,22,North,Widget A
ORD-000869,CUS-1001,2024-01-01,96.83,42,West,Widget B
ORD-000870,CUS-1002,2024-01-01,1218.27,42,North,Widget B
ORD-000871,CUS-1001,2024-03-15,762.29,22,East,Gadget C
ORD-000872,nan,2024-01-01,1598.61,18,West,Widget A
ORD-000873,CUS-1001,2024-01-01,1587.51,10,North,Widget A
ORD-000874,CUS-1002,2024-03-15,1377.2,24,North,Widget A
ORD-000875,nan,2024-01-01,542.97,8,East,Widget B
ORD-000876,CUS-1001,01/02/2024,354.18,9,  Central  ,Widget B
ORD-000877,CUS-1001,2024-01-01,999.15,47,East,Widget B
ORD-000878,CUS-1002,2024-01-01,910.18,27,  Central  ,Widget B
ORD-000879,CUS-1002,01/02/2024,1349.16,19,West,Widget A
ORD-000880,CUS-1001,2024-01-01,1070.3,21,South,Widget A
ORD-000881,CUS-1002,not-a-date,994.92,20,North,Gadget C
ORD-000882,nan,2024-06-30,966.78,42,East,Widget A
ORD-000883,CUS-1002,2024-03-15,1013.45,27,South,Widget A
ORD-000884,CUS-1001,2024-01-01,1745.6,32,North,Widget A
ORD-000885,CUS-1001,2024-01-01,-65.32,29,South,Widget A
ORD-000886,CUS-1001,not-a-date,47.34,28,East,Widget B
ORD-000887,CUS-1001,2024-01-01,451.48,22,  Central  ,Widget B
ORD-000888,CUS-1001,2024-03-15,627.47,38,  Central  ,Widget B
ORD-000889,CUS-1002,2024-03-15,1228.71,46,West,Widget A
ORD-000890,CUS-1001,2024-01-01,1686.84,17,North,Widget A
ORD-000891,nan,2024-01-01,1428.98,17,South,Widget A
ORD-000892,CUS-1001,01/02/2024,-434.25,38,North,Widget A
ORD-000893,CUS-1001,01/02/2024,11.41,6,East,Widget B
ORD-000894,CUS-1003,2024-01-01,388.34,23,East,Widget A
ORD-000895,nan,01/02/2024,183.32,49,South,Widget A
ORD-000896,CUS-1001,2024-03-15,1330.55,35,North,Widget A
ORD-000897,CUS-1001,2024-01-01,859.66,11,  Central  ,Widget B
ORD-000898,CUS-1001,2024-01-01,629.48,21,North,Widget A
ORD-000899,CUS-1002,2024-03-15,632.19,47,West,Widget A
ORD-000900,CUS-1002,2024-03-15,1787.02,26,East,Widget A
ORD-000901,CUS-1001,2024-06-30,160.26,42,East,Widget B
ORD-000902,CUS-1001,2024-01-01,633.67,40,North,Widget A
ORD-000903,CUS-1002,not-a-date,1004.78,39,West,Widget A
ORD-000904,nan,2024-03-15,829.06,32,East,Gadget C
ORD-000905,CUS-1002,2024-03-15,1378.17,7,East,nan
ORD-000906,CUS-1002,2024-01-01,1218.9,15,West,Widget B
ORD-000907,CUS-1001,2024-01-01,1602.94,2,North,Widget A
ORD-000908,CUS-1001,01/02/2024,1689.89,22,South,Gadget C
ORD-000909,CUS-1001,2024-01-01,805.88,9,West,Widget A
ORD-000910,CUS-1003,2024-01-01,1733.48,30,South,Widget B
ORD-000911,CUS-1003,2024-06-30,1268.01,20,West,Widget B
ORD-000912,nan,2024-01-01,1722.15,47,South,Widget B
ORD-000913,nan,2024-06-30,936.09,39,West,Widget A
ORD-000914,nan,01/02/2024,60.88,12,West,Widget A
ORD-000915,nan,2024-03-15,1319.37,20,West,Widget A
ORD-000916,CUS-1001,2024-01-01,-231.15,21,East,Widget A
ORD-000917,CUS-1001,01/02/2024,1861.27,2,East,Widget B
ORD-000918,CUS-1001,01/02/2024,312.56,36,West,Widget A
ORD-000919,CUS-1002,2024-06-30,984.21,4,South,Widget B
ORD-000920,CUS-1001,2024-01-01,1746.89,41,  Central  ,Gadget C
ORD-000921,CUS-1003,2024-01-01,838.9,23,West,Widget B
ORD-000922,CUS-1002,2024-06-30,-251.54,23,South,Gadget C
ORD-000923,CUS-1002,2024-01-01,1995.22,2,South,Widget A
ORD-000924,CUS-1001,01/02/2024,-444.67,31,West,Widget B
ORD-000925,CUS-1001,2024-01-01,388.16,38,South,Widget B
ORD-000926,CUS-1001,2024-01-01,86.96,21,North,Widget B
ORD-000927,CUS-1003,01/02/2024,928.12,13,North,Widget B
ORD-000928,CUS-1002,01/02/2024,-474.71,49,West,Widget A
ORD-000929,CUS-1002,01/02/2024,1840.67,24,South,Widget B
ORD-000930,CUS-1001,2024-01-01,1586.06,33,North,Widget A
ORD-000931,CUS-1001,2024-03-15,135.1,39,South,Widget A
ORD-000932,CUS-1001,2024-06-30,1635.46,29,East,Widget A
ORD-000933,CUS-1003,2024-01-01,148.37,28,South,Widget B
ORD-000934,CUS-1003,2024-01-01,37.96,34,North,Widget A
ORD-000935,CUS-1001,2024-01-01,1098.45,44,South,Widget B
ORD-000936,nan,2024-03-15,1064.29,34,East,Widget B
ORD-000937,CUS-1001,2024-01-01,639.72,42,South,Gadget C
ORD-000938,nan,01/02/2024,926.51,14,East,Gadget C
ORD-000939,CUS-1001,2024-01-01,-263.19,9,West,Widget A
ORD-000940,CUS-1001,01/02/2024,1356.01,5,East,Gadget C
ORD-000941,CUS-1003,2024-03-15,691.4,2,North,Widget A
ORD-000942,CUS-1001,01/02/2024,1868.56,22,South,Widget A
ORD-000943,CUS-1001,2024-01-01,334.32,43,  Central  ,Widget B
ORD-000944,CUS-1002,2024-01-01,358.62,4,North,Widget A
ORD-000945,CUS-1001,01/02/2024,473.68,33,West,Widget A
ORD-000946,CUS-1002,2024-01-01,472.66,40,South,Widget B
ORD-000947,CUS-1003,2024-03-15,151.27,46,East,Widget B
ORD-000948,CUS-1003,2024-01-01,626.23,40,South,Widget A
ORD-000949,CUS-1001,2024-01-01,1101.82,5,West,Widget A
ORD-000950,CUS-1002,2024-01-01,453.34,8,North,Gadget C
ORD-000951,CUS-1001,01/02/2024,222.61,49,West,Widget B
ORD-000952,CUS-1001,2024-06-30,1304.43,5,North,Widget B
ORD-000953,CUS-1001,2024-01-01,845.78,49,North,Gadget C
ORD-000954,nan,2024-01-01,1310.15,47,North,nan
ORD-000955,nan,2024-01-01,-288.89,14,West,Widget A
ORD-000956,CUS-1003,2024-06-30,1514.62,40,West,Widget A
ORD-000957,CUS-1002,2024-03-15,1945.82,3,South,Gadget C
ORD-000958,CUS-1002,2024-01-01,529.86,7,North,Widget A
ORD-000959,CUS-1002,01/02/2024,1282.34,19,  Central  ,Widget A
ORD-000960,CUS-1002,2024-03-15,1532.47,12,North,Widget A
ORD-000961,CUS-1002,2024-03-15,1091.12,22,North,Gadget C
ORD-000962,CUS-1001,2024-01-01,-298.58,14,North,Widget A
ORD-000963,CUS-1001,2024-03-15,436.71,14,South,Widget A
ORD-000964,nan,01/02/2024,1296.72,18,  Central  ,Widget A
ORD-000965,CUS-1002,2024-01-01,964.99,3,East,Widget B
ORD-000966,nan,2024-01-01,1676.2,34,South,Widget A
ORD-000967,CUS-1001,2024-01-01,187.81,43,West,Widget B
ORD-000968,CUS-1002,2024-01-01,75.12,20,West,Gadget C
ORD-000969,CUS-1001,2024-01-01,747.99,11,North,Widget A
ORD-000970,CUS-1001,2024-03-15,953.98,45,North,Widget A
ORD-000971,CUS-1001,2024-03-15,1282.74,43,North,Widget B
ORD-000972,CUS-1001,2024-01-01,236.96,23,South,Widget B
ORD-000973,nan,2024-01-01,1178.71,13,North,Widget A
ORD-000974,CUS-1001,01/02/2024,1627.94,37,South,Widget B
ORD-000975,CUS-1002,2024-01-01,1820.0,42,North,Widget A
ORD-000976,CUS-1002,2024-01-01,1800.52,2,West,Widget A
ORD-000977,CUS-1001,2024-03-15,1041.76,14,South,Gadget C
ORD-000978,CUS-1002,2024-01-01,1799.5,43,East,Widget B
ORD-000979,CUS-1001,2024-01-01,1079.84,5,East,Widget B
ORD-000980,nan,2024-03-15,155.98,13,West,Widget A
ORD-000981,CUS-1003,01/02/2024,1947.61,41,South,nan
ORD-000982,CUS-1002,2024-01-01,15.18,40,South,Widget A
ORD-000983,CUS-1002,01/02/2024,578.73,14,South,Widget A
ORD-000984,CUS-1001,2024-06-30,102.3,43,North,Widget A
ORD-000985,nan,2024-01-01,-405.23,16,North,Gadget C
ORD-000986,CUS-1001,01/02/2024,1139.19,11,North,Gadget C
ORD-000987,CUS-1001,2024-01-01,1279.48,20,East,Gadget C
ORD-000988,CUS-1001,2024-01-01,289.32,30,West,Widget A
ORD-000989,CUS-1003,2024-01-01,-110.31,30,South,Widget B
ORD-000990,CUS-1002,2024-01-01,538.71,13,West,Widget B
ORD-000991,CUS-1003,2024-01-01,-278.92,32,South,Widget A
ORD-000992,CUS-1003,2024-03-15,80.22,1,East,Gadget C
ORD-000993,CUS-1001,2024-01-01,535.26,4,East,Gadget C
ORD-000994,nan,not-a-date,1997.68,13,North,Widget A
ORD-000995,CUS-1002,2024-01-01,1608.75,47,South,Widget A
ORD-000996,CUS-1002,2024-03-15,729.88,35,  Central  ,Widget A
ORD-000997,CUS-1001,01/02/2024,758.43,3,North,Gadget C
ORD-000998,nan,2024-01-01,1860.4,4,South,Gadget C
ORD-000999,CUS-1001,2024-03-15,1327.34,41,South,Widget B
ORD-001000,CUS-1001,2024-03-15,1675.57,25,West,Widget A
ORD-001001,CUS-1002,2024-01-01,1730.26,36,North,Widget B
ORD-001002,CUS-1001,2024-01-01,346.89,16,South,Widget A
ORD-001003,CUS-1001,01/02/2024,42.05,15,South,Gadget C
ORD-001004,CUS-1002,01/02/2024,543.83,8,South,Gadget C
ORD-001005,CUS-1001,2024-01-01,1192.88,30,South,Widget A
ORD-001006,nan,2024-03-15,1818.0,29,South,Widget A
ORD-001007,CUS-1001,2024-01-01,624.14,27,East,Widget A
ORD-001008,CUS-1002,2024-01-01,1701.76,46,South,Widget B
ORD-001009,CUS-1002,01/02/2024,1327.75,33,  Central  ,Widget A
ORD-001010,CUS-1002,2024-06-30,1312.48,46,South,Widget B
ORD-001011,CUS-1002,2024-01-01,1435.41,37,North,Widget B
ORD-001012,CUS-1002,2024-01-01,1027.95,7,South,Widget B
ORD-001013,nan,2024-01-01,1350.45,26,West,Gadget C
ORD-001014,CUS-1001,01/02/2024,1588.62,48,North,Widget B
ORD-001015,CUS-1001,2024-01-01,1182.88,36,South,Gadget C
ORD-001016,CUS-1002,2024-01-01,88.05,6,  Central  ,Gadget C
ORD-001017,CUS-1003,2024-01-01,1026.09,10,North,Widget A
ORD-001018,CUS-1001,not-a-date,1197.98,4,  Central  ,Widget A
ORD-001019,CUS-1002,2024-01-01,1751.96,34,South,Widget A
ORD-001020,nan,01/02/2024,20.4,22,North,Widget B
ORD-001021,CUS-1002,2024-01-01,106.66,21,West,Widget B
ORD-001022,nan,2024-01-01,742.2,48,South,Widget B
ORD-001023,CUS-1002,2024-01-01,1607.9,47,North,Widget B
ORD-001024,CUS-1002,2024-01-01,973.8,5,East,Widget B
ORD-001025,CUS-1001,2024-01-01,617.46,42,West,Widget A
ORD-001026,nan,2024-01-01,1389.58,46,South,Widget A
ORD-001027,CUS-1001,2024-01-01,-244.12,1,West,Gadget C
ORD-001028,CUS-1002,2024-01-01,1151.7,45,North,Widget A
ORD-001029,CUS-1001,2024-01-01,862.38,38,North,Widget A
ORD-001030,CUS-1002,2024-01-01,1452.86,14,North,Widget B
ORD-001031,CUS-1002,2024-01-01,41.01,30,  Central  ,Gadget C
ORD-001032,CUS-1002,2024-01-01,13.34,3,North,Widget B
ORD-001033,nan,01/02/2024,1368.83,35,  Central  ,Widget B
ORD-001034,CUS-1001,2024-06-30,63.05,17,South,nan
ORD-001035,CUS-1002,01/02/2024,-138.86,13,South,Widget B
ORD-001036,CUS-1001,2024-01-01,739.0,39,West,Gadget C
ORD-001037,CUS-1001,2024-06-30,1231.48,40,North,nan
ORD-001038,CUS-1002,2024-06-30,1547.13,18,North,Widget A
ORD-001039,CUS-1001,2024-01-01,1645.43,7,South,Widget B
ORD-001040,CUS-1001,2024-01-01,567.51,37,South,nan
ORD-001041,CUS-1002,2024-03-15,332.99,45,South,Widget A
ORD-001042,CUS-1002,2024-06-30,1961.79,43,North,Widget A
ORD-001043,CUS-1002,2024-03-15,97.05,22,South,Widget A
ORD-001044,CUS-1001,01/02/2024,1629.49,26,West,Gadget C
ORD-001045,CUS-1001,01/02/2024,50.05,6,East,Widget B
ORD-001046,CUS-1001,2024-06-30,975.38,17,  Central  ,Widget A
ORD-001047,CUS-1003,2024-01-01,1286.57,35,South,Widget B
ORD-001048,CUS-1003,2024-01-01,960.66,38,South,Widget B
ORD-001049,CUS-1001,2024-03-15,-99.95,19,South,Widget A
ORD-001050,CUS-1002,2024-01-01,-10.77,46,North,Widget A
ORD-001051,CUS-1001,2024-01-01,316.9,13,South,Widget A
ORD-001052,CUS-1001,2024-01-01,1111.06,35,South,Widget A
ORD-001053,CUS-1001,2024-01-01,1657.14,33,East,Widget B
ORD-001054,CUS-1001,2024-01-01,-430.47,30,North,Gadget C
ORD-001055,CUS-1002,01/02/2024,1003.97,17,West,Gadget C
ORD-001056,nan,2024-01-01,1976.48,35,West,Widget A
ORD-001057,CUS-1001,01/02/2024,785.75,11,East,Widget B
ORD-001058,CUS-1002,2024-01-01,777.1,41,South,Widget A
ORD-001059,CUS-1002,2024-06-30,157.3,30,East,Widget A
ORD-001060,nan,01/02/2024,1568.53,21,North,Widget A
ORD-001061,CUS-1002,2024-06-30,144.76,18,East,Gadget C
ORD-001062,CUS-1001,2024-01-01,280.95,7,South,Widget A
ORD-001063,CUS-1002,2024-01-01,122.95,3,  Central  ,Widget A
ORD-001064,CUS-1001,2024-03-15,392.84,16,South,Widget A
ORD-001065,nan,2024-03-15,883.39,12,East,Widget B
ORD-001066,CUS-1001,2024-01-01,93.58,34,West,Widget A
ORD-001067,CUS-1002,01/02/2024,828.77,23,West,Widget A
ORD-001068,CUS-1001,01/02/2024,967.3,8,North,Gadget C
ORD-001069,CUS-1001,2024-01-01,230.49,29,East,Widget A
ORD-001070,CUS-1003,01/02/2024,119.72,32,West,Widget B
ORD-001071,CUS-1002,2024-01-01,635.64,24,South,nan
ORD-001072,CUS-1002,2024-01-01,1304.56,33,North,Widget B
ORD-001073,nan,not-a-date,1218.21,46,West,Widget B
ORD-001074,CUS-1003,2024-01-01,261.96,30,West,nan
ORD-001075,CUS-1001,2024-03-15,192.91,17,North,Widget A
ORD-001076,CUS-1002,2024-03-15,381.91,31,North,Gadget C
ORD-001077,CUS-1002,2024-06-30,-305.5,43,North,Widget A
ORD-001078,CUS-1002,2024-01-01,1864.01,32,West,Widget A
ORD-001079,CUS-1001,2024-01-01,1048.0,24,  Central  ,Widget B
ORD-001080,CUS-1001,2024-01-01,1805.52,6,South,Gadget C
ORD-001081,nan,01/02/2024,271.49,34,  Central  ,Widget A
ORD-001082,nan,2024-01-01,1317.89,39,North,Widget A
ORD-001083,CUS-1003,2024-03-15,1301.03,27,South,Widget A
ORD-001084,nan,2024-01-01,904.16,31,North,Widget A
ORD-001085,CUS-1002,2024-01-01,1478.21,6,  Central  ,nan
ORD-001086,CUS-1003,not-a-date,955.23,48,North,Widget B
ORD-001087,CUS-1003,2024-03-15,-31.2,21,  Central  ,Widget B
ORD-001088,CUS-1002,2024-01-01,280.34,44,West,Widget A
ORD-001089,CUS-1002,01/02/2024,44.46,34,West,nan
ORD-001090,CUS-1001,2024-01-01,762.46,36,East,Widget A
ORD-001091,CUS-1002,2024-03-15,265.93,14,East,Widget A
ORD-001092,CUS-1001,2024-01-01,366.47,13,North,Widget A
ORD-001093,CUS-1001,01/02/2024,105.03,17,North,Widget B
ORD-001094,CUS-1002,2024-01-01,866.9,14,East,Gadget C
ORD-001095,CUS-1001,2024-01-01,1477.1,35,South,Widget B
ORD-001096,CUS-1001,2024-03-15,1117.77,8,South,Widget A
ORD-001097,CUS-1003,2024-01-01,719.8,36,North,Widget B
ORD-001098,CUS-1003,2024-01-01,33.3,8,East,Widget B
ORD-001099,CUS-1001,2024-01-01,1023.04,27,North,Widget A
ORD-001100,CUS-1001,2024-01-01,662.13,15,North,Widget A
ORD-001101,CUS-1001,2024-03-15,485.36,37,North,Widget A
ORD-001102,CUS-1003,2024-01-01,908.58,15,North,Gadget C
ORD-001103,CUS-1003,2024-03-15,348.43,42,East,Gadget C
ORD-001104,CUS-1001,not-a-date,650.02,43,North,Gadget C
ORD-001105,CUS-1003,2024-01-01,1853.09,25,East,Widget B
ORD-001106,CUS-1001,2024-03-15,1225.6,2,East,Widget A
ORD-001107,CUS-1001,2024-01-01,1979.61,35,North,Widget B
ORD-001108,nan,2024-01-01,1259.48,34,South,Gadget C
ORD-001109,CUS-1001,2024-01-01,202.98,1,North,Widget B
ORD-001110,CUS-1001,2024-01-01,1334.98,28,South,Gadget C
ORD-001111,CUS-1002,2024-01-01,1733.09,2,West,Widget A
ORD-001112,CUS-1002,2024-01-01,1826.29,13,East,Widget B
ORD-001113,nan,2024-03-15,1113.5,30,  Central  ,Gadget C
ORD-001114,nan,01/02/2024,249.06,23,  Central  ,Widget B
ORD-001115,CUS-1001,2024-06-30,1289.7,32,North,Widget A
ORD-001116,CUS-1001,01/02/2024,294.52,21,West,Widget A
ORD-001117,CUS-1003,01/02/2024,121.51,15,South,Widget A
ORD-001118,CUS-1001,2024-01-01,431.33,4,South,Gadget C
ORD-001119,nan,01/02/2024,203.1,31,East,Widget B
ORD-001120,CUS-1002,2024-01-01,896.35,27,East,Gadget C
ORD-001121,CUS-1001,2024-06-30,1888.39,5,  Central  ,Widget A
ORD-001122,CUS-1003,2024-06-30,1324.19,6,  Central  ,Widget A
ORD-001123,CUS-1001,2024-01-01,1392.01,38,South,Widget B
ORD-001124,CUS-1002,01/02/2024,1609.17,41,West,Widget A
ORD-001125,CUS-1002,01/02/2024,486.07,18,  Central  ,Widget B
ORD-001126,CUS-1002,01/02/2024,1149.11,48,West,Widget A
ORD-001127,CUS-1002,2024-01-01,1428.74,28,East,Widget A
ORD-001128,CUS-1002,01/02/2024,615.07,27,East,Widget A
ORD-001129,nan,2024-03-15,781.26,48,East,Gadget C
ORD-001130,nan,2024-01-01,1405.67,31,North,Widget B
ORD-001131,CUS-1002,01/02/2024,1618.84,26,North,Widget B
ORD-001132,CUS-1001,2024-01-01,729.65,7,South,Gadget C
ORD-001133,CUS-1002,2024-06-30,1255.12,26,  Central  ,Gadget C
ORD-001134,nan,2024-01-01,1331.97,17,South,Widget B
ORD-001135,CUS-1001,2024-01-01,1858.46,6,North,Widget B
ORD-001136,CUS-1002,2024-01-01,1577.05,27,South,Widget A
ORD-001137,CUS-1002,2024-03-15,397.11,3,South,Gadget C
ORD-001138,CUS-1001,2024-03-15,1255.04,46,  Central  ,Widget A
ORD-001139,CUS-1002,2024-01-01,1915.89,46,South,Widget A
ORD-001140,CUS-1001,2024-01-01,762.75,36,East,Gadget C
ORD-001141,CUS-1003,2024-03-15,1532.92,43,  Central  ,Widget B
ORD-001142,CUS-1003,2024-01-01,1083.03,41,West,Widget B
ORD-001143,CUS-1003,2024-01-01,881.24,40,  Central  ,Widget B
ORD-001144,CUS-1001,2024-06-30,1144.83,7,West,Widget A
ORD-001145,CUS-1001,2024-01-01,856.01,49,South,Gadget C
ORD-001146,CUS-1002,01/02/2024,642.88,12,West,Widget B
ORD-001147,CUS-1003,2024-01-01,1524.63,5,East,Widget B
ORD-001148,CUS-1002,2024-03-15,1070.04,44,South,Widget A
ORD-001149,nan,2024-03-15,1870.39,38,East,nan
ORD-001150,CUS-1001,2024-01-01,27.39,30,West,Widget B
ORD-001151,CUS-1003,01/02/2024,1541.01,6,North,Widget A
ORD-001152,CUS-1001,2024-06-30,323.1,16,West,Gadget C
ORD-001153,CUS-1001,2024-03-15,1524.81,32,West,Widget A
ORD-001154,CUS-1002,2024-01-01,-232.56,35,South,Widget B
ORD-001155,CUS-1001,2024-01-01,1570.28,36,South,Widget A
ORD-001156,CUS-1001,not-a-date,1191.75,13,South,Widget A
ORD-001157,CUS-1001,2024-01-01,254.19,34,South,Widget A
ORD-001158,CUS-1002,2024-01-01,1921.18,6,North,Widget A
ORD-001159,CUS-1003,2024-01-01,659.44,13,North,Gadget C
ORD-001160,CUS-1001,2024-03-15,66.18,1,South,nan
ORD-001161,CUS-1002,2024-01-01,13.74,44,North,Widget A
ORD-001162,CUS-1003,2024-01-01,1479.86,19,North,Widget B
ORD-001163,CUS-1001,01/02/2024,1667.7,28,  Central  ,Gadget C
ORD-001164,CUS-1001,2024-01-01,1608.05,1,East,Widget A
ORD-001165,CUS-1003,2024-01-01,1122.49,45,  Central  ,Gadget C
ORD-001166,CUS-1003,2024-01-01,1267.45,20,East,Widget B
ORD-001167,CUS-1002,2024-01-01,1814.55,22,South,Widget A
ORD-001168,CUS-1003,2024-06-30,1330.62,18,West,Gadget C
ORD-001169,CUS-1001,2024-01-01,708.87,17,East,Widget A
ORD-001170,CUS-1001,2024-03-15,-91.21,16,East,Widget B
ORD-001171,CUS-1002,2024-01-01,1931.51,45,North,Widget A
ORD-001172,CUS-1001,2024-01-01,1259.5,4,North,Widget B
ORD-001173,CUS-1003,2024-01-01,-140.4,40,North,Widget B
ORD-001174,CUS-1002,01/02/2024,1874.34,13,North,Widget B
ORD-001175,CUS-1003,2024-01-01,1558.37,5,West,Widget A
ORD-001176,CUS-1002,2024-01-01,246.25,43,West,Gadget C
ORD-001177,CUS-1001,2024-06-30,1916.76,22,North,Gadget C
ORD-001178,CUS-1001,2024-01-01,-130.9,45,North,Gadget C
ORD-001179,CUS-1001,2024-06-30,1480.64,4,South,Widget B
ORD-001180,CUS-1003,2024-01-01,807.86,4,South,Widget B
ORD-001181,CUS-1001,2024-01-01,26.81,43,East,Gadget C
ORD-001182,CUS-1001,01/02/2024,550.75,13,North,Widget A
ORD-001183,CUS-1001,2024-01-01,668.91,24,South,Widget B
ORD-001184,CUS-1001,2024-01-01,917.22,9,  Central  ,Widget B
ORD-001185,CUS-1003,2024-01-01,1405.65,13,South,Widget B
ORD-001186,CUS-1001,2024-01-01,906.71,29,West,Widget A
ORD-001187,nan,2024-03-15,-167.09,4,East,Widget A
ORD-001188,CUS-1001,2024-01-01,503.77,38,South,Gadget C
ORD-001189,CUS-1002,2024-06-30,1539.31,15,East,Widget A
ORD-001190,CUS-1002,2024-01-01,1577.13,45,West,Gadget C
ORD-001191,CUS-1001,2024-01-01,732.79,18,  Central  ,Widget B
ORD-001192,CUS-1003,2024-01-01,442.95,36,North,Widget A
ORD-001193,nan,01/02/2024,447.89,48,East,Widget B
ORD-001194,CUS-1003,not-a-date,1329.0,33,East,Gadget C
ORD-001195,CUS-1001,2024-03-15,1547.43,49,South,Widget A
ORD-001196,CUS-1001,2024-01-01,1572.12,36,East,Widget B
ORD-001197,CUS-1002,2024-01-01,1742.62,23,North,nan
ORD-001198,CUS-1001,2024-03-15,1511.4,49,South,Widget A
ORD-001199,CUS-1002,2024-01-01,977.01,45,South,Gadget C
ORD-001200,CUS-1002,01/02/2024,542.05,46,South,Widget A
ORD-001201,CUS-1002,2024-01-01,753.83,40,East,Widget B
ORD-001202,CUS-1003,2024-01-01,574.62,5,  Central  ,Widget A
ORD-001203,CUS-1002,2024-01-01,207.99,38,North,Widget B
ORD-001204,CUS-1001,2024-01-01,296.36,12,South,Widget A
ORD-001205,CUS-1001,not-a-date,35.26,14,South,nan
ORD-001206,CUS-1002,01/02/2024,401.51,39,  Central  ,Gadget C
ORD-001207,CUS-1002,2024-06-30,1672.07,37,West,Gadget C
ORD-001208,CUS-1001,2024-03-15,1078.88,4,  Central  ,Gadget C
ORD-001209,CUS-1001,2024-01-01,784.99,49,East,Widget B
ORD-001210,CUS-1003,2024-01-01,482.4,34,East,Widget A
ORD-001211,CUS-1003,2024-01-01,-483.82,42,West,nan
ORD-001212,CUS-1002,2024-03-15,1947.05,45,North,Widget A
ORD-001213,CUS-1001,2024-01-01,702.46,27,  Central  ,Gadget C
ORD-001214,CUS-1001,2024-06-30,1696.54,17,South,Gadget C
ORD-001215,CUS-1002,01/02/2024,1878.96,1,  Central  ,Widget B
ORD-001216,CUS-1001,01/02/2024,1575.99,36,North,Widget B
ORD-001217,CUS-1002,01/02/2024,1186.96,19,North,Widget A
ORD-001218,CUS-1002,01/02/2024,611.05,21,North,Widget B
ORD-001219,CUS-1001,01/02/2024,76.44,33,North,Widget A
ORD-001220,CUS-1001,01/02/2024,1475.81,21,North,nan
ORD-001221,CUS-1001,2024-01-01,1912.37,7,South,Widget A
ORD-001222,nan,01/02/2024,1381.5,43,North,Gadget C
ORD-001223,CUS-1002,2024-01-01,82.08,20,North,Gadget C
ORD-001224,CUS-1001,01/02/2024,287.5,36,South,Widget B
ORD-001225,nan,01/02/2024,-264.38,35,East,Widget B
ORD-001226,CUS-1002,2024-01-01,1978.68,13,North,Widget A
ORD-001227,CUS-1002,2024-03-15,178.94,44,East,Gadget C
ORD-001228,nan,2024-01-01,642.59,49,East,Widget A
ORD-001229,CUS-1001,01/02/2024,1108.24,35,South,Gadget C
ORD-001230,CUS-1001,01/02/2024,232.8,42,North,Widget A
ORD-001231,CUS-1002,01/02/2024,244.04,30,East,Gadget C
ORD-001232,CUS-1001,2024-03-15,146.71,16,West,Gadget C
ORD-001233,CUS-1002,2024-01-01,1010.53,12,South,Gadget C
ORD-001234,CUS-1001,2024-01-01,580.17,47,East,Widget A
ORD-001235,CUS-1001,01/02/2024,88.61,33,North,Widget B
ORD-001236,CUS-1001,2024-01-01,1008.63,24,West,Widget B
ORD-001237,CUS-1002,2024-01-01,1463.6,42,East,Widget A
ORD-001238,CUS-1001,2024-01-01,1340.99,28,South,Widget B
ORD-001239,CUS-1001,2024-01-01,1371.77,22,East,Widget A
ORD-001240,CUS-1003,2024-06-30,1105.76,3,  Central  ,Widget A
ORD-001241,CUS-1001,2024-01-01,1564.66,44,East,Widget A
ORD-001242,CUS-1001,2024-01-01,134.14,4,South,Widget B
ORD-001243,CUS-1001,2024-06-30,389.52,17,South,Widget B
ORD-001244,CUS-1001,2024-06-30,1409.57,30,North,Widget A
ORD-001245,CUS-1001,2024-01-01,678.13,31,  Central  ,nan
ORD-001246,CUS-1002,not-a-date,485.31,32,East,Widget A
ORD-001247,CUS-1001,2024-01-01,63.82,42,South,Widget B
ORD-001248,nan,2024-03-15,1738.27,26,  Central  ,Gadget C
ORD-001249,nan,2024-01-01,1677.57,44,East,Widget B
ORD-001250,CUS-1001,2024-01-01,130.34,29,North,Widget A
ORD-001251,CUS-1001,2024-01-01,615.74,23,East,Gadget C
ORD-001252,CUS-1001,2024-03-15,-441.23,19,  Central  ,Widget B
ORD-001253,CUS-1002,2024-01-01,-141.77,23,West,Widget A
ORD-001254,CUS-1001,2024-01-01,523.58,24,South,Widget B
ORD-001255,CUS-1003,01/02/2024,601.11,47,West,Widget A
ORD-001256,CUS-1003,2024-01-01,1415.98,9,South,Widget A
ORD-001257,CUS-1003,not-a-date,1940.0,23,South,Widget A
ORD-001258,CUS-1002,2024-01-01,100.42,7,East,Widget A
ORD-001259,nan,2024-01-01,652.55,1,North,Widget A
ORD-001260,CUS-1001,2024-01-01,1338.16,23,South,Widget A
ORD-001261,CUS-1001,2024-01-01,618.79,24,East,Widget B
ORD-001262,CUS-1001,2024-01-01,390.34,15,North,Widget A
ORD-001263,nan,01/02/2024,343.97,30,South,Widget B
ORD-001264,CUS-1002,01/02/2024,1199.91,1,West,Widget B
ORD-001265,CUS-1003,2024-01-01,310.6,37,West,nan
ORD-001266,CUS-1001,2024-01-01,202.13,21,North,Widget A
ORD-001267,nan,2024-03-15,1501.89,4,  Central  ,Widget B
ORD-001268,CUS-1002,2024-01-01,694.08,46,South,Widget B
ORD-001269,CUS-1002,01/02/2024,1790.13,29,North,Widget B
ORD-001270,nan,not-a-date,997.82,24,West,Widget B
ORD-001271,CUS-1001,2024-01-01,272.25,30,North,Gadget C
ORD-001272,CUS-1001,01/02/2024,393.6,28,West,Widget B
ORD-001273,CUS-1002,2024-06-30,1764.12,34,East,Widget B
ORD-001274,CUS-1001,01/02/2024,259.87,36,East,Widget A
ORD-001275,CUS-1001,2024-06-30,637.9,14,West,Gadget C
ORD-001276,CUS-1001,2024-01-01,613.81,32,West,Widget B
ORD-001277,CUS-1001,01/02/2024,1975.57,38,South,Gadget C
ORD-001278,CUS-1003,2024-01-01,1949.12,7,East,Widget A
ORD-001279,CUS-1002,2024-01-01,1387.22,39,South,Widget A
ORD-001280,CUS-1001,2024-06-30,478.67,18,East,Widget B
ORD-001281,CUS-1001,2024-01-01,366.77,7,East,Gadget C
ORD-001282,CUS-1002,2024-06-30,129.59,35,South,Gadget C
ORD-001283,CUS-1002,01/02/2024,131.99,38,South,Widget B
ORD-001284,nan,2024-06-30,-471.2,28,East,Widget B
ORD-001285,nan,2024-06-30,1211.0,31,West,Widget A
ORD-001286,CUS-1001,01/02/2024,404.63,23,North,Widget A
ORD-001287,CUS-1001,2024-06-30,1564.83,22,East,Widget B
ORD-001288,CUS-1002,2024-03-15,162.07,16,  Central  ,nan
ORD-001289,CUS-1002,01/02/2024,1049.55,39,South,Widget A
ORD-001290,CUS-1002,01/02/2024,399.6,24,North,Widget B
ORD-001291,CUS-1002,2024-01-01,902.77,7,West,Gadget C
ORD-001292,CUS-1002,2024-01-01,465.85,12,North,Widget A
ORD-001293,CUS-1001,2024-01-01,-14.86,18,East,Widget A
ORD-001294,CUS-1001,2024-01-01,1854.44,37,South,Widget B
ORD-001295,CUS-1001,2024-01-01,1840.65,44,  Central  ,Widget A
ORD-001296,CUS-1001,01/02/2024,991.65,9,West,Widget B
ORD-001297,CUS-1001,01/02/2024,1574.53,8,West,Widget A
ORD-001298,CUS-1002,01/02/2024,411.49,26,East,Widget B
ORD-001299,CUS-1001,not-a-date,-72.55,46,North,nan
ORD-001300,CUS-1001,2024-06-30,458.83,15,North,Widget B
ORD-001301,CUS-1002,not-a-date,176.69,31,North,Widget B
ORD-001302,CUS-1003,01/02/2024,853.51,36,East,nan
ORD-001303,CUS-1001,2024-01-01,1492.36,1,East,Widget A
ORD-001304,CUS-1003,2024-06-30,1492.16,18,North,Widget A
ORD-001305,nan,2024-01-01,892.34,8,West,Widget B
ORD-001306,CUS-1002,2024-01-01,898.18,49,South,Widget B
ORD-001307,CUS-1002,2024-01-01,1209.77,3,North,Widget A
ORD-001308,CUS-1001,01/02/2024,1866.9,7,West,Widget B
ORD-001309,nan,01/02/2024,-259.27,38,East,Gadget C
ORD-001310,CUS-1001,2024-01-01,815.78,8,North,Widget A
ORD-001311,nan,2024-03-15,1812.31,13,West,Widget A
ORD-001312,CUS-1002,2024-01-01,1101.93,28,North,Widget B
ORD-001313,CUS-1001,2024-01-01,1587.87,28,North,Widget A
ORD-001314,CUS-1001,2024-01-01,930.64,49,West,Widget A
ORD-001315,CUS-1002,2024-01-01,1842.89,42,East,Widget A
ORD-001316,CUS-1002,2024-03-15,1781.63,42,South,Widget A
ORD-001317,CUS-1001,2024-01-01,897.44,45,North,Widget A
ORD-001318,CUS-1002,2024-01-01,19.97,28,North,Widget B
ORD-001319,CUS-1003,2024-01-01,1136.66,42,South,Gadget C
ORD-001320,CUS-1002,2024-03-15,415.8,35,  Central  ,Gadget C
ORD-001321,CUS-1002,2024-06-30,488.71,25,East,Widget B
ORD-001322,CUS-1001,01/02/2024,865.18,46,South,Widget B
ORD-001323,CUS-1003,01/02/2024,905.48,7,  Central  ,Widget B
ORD-001324,CUS-1001,2024-06-30,1722.71,19,  Central  ,Widget A
ORD-001325,CUS-1003,2024-01-01,72.26,18,South,Widget A
ORD-001326,CUS-1001,2024-01-01,597.21,27,North,Widget B
ORD-001327,CUS-1002,01/02/2024,1268.31,17,North,Widget A
ORD-001328,CUS-1001,2024-01-01,1247.74,21,East,Gadget C
ORD-001329,CUS-1001,2024-01-01,642.36,49,South,Widget A
ORD-001330,CUS-1003,2024-01-01,364.11,37,West,Widget B
ORD-001331,CUS-1002,2024-01-01,561.26,40,South,Widget A
ORD-001332,CUS-1002,2024-01-01,1785.75,18,East,Widget B
ORD-001333,nan,2024-01-01,533.1,16,North,Widget B
ORD-001334,nan,2024-01-01,988.59,26,South,Gadget C
ORD-001335,CUS-1003,not-a-date,1885.2,21,East,Widget A
ORD-001336,CUS-1001,2024-03-15,245.65,32,  Central  ,Widget B
ORD-001337,CUS-1002,2024-01-01,1742.76,14,South,Widget B
ORD-001338,CUS-1003,2024-01-01,-189.86,7,West,Widget A
ORD-001339,CUS-1001,2024-01-01,975.99,20,East,Gadget C
ORD-001340,CUS-1001,2024-01-01,1898.4,41,West,Widget B
ORD-001341,CUS-1003,2024-01-01,158.08,4,East,Widget B
ORD-001342,CUS-1002,2024-01-01,1710.64,5,North,Widget A
ORD-001343,CUS-1002,2024-03-15,403.39,41,North,Widget B
ORD-001344,nan,2024-03-15,714.86,19,West,Widget B
ORD-001345,CUS-1002,2024-03-15,253.48,27,West,Widget A
ORD-001346,CUS-1002,01/02/2024,995.63,38,East,Widget B
ORD-001347,CUS-1001,2024-03-15,346.49,30,North,Widget A
ORD-001348,CUS-1001,2024-03-15,517.66,48,North,Widget B
ORD-001349,CUS-1001,not-a-date,128.65,10,West,Widget A
ORD-001350,CUS-1003,2024-03-15,617.15,41,East,Widget A
ORD-001351,CUS-1003,2024-03-15,336.07,23,East,Gadget C
ORD-001352,CUS-1001,2024-03-15,1373.84,7,North,Widget A
ORD-001353,CUS-1001,01/02/2024,1279.97,23,East,nan
ORD-001354,CUS-1003,2024-01-01,1334.27,25,West,Gadget C
ORD-001355,CUS-1001,2024-01-01,1355.27,5,South,Gadget C
ORD-001356,CUS-1002,2024-01-01,215.29,24,North,Gadget C
ORD-001357,CUS-1002,2024-01-01,435.52,2,South,Gadget C
ORD-001358,CUS-1002,2024-01-01,1477.57,33,North,Widget A
ORD-001359,CUS-1001,2024-01-01,969.55,31,East,Gadget C
ORD-001360,CUS-1002,2024-01-01,1263.9,6,North,Widget A
ORD-001361,CUS-1001,2024-06-30,122.64,29,North,Gadget C
ORD-001362,CUS-1002,2024-01-01,778.76,14,West,Widget B
ORD-001363,CUS-1001,2024-01-01,881.63,32,  Central  ,Widget A
ORD-001364,CUS-1002,2024-01-01,1387.78,12,West,Gadget C
ORD-001365,CUS-1002,2024-01-01,1825.0,44,East,Widget B
ORD-001366,CUS-1001,01/02/2024,1153.32,26,South,Widget B
ORD-001367,CUS-1001,01/02/2024,-438.69,49,North,Gadget C
ORD-001368,CUS-1001,2024-01-01,1290.56,4,South,nan
ORD-001369,CUS-1001,01/02/2024,1820.71,42,North,Gadget C
ORD-001370,CUS-1001,2024-01-01,1623.46,3,West,Widget B
ORD-001371,nan,01/02/2024,502.14,2,West,Widget A
ORD-001372,CUS-1001,2024-06-30,452.38,9,South,Widget B
ORD-001373,CUS-1003,2024-06-30,1824.67,16,South,Widget B
ORD-001374,nan,2024-01-01,1198.92,44,East,Widget B
ORD-001375,CUS-1001,2024-03-15,904.74,39,East,Widget B
ORD-001376,CUS-1002,2024-03-15,1403.28,4,East,Gadget C
ORD-001377,CUS-1003,not-a-date,570.62,45,  Central  ,Widget A
ORD-001378,CUS-1002,2024-01-01,1619.1,12,South,Widget A
ORD-001379,CUS-1002,2024-01-01,1060.21,45,South,Widget A
ORD-001380,CUS-1002,2024-01-01,1743.25,10,North,Gadget C
ORD-001381,CUS-1001,2024-01-01,1290.96,33,North,Widget B
ORD-001382,CUS-1002,01/02/2024,527.83,31,South,Widget B
ORD-001383,nan,2024-01-01,1931.26,42,West,Widget B
ORD-001384,nan,2024-01-01,810.84,31,North,Gadget C
ORD-001385,CUS-1001,2024-03-15,1534.21,8,East,Widget B
ORD-001386,CUS-1002,2024-01-01,518.51,49,South,nan
ORD-001387,CUS-1001,2024-06-30,839.99,20,West,Widget B
ORD-001388,nan,2024-03-15,1479.19,47,East,Widget B
ORD-001389,CUS-1001,not-a-date,1395.56,5,North,Widget A
ORD-001390,nan,2024-03-15,1878.6,45,North,Widget A
ORD-001391,CUS-1003,2024-01-01,1597.67,15,West,Widget A
ORD-001392,CUS-1001,2024-01-01,655.13,48,East,Widget B
ORD-001393,CUS-1001,2024-06-30,1727.95,39,North,Widget A
ORD-001394,CUS-1003,2024-01-01,1842.93,48,South,Widget A
ORD-001395,CUS-1001,2024-01-01,1908.65,10,South,nan
ORD-001396,CUS-1002,01/02/2024,1801.91,37,South,Widget A
ORD-001397,nan,2024-01-01,1393.78,37,North,Gadget C
ORD-001398,CUS-1002,2024-01-01,1593.67,45,East,Gadget C
ORD-001399,CUS-1001,2024-01-01,1299.23,38,North,Widget A
ORD-001400,CUS-1002,2024-01-01,646.23,5,West,Widget A
ORD-001401,CUS-1001,01/02/2024,1634.03,44,East,Widget B
ORD-001402,nan,2024-01-01,462.86,14,West,Widget A
ORD-001403,CUS-1001,2024-01-01,868.29,48,East,Widget A
ORD-001404,CUS-1001,2024-01-01,693.57,38,  Central  ,Widget B
ORD-001405,CUS-1001,01/02/2024,352.58,37,  Central  ,Widget B
ORD-001406,nan,2024-01-01,1599.83,32,East,Widget A
ORD-001407,CUS-1001,2024-01-01,949.13,34,East,Widget A
ORD-001408,CUS-1003,2024-03-15,1058.7,28,South,Widget A
ORD-001409,CUS-1002,2024-01-01,1009.06,39,  Central  ,nan
ORD-001410,CUS-1003,2024-03-15,1381.84,46,West,Gadget C
ORD-001411,nan,2024-01-01,360.03,10,North,Gadget C
ORD-001412,CUS-1003,2024-01-01,1006.61,41,South,Widget A
ORD-001413,nan,2024-01-01,527.9,37,West,Widget A
ORD-001414,CUS-1001,not-a-date,1943.6,29,South,nan
ORD-001415,CUS-1003,2024-01-01,129.75,45,West,Gadget C
ORD-001416,CUS-1002,2024-01-01,1857.52,46,  Central  ,Widget A
ORD-001417,CUS-1002,01/02/2024,129.23,23,North,Widget A
ORD-001418,nan,2024-01-01,227.44,4,East,Widget B
ORD-001419,nan,2024-03-15,1813.47,2,West,Widget B
ORD-001420,CUS-1002,2024-06-30,1299.23,31,East,Widget B
ORD-001421,CUS-1002,01/02/2024,655.59,17,North,nan
ORD-001422,CUS-1002,2024-01-01,1180.84,11,West,Widget A
ORD-001423,CUS-1001,2024-01-01,340.64,5,North,Gadget C
ORD-001424,CUS-1001,2024-06-30,-453.53,14,South,Widget A
ORD-001425,CUS-1001,2024-01-01,107.96,31,  Central  ,Widget B
ORD-001426,CUS-1001,2024-01-01,547.35,39,West,Widget B
ORD-001427,CUS-1001,2024-06-30,367.01,41,East,Widget B
ORD-001428,CUS-1003,2024-06-30,812.61,33,North,Widget A
ORD-001429,CUS-1002,2024-01-01,1754.57,5,South,Widget A
ORD-001430,nan,2024-01-01,763.32,35,North,Gadget C
ORD-001431,CUS-1002,01/02/2024,803.14,21,East,Widget A
ORD-001432,CUS-1001,2024-03-15,250.34,7,West,Widget A
ORD-001433,CUS-1001,2024-01-01,1977.52,33,East,Widget A
ORD-001434,CUS-1001,2024-01-01,299.04,47,East,Widget B
ORD-001435,nan,2024-01-01,683.23,45,South,Widget B
ORD-001436,CUS-1001,2024-01-01,-89.62,39,South,Widget B
ORD-001437,CUS-1002,2024-01-01,915.3,11,  Central  ,Widget A
ORD-001438,nan,2024-03-15,682.82,25,  Central  ,Gadget C
ORD-001439,nan,2024-01-01,1433.17,26,West,Widget A
ORD-001440,CUS-1001,2024-01-01,75.73,21,West,nan
ORD-001441,CUS-1001,2024-03-15,649.18,1,West,Widget A
ORD-001442,CUS-1001,2024-01-01,1164.66,28,East,Widget B
ORD-001443,CUS-1001,2024-01-01,1982.11,20,West,Widget B
ORD-001444,CUS-1001,2024-06-30,1935.42,17,North,Widget B
ORD-001445,CUS-1002,2024-01-01,1256.11,17,  Central  ,Gadget C
ORD-001446,nan,not-a-date,686.82,37,South,Gadget C
ORD-001447,CUS-1002,2024-01-01,-265.75,9,North,Widget B
ORD-001448,CUS-1002,2024-01-01,1868.4,27,North,Widget A
ORD-001449,CUS-1001,01/02/2024,1337.67,8,East,Widget B
ORD-001450,CUS-1003,2024-01-01,-441.58,46,East,Gadget C
ORD-001451,CUS-1002,01/02/2024,1943.37,19,East,Gadget C
ORD-001452,CUS-1003,2024-01-01,1805.39,45,East,Widget B
ORD-001453,nan,01/02/2024,441.39,3,East,Widget A
ORD-001454,CUS-1001,2024-01-01,1317.12,36,West,Widget A
ORD-001455,CUS-1001,2024-03-15,1757.67,45,North,Widget A
ORD-001456,CUS-1001,01/02/2024,448.83,8,North,Widget B
ORD-001457,CUS-1002,2024-01-01,1848.05,47,North,Widget B
ORD-001458,nan,2024-01-01,368.3,47,East,Widget B
ORD-001459,CUS-1001,2024-01-01,720.77,43,South,Gadget C
ORD-001460,CUS-1003,01/02/2024,-293.28,36,  Central  ,Widget B
ORD-001461,CUS-1002,2024-01-01,1893.87,1,South,Widget B
ORD-001462,CUS-1001,01/02/2024,56.34,6,East,Gadget C
ORD-001463,CUS-1001,2024-01-01,1734.12,17,South,Widget B
ORD-001464,CUS-1002,2024-01-01,1390.51,39,South,Widget A
ORD-001465,CUS-1002,2024-03-15,1744.72,22,South,Widget A
ORD-001466,CUS-1002,2024-01-01,929.21,3,East,Widget A
ORD-001467,CUS-1001,2024-01-01,1963.2,17,South,Widget A
ORD-001468,CUS-1002,01/02/2024,1498.98,42,North,Widget B
ORD-001469,CUS-1001,2024-03-15,1521.12,40,North,Widget A
ORD-001470,nan,2024-01-01,859.61,41,East,Widget A
ORD-001471,CUS-1001,2024-01-01,790.72,34,South,Widget B
ORD-001472,CUS-1001,2024-01-01,419.06,9,West,Widget A
ORD-001473,CUS-1002,01/02/2024,125.9,10,North,nan
ORD-001474,CUS-1002,2024-01-01,1803.91,49,South,Widget B
ORD-001475,CUS-1002,01/02/2024,1185.48,5,East,Widget B
ORD-001476,CUS-1002,2024-03-15,1120.65,39,East,Widget B
ORD-001477,nan,2024-06-30,-286.65,30,North,Gadget C
ORD-001478,CUS-1002,2024-01-01,1482.0,3,North,Widget B
ORD-001479,CUS-1002,2024-01-01,-206.75,42,North,Gadget C
ORD-001480,CUS-1002,2024-01-01,-360.07,45,  Central  ,Widget A
ORD-001481,CUS-1001,2024-01-01,168.85,32,  Central  ,Widget A
ORD-001482,CUS-1002,2024-01-01,502.39,49,  Central  ,Widget B
ORD-001483,CUS-1001,not-a-date,-292.09,13,North,Widget A
ORD-001484,CUS-1002,2024-01-01,56.43,47,East,Widget A
ORD-001485,CUS-1001,2024-01-01,1330.25,28,East,Widget A
ORD-001486,nan,01/02/2024,1406.22,33,West,Widget A
ORD-001487,CUS-1002,2024-06-30,832.65,27,North,Widget B
ORD-001488,nan,2024-01-01,1592.95,44,North,Gadget C
ORD-001489,CUS-1002,2024-03-15,1907.92,39,North,Widget B
ORD-001490,CUS-1001,2024-03-15,-149.02,40,East,Widget A
ORD-001491,CUS-1003,2024-01-01,-117.22,21,  Central  ,Widget B
ORD-001492,CUS-1002,01/02/2024,904.75,46,North,Widget A
ORD-001493,CUS-1003,2024-01-01,1111.43,36,East,Widget A
ORD-001494,CUS-1002,2024-01-01,583.34,18,North,Widget A
ORD-001495,CUS-1002,2024-01-01,495.78,13,North,Widget A
ORD-001496,CUS-1003,2024-01-01,62.16,40,East,Gadget C
ORD-001497,CUS-1002,2024-03-15,966.92,2,South,Widget A
ORD-001498,CUS-1001,2024-03-15,457.91,44,West,Widget A
ORD-001499,CUS-1002,2024-01-01,940.05,38,South,Widget B
ORD-001500,CUS-1002,01/02/2024,1626.59,29,North,Widget B
ORD-001501,nan,2024-01-01,740.59,49,West,Gadget C
ORD-001502,CUS-1001,2024-01-01,650.57,14,East,Widget B
ORD-001503,CUS-1002,01/02/2024,899.2,49,  Central  ,Gadget C
ORD-001504,CUS-1003,2024-01-01,996.03,7,East,Widget B
ORD-001505,CUS-1002,2024-03-15,552.61,37,North,Gadget C
ORD-001506,CUS-1002,2024-01-01,1203.84,10,West,Widget A
ORD-001507,CUS-1002,2024-03-15,67.7,33,East,Widget A
ORD-001508,CUS-1001,2024-01-01,977.38,18,North,Widget B
ORD-001509,CUS-1002,2024-01-01,1301.56,19,West,Widget B
ORD-001510,CUS-1001,2024-03-15,937.87,13,West,Widget A
ORD-001511,CUS-1001,01/02/2024,1956.74,46,  Central  ,Widget A
ORD-001512,CUS-1002,2024-01-01,318.52,28,South,Widget A
ORD-001513,CUS-1002,not-a-date,911.57,24,West,Widget A
ORD-001514,nan,2024-01-01,590.67,14,West,Widget B
ORD-001515,CUS-1001,2024-01-01,1807.42,36,South,Widget A
ORD-001516,CUS-1001,2024-01-01,367.42,13,North,Widget A
ORD-001517,nan,01/02/2024,1047.64,28,South,Widget A
ORD-001518,CUS-1001,01/02/2024,854.4,18,North,Widget A
ORD-001519,CUS-1001,2024-03-15,1835.28,44,South,Widget B
ORD-001520,CUS-1001,01/02/2024,-327.21,16,West,Widget A
ORD-001521,CUS-1002,2024-01-01,936.66,34,South,Widget B
ORD-001522,nan,2024-01-01,1177.28,9,West,Widget A
ORD-001523,CUS-1003,2024-01-01,1425.72,16,North,Widget B
ORD-001524,CUS-1002,2024-03-15,73.65,26,South,Widget A
ORD-001525,CUS-1001,2024-01-01,501.06,45,West,Widget B
ORD-001526,CUS-1001,01/02/2024,479.09,20,West,Widget A
ORD-001527,CUS-1002,01/02/2024,837.0,9,North,Gadget C
ORD-001528,CUS-1001,2024-03-15,-368.17,44,West,Gadget C
ORD-001529,CUS-1001,2024-01-01,1832.62,11,West,Widget B
ORD-001530,CUS-1001,2024-01-01,1135.88,11,North,Widget A
ORD-001531,CUS-1001,2024-06-30,371.1,18,North,Widget A
ORD-001532,CUS-1002,01/02/2024,1056.45,41,North,Widget A
ORD-001533,CUS-1002,2024-01-01,862.86,19,North,Widget A
ORD-001534,CUS-1001,2024-03-15,1295.01,47,North,Widget B
ORD-001535,CUS-1002,2024-06-30,1277.28,41,East,Widget B
ORD-001536,CUS-1003,2024-01-01,1323.69,41,South,Widget B
ORD-001537,CUS-1002,2024-06-30,1994.61,22,West,Widget A
ORD-001538,CUS-1003,2024-01-01,64.93,41,East,Widget A
ORD-001539,CUS-1002,2024-06-30,1526.85,43,South,Widget A
ORD-001540,CUS-1003,2024-01-01,1711.14,20,West,Widget A
ORD-001541,CUS-1001,2024-01-01,497.83,17,East,Widget A
ORD-001542,CUS-1001,2024-01-01,1517.21,6,South,Gadget C
ORD-001543,CUS-1001,2024-03-15,218.92,19,North,Widget A
ORD-001544,CUS-1002,2024-06-30,1089.64,24,East,Widget B
ORD-001545,CUS-1001,2024-01-01,651.57,38,West,Gadget C
ORD-001546,CUS-1001,2024-01-01,-311.95,28,East,nan
ORD-001547,CUS-1003,2024-01-01,1297.87,13,West,Widget A
ORD-001548,CUS-1001,2024-01-01,811.22,15,West,Widget B
ORD-001549,CUS-1001,2024-03-15,340.46,7,East,Gadget C
ORD-001550,CUS-1001,2024-01-01,1217.13,11,South,Widget A
ORD-001551,CUS-1002,2024-06-30,1018.55,7,West,Widget B
ORD-001552,CUS-1001,2024-06-30,94.06,38,South,nan
ORD-001553,CUS-1001,2024-01-01,1643.31,12,North,Gadget C
ORD-001554,CUS-1001,01/02/2024,1973.63,3,West,Gadget C
ORD-001555,CUS-1003,2024-06-30,691.1,30,North,Widget B
ORD-001556,nan,not-a-date,1974.72,28,North,Widget B
ORD-001557,CUS-1002,2024-03-15,1991.68,2,North,Widget A
ORD-001558,CUS-1002,2024-01-01,934.1,34,North,Gadget C
ORD-001559,CUS-1003,2024-01-01,1842.14,33,South,Gadget C
ORD-001560,nan,2024-03-15,1566.75,48,East,Widget A
ORD-001561,CUS-1002,2024-01-01,1670.63,38,North,Gadget C
ORD-001562,nan,01/02/2024,-89.65,40,West,Widget A
ORD-001563,nan,2024-03-15,1562.84,37,South,Gadget C
ORD-001564,CUS-1003,2024-01-01,480.71,32,South,Widget B
ORD-001565,CUS-1002,2024-01-01,1497.49,31,East,Widget A
ORD-001566,CUS-1001,2024-01-01,479.44,31,North,Widget A
ORD-001567,CUS-1001,not-a-date,1570.01,22,South,Widget B
ORD-001568,CUS-1002,2024-01-01,1788.58,5,East,Widget B
ORD-001569,CUS-1002,2024-01-01,1008.47,49,South,Widget A
ORD-001570,CUS-1001,2024-06-30,872.13,48,North,Widget A
ORD-001571,CUS-1002,01/02/2024,299.93,5,South,Widget A
ORD-001572,CUS-1002,01/02/2024,479.61,39,North,nan
ORD-001573,CUS-1003,2024-03-15,1984.51,38,West,Widget A
ORD-001574,CUS-1001,2024-01-01,1464.3,13,North,Widget A
ORD-001575,CUS-1001,2024-06-30,1540.49,19,North,Widget A
ORD-001576,CUS-1003,not-a-date,1629.88,38,East,Widget A
ORD-001577,CUS-1003,2024-01-01,1171.45,41,North,nan
ORD-001578,nan,2024-01-01,887.82,20,West,Widget B
ORD-001579,CUS-1003,2024-01-01,702.69,31,North,Widget B
ORD-001580,nan,01/02/2024,64.26,23,South,Gadget C
ORD-001581,CUS-1001,01/02/2024,1621.34,7,West,Gadget C
ORD-001582,CUS-1001,01/02/2024,-468.0,8,North,Gadget C
ORD-001583,CUS-1001,2024-06-30,692.46,42,  Central  ,Gadget C
ORD-001584,CUS-1002,2024-01-01,1034.89,1,West,Widget B
ORD-001585,nan,2024-03-15,1160.26,4,South,Gadget C
ORD-001586,CUS-1001,01/02/2024,1318.35,15,South,Gadget C
ORD-001587,CUS-1002,01/02/2024,1303.27,40,North,nan
ORD-001588,CUS-1001,2024-01-01,401.48,35,South,Gadget C
ORD-001589,CUS-1001,01/02/2024,1376.47,28,South,Widget B
ORD-001590,CUS-1001,01/02/2024,1507.55,31,South,Widget A
ORD-001591,CUS-1001,2024-01-01,44.36,8,West,nan
ORD-001592,nan,2024-03-15,1239.59,8,West,Widget B
ORD-001593,CUS-1001,2024-01-01,839.27,30,South,Gadget C
ORD-001594,CUS-1003,2024-01-01,1771.41,18,North,Widget A
ORD-001595,CUS-1002,2024-03-15,1888.03,28,North,Widget B
ORD-001596,CUS-1001,2024-01-01,1171.66,32,  Central  ,Gadget C
ORD-001597,CUS-1001,01/02/2024,-40.74,16,North,Widget A
ORD-001598,CUS-1003,01/02/2024,1876.76,42,East,Widget A
ORD-001599,CUS-1001,2024-01-01,546.9,40,North,Gadget C
ORD-001600,nan,2024-01-01,990.18,6,West,Widget B
ORD-001601,CUS-1001,2024-01-01,712.71,7,South,Widget B
ORD-001602,CUS-1002,2024-01-01,315.72,11,South,Widget B
ORD-001603,CUS-1003,01/02/2024,1789.65,7,North,Widget B
ORD-001604,CUS-1001,2024-01-01,508.47,27,  Central  ,Widget A
ORD-001605,CUS-1001,2024-06-30,1592.73,12,South,nan
ORD-001606,nan,2024-01-01,1508.85,32,North,Widget B
ORD-001607,CUS-1001,2024-01-01,1337.01,43,North,nan
ORD-001608,CUS-1002,2024-06-30,226.89,7,East,Gadget C
ORD-001609,CUS-1002,2024-01-01,807.28,9,North,Widget A
ORD-001610,CUS-1001,01/02/2024,1854.46,9,South,Gadget C
ORD-001611,CUS-1003,01/02/2024,738.18,40,North,Widget A
ORD-001612,CUS-1003,not-a-date,50.44,48,South,Gadget C
ORD-001613,CUS-1001,2024-01-01,1453.87,38,West,Widget B
ORD-001614,CUS-1003,2024-01-01,1378.31,34,North,Widget A
ORD-001615,CUS-1001,2024-06-30,1164.5,30,North,Widget B
ORD-001616,CUS-1001,2024-01-01,-307.52,10,  Central  ,Gadget C
ORD-001617,CUS-1002,2024-03-15,652.39,24,East,nan
ORD-001618,nan,01/02/2024,466.78,45,West,Widget A
ORD-001619,CUS-1001,01/02/2024,1187.58,18,North,Widget B
ORD-001620,CUS-1001,2024-03-15,1992.33,2,West,Widget A
ORD-001621,CUS-1002,2024-06-30,-495.6,11,West,Widget A
ORD-001622,CUS-1003,2024-01-01,1313.13,25,North,Widget A
ORD-001623,CUS-1001,01/02/2024,1143.31,35,South,Gadget C
ORD-001624,CUS-1001,2024-03-15,-489.84,22,South,Widget A
ORD-001625,CUS-1002,2024-01-01,1008.81,23,West,Widget B
ORD-001626,CUS-1001,not-a-date,1696.38,35,East,nan
ORD-001627,CUS-1001,2024-01-01,1167.93,14,West,Widget B
ORD-001628,CUS-1001,2024-01-01,502.43,40,  Central  ,Widget A
ORD-001629,CUS-1001,not-a-date,1130.97,16,South,Gadget C
ORD-001630,CUS-1002,2024-06-30,498.36,6,North,Gadget C
ORD-001631,CUS-1003,2024-01-01,1075.98,7,South,Widget B
ORD-001632,CUS-1002,2024-03-15,1611.16,18,  Central  ,nan
ORD-001633,CUS-1002,2024-01-01,1457.84,3,East,Widget A
ORD-001634,nan,2024-01-01,-443.68,10,North,Widget A
ORD-001635,CUS-1001,2024-01-01,1461.29,22,  Central  ,Widget A
ORD-001636,CUS-1001,not-a-date,256.34,47,East,Widget A
ORD-001637,nan,2024-01-01,1294.24,48,South,Widget A
ORD-001638,CUS-1001,2024-01-01,636.59,38,South,Widget B
ORD-001639,CUS-1002,2024-03-15,1238.12,47,East,Widget A
ORD-001640,CUS-1003,2024-01-01,1726.1,31,  Central  ,Widget B
ORD-001641,CUS-1001,2024-01-01,276.19,7,South,Widget A
ORD-001642,CUS-1002,2024-01-01,1395.99,33,East,Widget A
ORD-001643,CUS-1001,2024-03-15,1369.81,28,North,Widget B
ORD-001644,CUS-1001,01/02/2024,1516.28,42,South,Widget A
ORD-001645,CUS-1002,2024-03-15,1938.9,18,  Central  ,nan
ORD-001646,CUS-1001,2024-01-01,971.09,41,West,Widget A
ORD-001647,CUS-1003,2024-01-01,281.25,32,  Central  ,Widget A
ORD-001648,nan,2024-03-15,1394.93,37,North,Widget A
ORD-001649,CUS-1003,2024-01-01,1095.16,2,South,Gadget C
ORD-001650,CUS-1001,2024-01-01,1625.68,48,East,Widget B
ORD-001651,CUS-1001,2024-01-01,1588.04,27,North,Widget A
ORD-001652,CUS-1001,2024-01-01,-378.29,32,East,Widget B
ORD-001653,CUS-1001,2024-01-01,800.12,23,South,Gadget C
ORD-001654,nan,2024-06-30,956.63,7,North,Widget A
ORD-001655,CUS-1001,2024-01-01,1832.94,28,North,Widget A
ORD-001656,CUS-1001,01/02/2024,877.58,34,South,Widget A
ORD-001657,CUS-1003,2024-01-01,1177.34,8,North,Gadget C
ORD-001658,CUS-1001,01/02/2024,1370.19,19,South,Widget A
ORD-001659,CUS-1001,01/02/2024,240.31,31,  Central  ,Widget B
ORD-001660,CUS-1001,2024-06-30,1541.14,15,South,Widget B
ORD-001661,CUS-1002,2024-01-01,39.75,15,East,Widget A
ORD-001662,CUS-1003,2024-03-15,1964.33,6,South,Widget A
ORD-001663,CUS-1001,2024-01-01,1141.12,25,North,nan
ORD-001664,nan,01/02/2024,344.44,6,West,Gadget C
ORD-001665,CUS-1003,2024-06-30,1570.54,43,West,Gadget C
ORD-001666,CUS-1003,01/02/2024,1690.6,9,South,Widget B
ORD-001667,CUS-1001,2024-03-15,417.49,5,North,Widget A
ORD-001668,CUS-1001,not-a-date,92.1,46,West,Widget B
ORD-001669,CUS-1003,2024-06-30,1053.75,20,South,Gadget C
ORD-001670,CUS-1001,2024-01-01,1284.73,10,South,Widget B
ORD-001671,CUS-1002,2024-01-01,344.84,27,South,Widget B
ORD-001672,CUS-1003,01/02/2024,1127.6,6,South,Widget B
ORD-001673,CUS-1001,2024-06-30,1057.52,21,  Central  ,Widget A
ORD-001674,CUS-1003,2024-01-01,1728.56,33,South,Widget A
ORD-001675,nan,2024-01-01,1633.5,24,South,Widget B
ORD-001676,CUS-1002,01/02/2024,272.59,46,East,Gadget C
ORD-001677,CUS-1002,2024-01-01,-293.29,36,South,Widget B
ORD-001678,CUS-1003,2024-01-01,1010.71,32,  Central  ,Widget A
ORD-001679,CUS-1002,2024-01-01,937.85,33,North,nan
ORD-001680,CUS-1002,2024-01-01,333.05,34,North,Widget A
ORD-001681,CUS-1003,2024-03-15,1497.81,24,East,Gadget C
ORD-001682,CUS-1002,2024-01-01,1738.05,6,East,Widget A
ORD-001683,CUS-1001,2024-01-01,418.96,13,South,Widget A
ORD-001684,CUS-1001,01/02/2024,68.52,16,North,Widget A
ORD-001685,CUS-1001,2024-01-01,1222.21,13,North,Widget B
ORD-001686,CUS-1002,2024-01-01,1962.75,14,North,Widget B
ORD-001687,CUS-1002,2024-01-01,1360.84,38,South,Widget A
ORD-001688,CUS-1002,2024-01-01,512.88,47,East,Widget A
ORD-001689,CUS-1001,01/02/2024,1746.74,23,East,Widget A
ORD-001690,CUS-1003,2024-01-01,1080.74,24,East,Widget A
ORD-001691,nan,2024-01-01,1024.42,17,North,Widget B
ORD-001692,CUS-1001,2024-01-01,123.99,31,East,Widget A
ORD-001693,CUS-1002,2024-01-01,130.73,34,North,Widget A
ORD-001694,CUS-1002,2024-01-01,1162.81,3,East,Widget B
ORD-001695,CUS-1002,2024-01-01,1615.32,25,South,Widget B
ORD-001696,CUS-1001,2024-01-01,1508.81,21,East,Widget A
ORD-001697,CUS-1003,2024-01-01,1882.12,22,South,Widget A
ORD-001698,nan,not-a-date,1010.5,25,West,Widget A
ORD-001699,CUS-1002,2024-01-01,1245.24,7,North,Widget A
ORD-001700,nan,2024-01-01,1258.11,40,East,Widget A
ORD-001701,nan,01/02/2024,766.59,45,South,Widget A
ORD-001702,CUS-1001,2024-01-01,-449.9,6,North,Widget A
ORD-001703,CUS-1002,2024-03-15,-435.17,41,East,Widget B
ORD-001704,CUS-1002,2024-01-01,143.51,28,West,Widget B
ORD-001705,nan,2024-01-01,1918.94,42,East,Gadget C
ORD-001706,CUS-1001,2024-06-30,1689.27,9,North,Gadget C
ORD-001707,CUS-1001,2024-01-01,216.53,10,East,Widget A
ORD-001708,CUS-1003,2024-01-01,252.84,1,West,Gadget C
ORD-001709,CUS-1001,01/02/2024,1476.86,25,North,Widget B
ORD-001710,CUS-1003,2024-06-30,1091.9,21,South,Widget B
ORD-001711,CUS-1001,2024-01-01,1301.34,47,South,Gadget C
ORD-001712,nan,01/02/2024,587.01,28,West,Widget A
ORD-001713,nan,2024-01-01,1768.55,46,South,Widget A
ORD-001714,CUS-1001,01/02/2024,-40.75,13,North,Gadget C
ORD-001715,CUS-1003,2024-01-01,1135.28,2,East,Gadget C
ORD-001716,CUS-1001,01/02/2024,1981.26,41,West,Widget A
ORD-001717,CUS-1002,2024-01-01,1545.38,1,South,Widget A
ORD-001718,CUS-1002,01/02/2024,1380.73,42,West,Widget B
ORD-001719,CUS-1003,2024-01-01,1734.63,26,East,Gadget C
ORD-001720,CUS-1001,01/02/2024,1981.99,29,North,Gadget C
ORD-001721,CUS-1001,2024-03-15,1626.94,11,  Central  ,Widget A
ORD-001722,CUS-1002,2024-03-15,1614.71,14,West,Widget A
ORD-001723,CUS-1002,2024-06-30,390.77,11,North,Widget B
ORD-001724,CUS-1002,2024-01-01,1747.96,37,South,Widget A
ORD-001725,CUS-1001,01/02/2024,1763.61,23,South,Widget A
ORD-001726,CUS-1001,2024-01-01,1198.13,5,North,Widget B
ORD-001727,CUS-1003,2024-06-30,1304.75,3,West,Widget A
ORD-001728,CUS-1001,01/02/2024,1251.31,36,North,Gadget C
ORD-001729,CUS-1001,2024-01-01,1094.45,33,North,Widget A
ORD-001730,nan,2024-01-01,374.93,16,East,Widget A
ORD-001731,CUS-1001,2024-03-15,1318.83,18,West,Widget B
ORD-001732,CUS-1002,2024-03-15,765.02,40,  Central  ,Widget A
ORD-001733,CUS-1001,2024-03-15,1077.64,4,North,Widget A
ORD-001734,CUS-1003,01/02/2024,1803.21,48,North,Widget A
ORD-001735,CUS-1002,2024-01-01,-129.16,42,East,Widget A
ORD-001736,nan,2024-06-30,1911.36,7,South,Gadget C
ORD-001737,CUS-1001,01/02/2024,1140.71,26,North,Gadget C
ORD-001738,CUS-1002,01/02/2024,1900.15,28,North,Widget A
ORD-001739,CUS-1003,01/02/2024,409.29,45,  Central  ,Widget A
ORD-001740,CUS-1001,01/02/2024,118.03,30,West,Widget B
ORD-001741,CUS-1001,2024-03-15,1245.81,1,South,Widget B
ORD-001742,CUS-1001,01/02/2024,1058.46,14,East,Widget B
ORD-001743,nan,not-a-date,1472.42,29,West,Gadget C
ORD-001744,CUS-1002,not-a-date,1206.89,19,  Central  ,Widget A
ORD-001745,CUS-1002,2024-01-01,1033.43,24,East,Widget B
ORD-001746,CUS-1002,2024-01-01,-135.71,47,  Central  ,Widget B
ORD-001747,CUS-1002,01/02/2024,653.58,46,West,Widget A
ORD-001748,CUS-1002,01/02/2024,550.38,14,East,Widget A
ORD-001749,CUS-1002,01/02/2024,1609.94,9,South,Widget A
ORD-001750,CUS-1002,not-a-date,709.76,47,  Central  ,Widget B
ORD-001751,CUS-1001,2024-01-01,1130.52,27,North,Widget A
ORD-001752,nan,2024-01-01,1231.96,29,East,nan
ORD-001753,CUS-1003,not-a-date,595.99,9,North,Widget A
ORD-001754,CUS-1001,2024-06-30,-429.09,32,North,Widget A
ORD-001755,CUS-1002,2024-01-01,90.99,43,North,Gadget C
ORD-001756,CUS-1001,2024-01-01,566.28,7,South,Gadget C
ORD-001757,nan,2024-01-01,-463.5,17,West,Widget A
ORD-001758,nan,2024-01-01,43.45,21,North,Widget B
ORD-001759,nan,01/02/2024,1648.1,23,West,Widget B
ORD-001760,CUS-1001,2024-01-01,1771.85,11,  Central  ,Widget B
ORD-001761,CUS-1001,2024-01-01,362.79,34,East,Widget B
ORD-001762,CUS-1001,01/02/2024,1214.83,11,West,Gadget C
ORD-001763,CUS-1001,01/02/2024,889.51,14,East,Widget B
ORD-001764,CUS-1001,01/02/2024,264.36,28,South,Widget B
ORD-001765,CUS-1001,2024-01-01,59.68,6,South,Widget B
ORD-001766,nan,2024-01-01,1330.46,42,East,Gadget C
ORD-001767,CUS-1001,2024-01-01,168.58,22,North,Gadget C
ORD-001768,CUS-1001,2024-06-30,1783.13,48,South,Widget B
ORD-001769,CUS-1003,2024-01-01,1581.42,19,North,Widget B
ORD-001770,CUS-1002,01/02/2024,1451.34,1,East,Widget B
ORD-001771,CUS-1003,01/02/2024,1687.1,18,North,Widget A
ORD-001772,CUS-1002,not-a-date,222.17,31,West,Gadget C
ORD-001773,nan,2024-01-01,1257.54,1,South,Widget A
ORD-001774,CUS-1002,2024-01-01,420.72,24,West,Widget A
ORD-001775,CUS-1002,2024-03-15,1044.32,39,South,Widget A
ORD-001776,CUS-1002,2024-01-01,723.52,44,West,Widget B
ORD-001777,CUS-1002,01/02/2024,-40.7,37,West,Widget A
ORD-001778,CUS-1001,2024-01-01,1471.72,13,South,Widget A
ORD-001779,CUS-1002,2024-06-30,610.72,35,South,Widget A
ORD-001780,CUS-1001,2024-03-15,254.58,39,West,Gadget C
ORD-001781,CUS-1003,2024-01-01,1760.04,21,  Central  ,nan
ORD-001782,CUS-1001,2024-03-15,277.92,33,North,Widget A
ORD-001783,CUS-1001,2024-03-15,-28.64,25,West,Gadget C
ORD-001784,CUS-1001,01/02/2024,57.19,21,North,Widget A
ORD-001785,CUS-1003,2024-01-01,1041.96,33,  Central  ,Widget B
ORD-001786,CUS-1001,2024-01-01,1652.37,48,West,Widget A
ORD-001787,CUS-1002,01/02/2024,1703.94,47,  Central  ,Gadget C
ORD-001788,CUS-1003,2024-01-01,1490.13,1,North,Widget A
ORD-001789,CUS-1001,not-a-date,947.98,14,North,Widget B
ORD-001790,CUS-1003,2024-01-01,1780.01,41,South,Widget B
ORD-001791,CUS-1001,01/02/2024,1536.59,37,North,Gadget C
ORD-001792,CUS-1001,2024-01-01,1779.59,36,North,Widget A
ORD-001793,CUS-1002,01/02/2024,486.54,31,North,Widget B
ORD-001794,nan,2024-01-01,1206.56,21,North,Widget B
ORD-001795,CUS-1001,2024-01-01,52.94,32,North,Widget A
ORD-001796,CUS-1002,2024-01-01,1047.76,41,South,Widget A
ORD-001797,CUS-1001,01/02/2024,1755.0,5,East,Widget B
ORD-001798,CUS-1002,2024-01-01,1479.55,1,North,Widget A
ORD-001799,CUS-1002,2024-03-15,1554.58,38,East,Widget B
ORD-001800,CUS-1002,2024-01-01,641.01,4,East,nan
ORD-001801,CUS-1002,01/02/2024,802.33,21,South,Widget A
ORD-001802,CUS-1001,01/02/2024,1972.65,7,South,Gadget C
ORD-001803,CUS-1002,2024-01-01,541.88,17,  Central  ,Widget B
ORD-001804,CUS-1002,2024-01-01,181.62,10,South,Widget B
ORD-001805,CUS-1002,2024-01-01,784.14,22,  Central  ,Widget A
ORD-001806,CUS-1001,01/02/2024,-315.63,1,North,Gadget C
ORD-001807,CUS-1002,2024-06-30,-336.47,43,North,Widget B
ORD-001808,CUS-1001,2024-01-01,96.98,35,West,Widget B
ORD-001809,CUS-1001,2024-03-15,1332.8,33,East,Gadget C
ORD-001810,CUS-1001,01/02/2024,1473.86,39,West,Widget A
ORD-001811,CUS-1002,01/02/2024,1209.52,1,East,Widget A
ORD-001812,CUS-1002,01/02/2024,350.96,27,  Central  ,Widget A
ORD-001813,CUS-1001,2024-06-30,390.2,12,North,Gadget C
ORD-001814,CUS-1003,01/02/2024,820.6,43,North,Gadget C
ORD-001815,CUS-1002,2024-03-15,722.83,35,North,Widget A
ORD-001816,CUS-1003,2024-01-01,212.74,4,East,Widget B
ORD-001817,CUS-1002,2024-03-15,1720.09,43,South,Gadget C
ORD-001818,CUS-1002,2024-06-30,1849.99,30,West,Widget A
ORD-001819,CUS-1002,2024-06-30,296.2,27,North,Widget A
ORD-001820,nan,2024-01-01,1129.06,7,North,nan
ORD-001821,CUS-1002,2024-03-15,865.26,30,North,Widget A
ORD-001822,CUS-1002,2024-01-01,823.92,19,  Central  ,Widget B
ORD-001823,CUS-1002,01/02/2024,1164.86,14,West,Widget B
ORD-001824,CUS-1002,2024-01-01,915.28,11,North,Widget A
ORD-001825,CUS-1001,01/02/2024,908.49,7,East,Widget B
ORD-001826,CUS-1002,2024-01-01,295.83,41,South,Gadget C
ORD-001827,CUS-1002,2024-01-01,1424.17,22,  Central  ,Widget B
ORD-001828,nan,2024-01-01,1164.06,14,North,Gadget C
ORD-001829,CUS-1002,2024-01-01,121.45,27,North,Widget A
ORD-001830,CUS-1002,2024-01-01,757.11,17,North,Widget A
ORD-001831,nan,2024-03-15,443.38,28,  Central  ,Widget A
ORD-001832,CUS-1002,2024-03-15,786.03,2,  Central  ,Widget B
ORD-001833,CUS-1001,2024-03-15,246.53,10,North,Widget A
ORD-001834,CUS-1001,2024-03-15,1224.99,33,East,nan
ORD-001835,CUS-1001,2024-01-01,1167.23,4,East,Gadget C
ORD-001836,CUS-1001,01/02/2024,1189.62,48,North,nan
ORD-001837,CUS-1002,01/02/2024,738.55,17,North,Widget A
ORD-001838,CUS-1003,2024-01-01,1446.86,29,North,Widget B
ORD-001839,CUS-1002,01/02/2024,1686.87,40,West,Gadget C
ORD-001840,CUS-1001,2024-03-15,838.53,24,  Central  ,Widget A
ORD-001841,CUS-1002,01/02/2024,871.77,14,North,Widget B
ORD-001842,CUS-1001,2024-03-15,1797.91,43,North,Widget A
ORD-001843,nan,2024-01-01,1214.28,34,South,nan
ORD-001844,CUS-1001,2024-03-15,1024.27,36,South,Widget B
ORD-001845,CUS-1002,2024-01-01,1476.92,13,North,nan
ORD-001846,CUS-1001,not-a-date,627.19,5,North,Widget A
ORD-001847,CUS-1002,2024-01-01,75.19,12,North,Gadget C
ORD-001848,CUS-1001,2024-01-01,1406.82,36,South,Widget A
ORD-001849,CUS-1003,2024-01-01,1295.67,11,West,Widget A
ORD-001850,CUS-1001,2024-01-01,862.8,39,South,Gadget C
ORD-001851,nan,2024-01-01,-45.64,22,  Central  ,Widget A
ORD-001852,CUS-1002,2024-01-01,1880.74,15,West,Widget B
ORD-001853,CUS-1003,01/02/2024,-99.11,14,East,Widget A
ORD-001854,CUS-1003,2024-06-30,777.24,4,West,Gadget C
ORD-001855,nan,2024-01-01,410.1,18,North,Widget B
ORD-001856,CUS-1001,01/02/2024,1115.13,46,East,Widget B
ORD-001857,CUS-1001,not-a-date,52.31,29,  Central  ,Gadget C
ORD-001858,CUS-1001,2024-01-01,919.84,39,East,Widget A
ORD-001859,CUS-1001,2024-03-15,1976.9,41,South,Gadget C
ORD-001860,CUS-1002,2024-01-01,1481.01,35,East,Widget A
ORD-001861,nan,2024-01-01,1970.01,38,North,Widget A
ORD-001862,nan,2024-01-01,798.07,22,South,Widget B
ORD-001863,CUS-1002,2024-01-01,183.38,22,South,Widget A
ORD-001864,CUS-1002,01/02/2024,1930.57,21,North,Widget A
ORD-001865,CUS-1003,2024-03-15,1731.84,15,West,Gadget C
ORD-001866,nan,2024-01-01,1129.45,3,East,Gadget C
ORD-001867,CUS-1001,2024-06-30,467.39,33,West,Gadget C
ORD-001868,CUS-1002,2024-01-01,1480.11,32,East,Widget A
ORD-001869,CUS-1003,2024-01-01,48.27,22,West,Gadget C
ORD-001870,CUS-1001,not-a-date,1829.72,33,North,Widget B
ORD-001871,CUS-1002,not-a-date,1397.39,38,North,Gadget C
ORD-001872,nan,01/02/2024,359.83,45,South,Widget B
ORD-001873,nan,2024-01-01,337.43,43,North,Gadget C
ORD-001874,nan,2024-01-01,125.37,17,West,Gadget C
ORD-001875,CUS-1003,2024-01-01,1543.27,15,South,Gadget C
ORD-001876,CUS-1001,2024-03-15,264.43,24,  Central  ,Widget B
ORD-001877,CUS-1001,2024-01-01,1044.94,19,North,Widget A
ORD-001878,CUS-1002,01/02/2024,-330.77,34,  Central  ,Widget A
ORD-001879,CUS-1002,2024-01-01,1102.66,2,West,Widget A
ORD-001880,CUS-1002,2024-01-01,1392.67,14,West,Widget B
ORD-001881,CUS-1002,2024-01-01,427.82,22,South,Widget A
ORD-001882,CUS-1001,01/02/2024,408.99,5,South,Widget A
ORD-001883,CUS-1002,01/02/2024,681.82,22,West,Widget A
ORD-001884,CUS-1001,2024-06-30,1871.03,8,  Central  ,Gadget C
ORD-001885,CUS-1001,not-a-date,893.62,45,North,Gadget C
ORD-001886,CUS-1001,01/02/2024,521.35,5,East,Widget A
ORD-001887,CUS-1001,2024-01-01,1043.91,20,North,Widget A
ORD-001888,CUS-1003,2024-06-30,368.94,13,South,Widget B
ORD-001889,CUS-1002,not-a-date,1532.73,21,East,Gadget C
ORD-001890,CUS-1001,not-a-date,645.35,36,North,Widget B
ORD-001891,CUS-1003,2024-01-01,1965.45,17,North,nan
ORD-001892,CUS-1002,2024-01-01,1263.49,36,North,Widget B
ORD-001893,CUS-1001,2024-03-15,1227.01,6,North,Widget A
ORD-001894,CUS-1001,2024-01-01,588.14,49,North,Gadget C
ORD-001895,CUS-1001,2024-01-01,365.03,30,North,Widget A
ORD-001896,CUS-1002,2024-01-01,164.75,45,South,Widget A
ORD-001897,CUS-1001,01/02/2024,1712.79,11,South,Widget A
ORD-001898,CUS-1001,2024-01-01,1959.45,34,North,Widget A
ORD-001899,CUS-1001,01/02/2024,438.36,26,North,Widget B
ORD-001900,CUS-1002,01/02/2024,1986.92,14,South,Widget A
ORD-001901,CUS-1001,01/02/2024,1235.67,38,North,Gadget C
ORD-001902,CUS-1003,2024-01-01,1575.55,25,North,nan
ORD-001903,CUS-1001,2024-06-30,1976.82,36,North,nan
ORD-001904,CUS-1002,2024-01-01,1950.78,1,North,Widget B
ORD-001905,CUS-1002,2024-01-01,1140.39,6,East,Widget B
ORD-001906,CUS-1002,2024-01-01,1058.87,39,North,Widget A
ORD-001907,CUS-1001,2024-01-01,1354.75,21,South,Widget B
ORD-001908,CUS-1003,01/02/2024,447.35,10,West,Widget B
ORD-001909,nan,2024-01-01,783.72,40,North,Gadget C
ORD-001910,CUS-1001,not-a-date,1656.89,8,South,Widget A
ORD-001911,CUS-1001,2024-01-01,228.49,1,East,Widget B
ORD-001912,nan,2024-06-30,923.51,28,North,Widget A
ORD-001913,CUS-1002,01/02/2024,638.23,8,East,Widget A
ORD-001914,CUS-1001,2024-01-01,1169.18,35,East,nan
ORD-001915,CUS-1001,01/02/2024,386.9,21,  Central  ,Gadget C
ORD-001916,CUS-1002,2024-01-01,1856.84,45,  Central  ,Widget A
ORD-001917,CUS-1002,2024-06-30,1585.46,25,North,Widget A
ORD-001918,CUS-1002,2024-03-15,171.72,10,West,Widget B
ORD-001919,nan,01/02/2024,658.46,26,North,Widget A
ORD-001920,CUS-1002,2024-01-01,95.95,32,South,Widget B
ORD-001921,CUS-1001,2024-06-30,-165.93,44,South,Gadget C
ORD-001922,CUS-1002,01/02/2024,853.05,7,North,Widget A
ORD-001923,CUS-1001,01/02/2024,665.62,37,South,nan
ORD-001924,CUS-1001,2024-01-01,1046.03,30,West,Widget A
ORD-001925,CUS-1001,2024-01-01,588.88,47,North,Widget A
ORD-001926,CUS-1001,2024-03-15,671.04,29,East,Widget B
ORD-001927,CUS-1002,01/02/2024,1916.77,48,  Central  ,Widget B
ORD-001928,CUS-1001,2024-03-15,1751.06,28,North,Widget B
ORD-001929,CUS-1002,01/02/2024,36.62,3,North,Widget B
ORD-001930,CUS-1002,01/02/2024,1208.53,6,South,Gadget C
ORD-001931,CUS-1002,2024-01-01,292.9,5,North,Widget A
ORD-001932,CUS-1003,2024-03-15,1580.98,27,North,Widget A
ORD-001933,CUS-1003,2024-01-01,1673.54,40,South,Widget B
ORD-001934,CUS-1002,not-a-date,1324.15,28,East,Widget B
ORD-001935,CUS-1001,2024-01-01,1349.6,46,West,Widget B
ORD-001936,CUS-1002,01/02/2024,1704.37,25,North,Widget A
ORD-001937,CUS-1002,not-a-date,212.66,34,East,Gadget C
ORD-001938,CUS-1001,2024-03-15,1418.26,10,West,Widget A
ORD-001939,CUS-1001,2024-01-01,248.67,1,East,Widget A
ORD-001940,CUS-1001,2024-03-15,94.19,36,South,Widget A
ORD-001941,CUS-1002,2024-01-01,1280.82,5,South,Widget B
ORD-001942,CUS-1001,2024-01-01,551.45,47,West,Gadget C
ORD-001943,CUS-1001,2024-03-15,101.3,48,North,Widget B
ORD-001944,CUS-1003,2024-03-15,135.62,11,North,Widget A
ORD-001945,nan,2024-01-01,1959.59,5,North,Widget A
ORD-001946,CUS-1001,2024-06-30,453.96,44,South,Widget A
ORD-001947,nan,2024-01-01,821.59,45,East,Widget A
ORD-001948,CUS-1001,2024-06-30,540.39,27,East,Widget B
ORD-001949,nan,2024-03-15,1871.31,19,North,Gadget C
ORD-001950,nan,2024-06-30,156.91,23,  Central  ,Gadget C
ORD-001951,CUS-1001,2024-03-15,1090.98,46,South,Gadget C
ORD-001952,CUS-1003,2024-06-30,960.8,28,North,Widget A
ORD-001953,nan,01/02/2024,1387.3,10,East,Widget A
ORD-001954,nan,2024-01-01,1797.65,34,North,nan
ORD-001955,nan,2024-01-01,10.79,48,  Central  ,Widget B
ORD-001956,CUS-1002,2024-03-15,42.95,3,East,Widget A
ORD-001957,CUS-1001,2024-01-01,760.79,26,South,Gadget C
ORD-001958,CUS-1003,2024-06-30,809.22,27,South,Widget A
ORD-001959,CUS-1002,2024-01-01,1782.05,38,North,Widget A
ORD-001960,CUS-1002,not-a-date,564.94,28,South,Widget B
ORD-001961,CUS-1001,2024-01-01,1698.19,11,East,Widget A
ORD-001962,CUS-1002,2024-03-15,187.65,30,North,Widget A
ORD-001963,CUS-1001,2024-06-30,164.03,7,East,Widget A
ORD-001964,CUS-1002,2024-01-01,1492.79,27,South,Widget B
ORD-001965,CUS-1001,01/02/2024,1527.66,12,North,nan
ORD-001966,CUS-1002,2024-01-01,198.03,49,North,nan
ORD-001967,CUS-1003,2024-03-15,1986.18,37,North,Widget B
ORD-001968,CUS-1002,2024-03-15,170.12,37,  Central  ,Gadget C
ORD-001969,CUS-1002,2024-01-01,1769.52,1,South,Widget A
ORD-001970,CUS-1001,2024-01-01,395.9,22,  Central  ,Widget B
ORD-001971,nan,2024-01-01,53.75,34,East,Widget B
ORD-001972,CUS-1002,2024-01-01,1711.04,24,North,Widget B
ORD-001973,CUS-1001,2024-03-15,376.82,6,North,Widget A
ORD-001974,CUS-1001,2024-01-01,1063.54,26,East,Gadget C
ORD-001975,CUS-1001,2024-06-30,1655.34,33,North,Widget B
ORD-001976,CUS-1002,2024-06-30,317.89,36,East,Widget B
ORD-001977,nan,2024-06-30,1484.7,15,West,Widget A
ORD-001978,CUS-1002,01/02/2024,1067.77,29,South,Widget A
ORD-001979,CUS-1001,2024-01-01,519.17,45,West,Widget A
ORD-001980,CUS-1003,2024-03-15,92.7,47,  Central  ,Widget A
ORD-001981,CUS-1001,2024-03-15,533.24,16,South,Widget A
ORD-001982,CUS-1003,2024-06-30,855.27,34,South,Gadget C
ORD-001983,CUS-1001,2024-01-01,742.17,45,South,Widget A
ORD-001984,CUS-1002,2024-01-01,1436.63,4,South,Widget A
ORD-001985,nan,2024-06-30,825.55,28,North,Gadget C
ORD-001986,CUS-1001,2024-03-15,766.88,38,North,Widget B
ORD-001987,CUS-1002,2024-01-01,1626.38,11,West,Widget B
ORD-001988,nan,2024-03-15,933.22,15,West,Widget A
ORD-001989,CUS-1001,2024-01-01,1971.13,42,South,Widget B
ORD-001990,CUS-1001,01/02/2024,1153.18,9,North,Widget B
ORD-001991,CUS-1002,2024-01-01,-284.56,15,West,Widget B
ORD-001992,CUS-1001,2024-01-01,1765.57,41,West,nan
ORD-001993,CUS-1001,2024-01-01,833.93,30,South,Widget A
ORD-001994,CUS-1002,2024-01-01,1229.21,32,West,Widget B
ORD-001995,CUS-1003,2024-01-01,290.19,27,West,Widget A
ORD-001996,CUS-1001,2024-01-01,1058.77,19,North,Widget A
ORD-001997,CUS-1001,2024-01-01,853.71,39,South,Widget A
ORD-001998,CUS-1003,01/02/2024,972.66,15,North,Widget B
ORD-001999,CUS-1002,2024-03-15,376.71,13,North,Gadget C
ORD-002000,CUS-1003,01/02/2024,1733.78,23,South,Gadget C
ORD-002001,CUS-1002,2024-01-01,169.14,7,North,Widget A
ORD-002002,nan,2024-01-01,1564.59,31,West,Widget B
ORD-002003,CUS-1002,2024-03-15,1888.81,45,South,Widget B
ORD-002004,CUS-1001,not-a-date,221.61,36,West,Widget B
ORD-002005,nan,2024-06-30,873.03,16,East,Widget A
ORD-002006,CUS-1002,2024-06-30,1174.05,5,East,Widget B
ORD-002007,CUS-1001,01/02/2024,1982.76,31,East,Widget B
ORD-002008,CUS-1001,not-a-date,1732.11,26,North,Gadget C
ORD-002009,CUS-1002,2024-01-01,834.32,43,North,Widget B
ORD-002010,CUS-1001,2024-03-15,1936.15,24,South,Widget B
ORD-002011,CUS-1001,2024-06-30,669.22,4,East,Widget A
ORD-002012,CUS-1001,2024-03-15,686.58,45,West,Widget A
ORD-002013,CUS-1002,2024-01-01,1017.45,15,North,Gadget C
ORD-002014,CUS-1001,2024-01-01,1561.36,38,North,Widget B
ORD-002015,CUS-1002,2024-01-01,392.41,5,West,Widget B
ORD-002016,CUS-1001,2024-01-01,1487.51,48,South,nan
ORD-002017,CUS-1001,2024-03-15,15.37,46,South,Widget A
ORD-002018,CUS-1002,2024-03-15,-361.05,4,North,Widget B
ORD-002019,CUS-1001,2024-01-01,1949.19,47,North,Widget A
ORD-002020,CUS-1002,2024-03-15,1316.37,39,North,Widget A
ORD-002021,CUS-1001,2024-01-01,930.5,45,East,Widget A
ORD-002022,CUS-1001,01/02/2024,1466.21,12,North,Gadget C
ORD-002023,CUS-1001,2024-01-01,876.16,18,West,Widget B
ORD-002024,CUS-1002,01/02/2024,222.31,25,East,Widget A
ORD-002025,CUS-1001,2024-03-15,-389.73,24,North,Widget A
ORD-002026,CUS-1003,2024-03-15,1911.25,36,  Central  ,Gadget C
ORD-002027,CUS-1001,2024-03-15,552.48,45,  Central  ,Widget A
ORD-002028,CUS-1002,2024-01-01,115.22,43,  Central  ,Widget B
ORD-002029,CUS-1002,01/02/2024,1485.28,44,North,Widget A
ORD-002030,CUS-1001,2024-01-01,914.27,16,East,Widget B
ORD-002031,CUS-1002,2024-01-01,-255.02,1,South,Widget B
ORD-002032,CUS-1001,01/02/2024,980.2,9,South,Gadget C
ORD-002033,CUS-1002,01/02/2024,1860.7,9,South,Widget A
ORD-002034,CUS-1001,2024-06-30,508.0,39,East,Widget B
ORD-002035,CUS-1003,2024-01-01,409.03,21,North,Widget A
ORD-002036,nan,2024-03-15,1072.48,19,South,Widget A
ORD-002037,CUS-1001,2024-01-01,931.98,37,  Central  ,Widget A
ORD-002038,CUS-1002,01/02/2024,308.1,4,East,Gadget C
ORD-002039,CUS-1003,2024-03-15,1165.51,19,  Central  ,Gadget C
ORD-002040,CUS-1001,2024-03-15,1153.24,20,North,Widget A
ORD-002041,CUS-1003,not-a-date,1214.81,11,East,Widget B
ORD-002042,CUS-1002,2024-03-15,832.98,16,East,Widget A
ORD-002043,nan,2024-01-01,587.2,41,South,Gadget C
ORD-002044,nan,2024-06-30,663.37,34,North,nan
ORD-002045,CUS-1001,2024-06-30,1670.37,17,North,Gadget C
ORD-002046,CUS-1002,2024-01-01,1253.94,43,East,Widget B
ORD-002047,CUS-1002,2024-01-01,802.07,6,North,Widget A
ORD-002048,CUS-1001,2024-01-01,1230.4,44,North,Widget A
ORD-002049,CUS-1001,2024-03-15,705.73,32,West,Widget A
ORD-002050,nan,2024-06-30,1726.67,11,West,Widget A
ORD-002051,CUS-1001,2024-03-15,-86.78,43,West,Widget A
ORD-002052,CUS-1002,2024-01-01,210.89,7,East,Widget B
ORD-002053,CUS-1003,2024-01-01,121.78,29,East,Widget A
ORD-002054,CUS-1001,01/02/2024,76.5,29,East,Widget B
ORD-002055,CUS-1002,2024-01-01,64.79,49,West,Gadget C
ORD-002056,nan,2024-01-01,998.85,11,East,Widget B
ORD-002057,CUS-1002,2024-01-01,369.88,43,North,Gadget C
ORD-002058,CUS-1001,2024-01-01,1352.32,7,South,Gadget C
ORD-002059,CUS-1001,2024-01-01,970.7,12,East,Widget A
ORD-002060,nan,2024-03-15,196.02,2,East,Gadget C
ORD-002061,CUS-1001,2024-01-01,21.61,17,  Central  ,Gadget C
ORD-002062,CUS-1002,2024-01-01,83.08,36,South,Widget A
ORD-002063,CUS-1001,01/02/2024,1071.34,10,West,Widget B
ORD-002064,CUS-1002,2024-06-30,1177.34,4,West,Widget A
ORD-002065,nan,2024-03-15,712.5,28,West,Widget A
ORD-002066,CUS-1002,01/02/2024,167.01,1,East,nan
ORD-002067,nan,2024-03-15,1870.03,32,West,Gadget C
ORD-002068,CUS-1001,2024-03-15,-362.85,37,West,Widget B
ORD-002069,CUS-1002,01/02/2024,864.32,37,West,Widget A
ORD-002070,CUS-1003,2024-01-01,769.1,5,South,Widget A
ORD-002071,CUS-1002,01/02/2024,128.34,26,North,Widget B
ORD-002072,CUS-1001,2024-01-01,1423.79,16,East,Widget A
ORD-002073,CUS-1003,2024-01-01,1332.97,7,South,Widget B
ORD-002074,CUS-1001,2024-01-01,337.28,8,  Central  ,Widget A
ORD-002075,CUS-1002,2024-01-01,544.48,13,East,nan
ORD-002076,nan,2024-01-01,1098.37,37,West,Widget A
ORD-002077,CUS-1001,01/02/2024,759.76,23,East,Widget A
ORD-002078,CUS-1001,2024-01-01,1995.88,5,East,Widget A
ORD-002079,CUS-1001,2024-01-01,997.99,14,  Central  ,Widget A
ORD-002080,CUS-1001,2024-01-01,1765.64,9,North,Widget A
ORD-002081,CUS-1001,2024-01-01,417.18,3,West,Widget B
ORD-002082,CUS-1002,2024-03-15,1116.88,43,West,Gadget C
ORD-002083,CUS-1001,2024-01-01,650.37,44,  Central  ,Gadget C
ORD-002084,CUS-1002,2024-01-01,1869.66,3,North,Widget B
ORD-002085,CUS-1001,2024-01-01,1106.85,26,West,nan
ORD-002086,CUS-1001,2024-01-01,1311.35,43,North,Widget A
ORD-002087,CUS-1001,2024-01-01,161.28,30,North,Gadget C
ORD-002088,CUS-1002,2024-01-01,980.5,17,South,Widget A
ORD-002089,CUS-1002,01/02/2024,1163.15,6,North,Widget B
ORD-002090,CUS-1001,2024-06-30,587.9,5,South,Gadget C
ORD-002091,CUS-1003,01/02/2024,1474.18,45,  Central  ,Widget B
ORD-002092,CUS-1002,2024-01-01,938.49,32,East,Widget A
ORD-002093,CUS-1001,2024-01-01,1127.01,43,East,Widget A
ORD-002094,nan,2024-03-15,728.25,48,West,Gadget C
ORD-002095,CUS-1001,2024-01-01,1356.25,20,West,Gadget C
ORD-002096,CUS-1001,2024-06-30,-210.32,35,  Central  ,Widget B
ORD-002097,CUS-1002,01/02/2024,1017.39,10,West,Widget A
ORD-002098,CUS-1001,2024-01-01,1792.32,34,West,Widget A
ORD-002099,CUS-1001,2024-01-01,478.02,39,North,Widget A
ORD-002100,CUS-1002,2024-06-30,1738.21,27,East,Widget B
ORD-002101,CUS-1001,2024-06-30,1771.25,29,South,Widget A
ORD-002102,CUS-1003,not-a-date,468.56,23,North,Widget A
ORD-002103,nan,2024-01-01,170.64,41,North,Widget B
ORD-002104,CUS-1002,2024-03-15,1531.19,25,South,Widget A
ORD-002105,CUS-1002,2024-01-01,1917.58,24,  Central  ,Widget A
ORD-002106,CUS-1002,2024-01-01,518.88,19,South,Widget A
ORD-002107,nan,01/02/2024,1826.88,44,West,Widget B
ORD-002108,CUS-1001,2024-06-30,424.25,5,North,Widget A
ORD-002109,CUS-1001,2024-01-01,725.02,36,North,Widget B
ORD-002110,CUS-1002,2024-01-01,1772.95,21,West,Widget A
ORD-002111,CUS-1002,2024-01-01,615.08,18,South,Widget A
ORD-002112,CUS-1001,2024-01-01,1513.83,22,East,Gadget C
ORD-002113,CUS-1002,2024-01-01,302.47,37,North,Widget A
ORD-002114,CUS-1001,not-a-date,763.74,18,North,Widget B
ORD-002115,nan,2024-01-01,1882.07,16,South,Widget A
ORD-002116,CUS-1001,01/02/2024,460.3,49,East,Widget B
ORD-002117,CUS-1001,2024-01-01,1406.39,22,North,Widget A
ORD-002118,CUS-1001,2024-01-01,1839.91,40,West,Widget A
ORD-002119,CUS-1001,2024-01-01,1572.06,20,North,Widget B
ORD-002120,CUS-1001,2024-01-01,1896.5,48,East,nan
ORD-002121,CUS-1001,01/02/2024,1888.06,21,East,Widget A
ORD-002122,CUS-1001,01/02/2024,236.14,18,South,Widget B
ORD-002123,CUS-1001,2024-06-30,1207.31,36,South,Widget A
ORD-002124,CUS-1001,2024-01-01,-266.26,40,North,Widget B
ORD-002125,CUS-1001,01/02/2024,1368.65,13,East,Gadget C
ORD-002126,CUS-1001,2024-06-30,1487.67,46,South,Widget A
ORD-002127,CUS-1001,2024-01-01,498.02,16,North,Gadget C
ORD-002128,CUS-1001,not-a-date,1601.74,44,North,Gadget C
ORD-002129,CUS-1001,2024-06-30,824.31,26,East,Gadget C
ORD-002130,CUS-1001,2024-03-15,1316.91,29,West,Widget A
ORD-002131,CUS-1003,01/02/2024,861.14,14,North,Widget B
ORD-002132,nan,2024-03-15,698.77,8,West,Widget A
ORD-002133,nan,2024-01-01,1390.85,7,South,Widget A
ORD-002134,CUS-1002,01/02/2024,1088.39,6,North,Widget B
ORD-002135,CUS-1002,2024-06-30,1707.32,35,South,Widget B
ORD-002136,CUS-1001,2024-01-01,1574.16,31,West,Widget B
ORD-002137,CUS-1003,2024-03-15,-309.54,30,  Central  ,Widget A
ORD-002138,CUS-1003,01/02/2024,1533.89,46,South,Widget A
ORD-002139,CUS-1003,2024-01-01,1834.51,47,South,Widget A
ORD-002140,nan,01/02/2024,-423.88,24,South,Gadget C
ORD-002141,CUS-1002,2024-03-15,1284.56,37,South,Gadget C
ORD-002142,CUS-1003,01/02/2024,173.99,4,South,Widget A
ORD-002143,CUS-1003,2024-03-15,1004.3,29,North,Widget A
ORD-002144,CUS-1001,2024-01-01,1724.08,22,East,Widget A
ORD-002145,nan,2024-06-30,1453.94,14,South,Widget B
ORD-002146,CUS-1001,01/02/2024,1170.03,19,East,Widget A
ORD-002147,nan,2024-03-15,1391.03,10,East,Gadget C
ORD-002148,CUS-1003,2024-01-01,354.85,26,West,Gadget C
ORD-002149,CUS-1001,2024-01-01,1862.3,26,South,Widget B
ORD-002150,CUS-1002,2024-06-30,432.82,6,  Central  ,Widget B
ORD-002151,CUS-1001,2024-01-01,342.27,23,East,Widget B
ORD-002152,CUS-1003,2024-01-01,288.61,16,East,Widget A
ORD-002153,CUS-1003,2024-03-15,1873.08,20,East,Widget B
ORD-002154,CUS-1002,2024-03-15,-397.08,44,North,Widget B
ORD-002155,CUS-1003,not-a-date,1070.8,22,North,Widget A
ORD-002156,CUS-1001,2024-03-15,764.26,33,East,Widget A
ORD-002157,CUS-1001,2024-06-30,64.28,11,  Central  ,Widget B
ORD-002158,CUS-1001,2024-01-01,142.66,48,West,Gadget C
ORD-002159,CUS-1001,01/02/2024,41.36,21,North,Widget A
ORD-002160,CUS-1002,2024-03-15,1082.6,16,South,Widget A
ORD-002161,CUS-1001,2024-03-15,395.03,2,South,Widget A
ORD-002162,CUS-1001,2024-01-01,810.22,42,South,Widget A
ORD-002163,CUS-1002,2024-01-01,926.05,28,North,Widget B
ORD-002164,CUS-1003,01/02/2024,1069.83,8,East,Widget A
ORD-002165,CUS-1001,2024-03-15,1786.68,28,South,Widget A
ORD-002166,nan,01/02/2024,96.04,14,West,Gadget C
ORD-002167,CUS-1002,2024-03-15,993.52,33,South,Widget A
ORD-002168,CUS-1001,2024-03-15,272.41,9,  Central  ,Widget A
ORD-002169,CUS-1002,2024-01-01,1853.77,35,West,Widget A
ORD-002170,CUS-1001,01/02/2024,1835.74,9,South,Gadget C
ORD-002171,CUS-1001,01/02/2024,288.48,34,West,Gadget C
ORD-002172,CUS-1002,2024-01-01,243.54,15,East,Gadget C
ORD-002173,CUS-1001,2024-01-01,228.64,40,South,Widget B
ORD-002174,CUS-1001,01/02/2024,205.19,27,East,Widget B
ORD-002175,CUS-1002,2024-03-15,324.61,7,East,Widget A
ORD-002176,CUS-1001,2024-01-01,319.82,43,North,nan
ORD-002177,CUS-1003,2024-01-01,335.37,44,North,nan
ORD-002178,CUS-1001,2024-01-01,305.67,16,West,Gadget C
ORD-002179,nan,2024-03-15,762.05,20,North,Gadget C
ORD-002180,CUS-1003,01/02/2024,515.25,1,East,Widget B
ORD-002181,nan,2024-01-01,839.99,33,West,Widget B
ORD-002182,CUS-1003,2024-06-30,1788.55,23,South,Widget B
ORD-002183,CUS-1001,2024-01-01,710.41,6,West,Widget A
ORD-002184,CUS-1002,2024-01-01,580.08,32,West,Widget B
ORD-002185,CUS-1001,2024-01-01,1829.57,11,South,Widget A
ORD-002186,CUS-1003,2024-03-15,650.0,12,South,Gadget C
ORD-002187,CUS-1002,2024-03-15,252.79,46,East,Widget A
ORD-002188,CUS-1001,2024-01-01,1241.78,37,  Central  ,Widget B
ORD-002189,nan,2024-03-15,570.77,7,East,Widget A
ORD-002190,CUS-1001,2024-03-15,1044.72,28,North,Widget B
ORD-002191,CUS-1002,not-a-date,1538.29,23,South,Gadget C
ORD-002192,CUS-1002,2024-06-30,1135.48,8,East,Gadget C
ORD-002193,CUS-1001,2024-03-15,1619.45,5,South,Gadget C
ORD-002194,CUS-1002,2024-01-01,695.96,43,North,Widget B
ORD-002195,CUS-1003,2024-01-01,345.67,5,West,Widget B
ORD-002196,CUS-1001,2024-06-30,795.39,30,East,Widget A
ORD-002197,CUS-1002,01/02/2024,829.74,49,West,nan
ORD-002198,CUS-1001,01/02/2024,1434.78,19,North,Widget B
ORD-002199,CUS-1002,2024-06-30,1376.81,32,North,Widget A
ORD-002200,CUS-1001,not-a-date,625.65,22,North,Gadget C
ORD-002201,nan,2024-03-15,1859.36,32,East,Widget B
ORD-002202,nan,not-a-date,558.42,14,  Central  ,Widget B
ORD-002203,CUS-1001,2024-01-01,1992.96,14,West,Widget A
ORD-002204,CUS-1001,2024-03-15,75.08,28,South,Widget A
ORD-002205,CUS-1002,2024-06-30,1350.74,8,South,Widget B
ORD-002206,CUS-1002,2024-01-01,1244.22,28,South,Widget A
ORD-002207,CUS-1002,2024-01-01,1174.01,31,North,Widget B
ORD-002208,CUS-1001,2024-03-15,1560.48,49,East,Widget B
ORD-002209,CUS-1001,01/02/2024,1185.84,13,North,Widget A
ORD-002210,nan,2024-01-01,1223.74,6,West,Widget A
ORD-002211,CUS-1002,2024-01-01,1755.94,14,East,Gadget C
ORD-002212,CUS-1003,2024-01-01,381.62,40,North,Widget B
ORD-002213,CUS-1002,2024-01-01,1067.0,21,West,Widget A
ORD-002214,nan,not-a-date,1427.08,9,West,Widget B
ORD-002215,CUS-1001,01/02/2024,622.68,12,West,Widget B
ORD-002216,CUS-1001,2024-03-15,446.77,40,North,Widget A
ORD-002217,nan,2024-01-01,266.51,47,South,Widget A
ORD-002218,nan,2024-01-01,532.75,8,North,Widget A
ORD-002219,CUS-1001,2024-01-01,1335.49,29,  Central  ,Widget A
ORD-002220,CUS-1001,not-a-date,1233.78,49,South,Widget A
ORD-002221,CUS-1002,2024-06-30,351.79,4,West,nan
ORD-002222,CUS-1001,2024-01-01,987.4,8,South,Widget B
ORD-002223,CUS-1001,2024-06-30,435.4,24,North,Widget A
ORD-002224,nan,2024-01-01,1872.59,4,South,Widget A
ORD-002225,CUS-1001,2024-01-01,1451.03,28,East,Widget A
ORD-002226,CUS-1002,2024-03-15,354.92,34,South,Widget A
ORD-002227,CUS-1001,2024-01-01,-392.21,18,South,Gadget C
ORD-002228,CUS-1001,2024-06-30,1707.63,45,South,Widget B
ORD-002229,CUS-1002,2024-01-01,1118.67,43,North,Gadget C
ORD-002230,CUS-1001,2024-03-15,718.35,36,North,Widget A
ORD-002231,CUS-1002,2024-01-01,1200.86,26,West,Widget A
ORD-002232,CUS-1001,2024-01-01,785.07,6,West,Gadget C
ORD-002233,nan,2024-01-01,1823.74,12,West,Widget B
ORD-002234,CUS-1002,2024-06-30,1748.35,48,North,Widget B
ORD-002235,CUS-1003,01/02/2024,329.17,27,North,Widget A
ORD-002236,CUS-1001,01/02/2024,1358.12,22,South,Widget A
ORD-002237,CUS-1001,2024-01-01,1676.8,36,North,Widget A
ORD-002238,CUS-1001,2024-01-01,430.38,12,North,Widget A
ORD-002239,CUS-1002,2024-01-01,1744.3,16,North,Widget B
ORD-002240,CUS-1001,2024-03-15,844.92,19,South,Gadget C
ORD-002241,CUS-1001,2024-01-01,622.38,43,East,Gadget C
ORD-002242,CUS-1001,2024-01-01,1968.28,23,North,Widget A
ORD-002243,CUS-1001,01/02/2024,1379.13,3,South,Widget A
ORD-002244,CUS-1001,01/02/2024,588.11,24,South,Gadget C
ORD-002245,CUS-1001,2024-01-01,1064.08,15,North,Widget A
ORD-002246,CUS-1001,2024-01-01,1290.5,24,  Central  ,Widget A
ORD-002247,CUS-1002,2024-01-01,1426.76,46,  Central  ,Widget A
ORD-002248,CUS-1001,2024-03-15,426.69,16,North,Widget A
ORD-002249,CUS-1001,2024-01-01,1237.03,14,South,Widget A
ORD-002250,CUS-1002,2024-03-15,1696.05,24,North,Widget A
ORD-002251,CUS-1003,2024-01-01,1609.28,4,West,Widget B
ORD-002252,CUS-1001,2024-06-30,595.61,11,South,Widget B
ORD-002253,CUS-1002,2024-06-30,-183.17,3,  Central  ,Widget A
ORD-002254,nan,2024-01-01,35.05,45,South,Widget A
ORD-002255,CUS-1002,2024-01-01,1560.24,37,North,Widget B
ORD-002256,nan,2024-01-01,641.05,8,West,Widget B
ORD-002257,CUS-1003,2024-03-15,1883.0,17,West,Widget B
ORD-002258,CUS-1001,01/02/2024,1723.5,6,North,Widget A
ORD-002259,CUS-1002,01/02/2024,1763.51,38,North,Widget B
ORD-002260,CUS-1002,2024-01-01,511.22,7,  Central  ,Widget B
ORD-002261,nan,2024-01-01,1594.87,32,  Central  ,Widget A
ORD-002262,CUS-1002,01/02/2024,671.98,29,West,nan
ORD-002263,CUS-1001,01/02/2024,899.94,37,North,Gadget C
ORD-002264,CUS-1002,2024-03-15,1809.63,42,North,Widget A
ORD-002265,CUS-1001,2024-03-15,1443.7,45,East,Widget B
ORD-002266,CUS-1003,01/02/2024,1284.73,17,North,Widget A
ORD-002267,CUS-1002,01/02/2024,266.66,40,North,Gadget C
ORD-002268,CUS-1002,2024-06-30,1081.18,9,North,Widget A
ORD-002269,CUS-1003,2024-03-15,255.79,8,East,Widget A
ORD-002270,CUS-1002,not-a-date,159.3,44,East,Widget B
ORD-002271,CUS-1002,2024-06-30,1893.7,45,  Central  ,Widget A
ORD-002272,CUS-1003,2024-01-01,1188.87,34,North,nan
ORD-002273,CUS-1003,2024-03-15,22.23,17,  Central  ,Gadget C
ORD-002274,CUS-1003,01/02/2024,943.37,21,South,Gadget C
ORD-002275,CUS-1001,2024-01-01,580.62,40,West,Widget A
ORD-002276,CUS-1002,01/02/2024,316.28,12,East,Widget A
ORD-002277,CUS-1001,2024-01-01,-44.37,26,South,Gadget C
ORD-002278,CUS-1003,2024-01-01,315.68,20,West,Widget A
ORD-002279,CUS-1002,2024-01-01,341.04,9,East,Widget B
ORD-002280,CUS-1002,2024-03-15,472.89,29,East,Widget B
ORD-002281,CUS-1001,01/02/2024,1427.76,34,West,Gadget C
ORD-002282,CUS-1001,01/02/2024,389.56,12,South,Gadget C
ORD-002283,CUS-1002,2024-01-01,649.51,33,North,Widget B
ORD-002284,CUS-1001,01/02/2024,1805.67,45,North,Widget B
ORD-002285,CUS-1001,2024-01-01,1134.63,45,South,Gadget C
ORD-002286,nan,2024-01-01,354.29,45,West,Widget B
ORD-002287,CUS-1003,2024-01-01,1721.21,21,  Central  ,Widget B
ORD-002288,CUS-1001,not-a-date,1029.2,34,East,Gadget C
ORD-002289,CUS-1001,2024-01-01,1670.11,36,East,Gadget C
ORD-002290,nan,01/02/2024,166.7,48,North,Gadget C
ORD-002291,CUS-1002,not-a-date,332.03,26,West,Widget B
ORD-002292,CUS-1002,2024-01-01,192.71,42,South,Widget A
ORD-002293,CUS-1001,not-a-date,967.66,27,South,Gadget C
ORD-002294,CUS-1001,2024-01-01,780.88,41,  Central  ,Widget A
ORD-002295,CUS-1001,2024-01-01,-146.23,17,West,Widget A
ORD-002296,CUS-1002,2024-01-01,739.41,4,West,Widget A
ORD-002297,CUS-1001,01/02/2024,-17.79,18,South,Widget B
ORD-002298,CUS-1001,2024-06-30,-415.21,17,North,Widget B
ORD-002299,CUS-1002,01/02/2024,327.73,40,South,Widget B
ORD-002300,nan,01/02/2024,1142.48,34,South,Widget B
ORD-002301,CUS-1003,2024-01-01,1739.64,32,West,Gadget C
ORD-002302,CUS-1002,2024-06-30,1988.22,10,West,Widget A
ORD-002303,CUS-1002,2024-01-01,243.44,34,  Central  ,Gadget C
ORD-002304,CUS-1002,2024-01-01,828.36,34,North,Widget B
ORD-002305,CUS-1001,2024-06-30,489.77,46,South,Gadget C
ORD-002306,CUS-1002,2024-01-01,1138.13,14,West,Widget A
ORD-002307,CUS-1002,2024-01-01,727.13,34,South,Widget A
ORD-002308,CUS-1002,2024-01-01,1756.73,4,North,Widget A
ORD-002309,nan,2024-01-01,-278.7,36,West,Widget A
ORD-002310,nan,2024-03-15,656.92,40,North,Widget B
ORD-002311,CUS-1001,2024-01-01,719.27,38,South,Gadget C
ORD-002312,CUS-1001,2024-06-30,1074.58,23,East,Widget B
ORD-002313,CUS-1001,2024-01-01,1274.69,22,North,Gadget C
ORD-002314,CUS-1001,01/02/2024,1507.39,2,West,Widget B
ORD-002315,CUS-1001,2024-03-15,209.14,23,South,Widget B
ORD-002316,CUS-1001,01/02/2024,111.67,36,South,Widget A
ORD-002317,CUS-1003,01/02/2024,1359.67,48,  Central  ,nan
ORD-002318,CUS-1002,01/02/2024,962.59,6,North,Widget B
ORD-002319,nan,01/02/2024,1348.78,28,South,nan
ORD-002320,CUS-1001,not-a-date,610.2,13,East,Widget A
ORD-002321,CUS-1001,2024-01-01,352.62,19,North,Widget B
ORD-002322,CUS-1001,2024-01-01,231.39,39,South,Widget B
ORD-002323,CUS-1001,01/02/2024,1574.8,3,East,Gadget C
ORD-002324,CUS-1001,2024-01-01,812.03,3,  Central  ,Widget A
ORD-002325,nan,2024-01-01,174.92,11,South,nan
ORD-002326,CUS-1001,2024-06-30,501.07,13,East,Widget A
ORD-002327,CUS-1001,2024-01-01,1724.42,39,East,Widget A
ORD-002328,CUS-1002,2024-01-01,968.26,14,North,Widget A
ORD-002329,CUS-1002,01/02/2024,1708.15,46,North,Widget B
ORD-002330,CUS-1002,2024-01-01,1891.22,48,South,Widget B
ORD-002331,CUS-1001,2024-01-01,143.25,39,East,Gadget C
ORD-002332,CUS-1003,2024-01-01,1887.01,24,South,Widget A
ORD-002333,CUS-1001,2024-01-01,748.42,39,North,Gadget C
ORD-002334,CUS-1002,2024-01-01,1399.56,8,West,Widget B
ORD-002335,CUS-1002,2024-03-15,812.22,43,East,Widget A
ORD-002336,CUS-1003,2024-01-01,1233.09,17,  Central  ,Widget B
ORD-002337,CUS-1001,2024-01-01,1342.83,22,West,Widget A
ORD-002338,CUS-1002,01/02/2024,274.64,45,West,Gadget C
ORD-002339,CUS-1001,2024-01-01,867.94,7,East,Widget B
ORD-002340,CUS-1001,2024-01-01,421.12,5,  Central  ,Gadget C
ORD-002341,CUS-1001,2024-01-01,247.42,31,East,Widget A
ORD-002342,CUS-1002,2024-01-01,1187.97,49,North,Widget A
ORD-002343,CUS-1001,2024-01-01,1363.72,45,West,Widget B
ORD-002344,CUS-1002,2024-01-01,522.56,49,North,Widget B
ORD-002345,CUS-1001,not-a-date,24.58,22,West,Widget A
ORD-002346,CUS-1003,2024-06-30,1941.81,31,  Central  ,Widget B
ORD-002347,CUS-1003,not-a-date,954.95,41,North,Widget A
ORD-002348,CUS-1001,2024-01-01,1307.13,9,North,Widget B
ORD-002349,CUS-1001,2024-03-15,159.69,43,West,Widget B
ORD-002350,CUS-1001,01/02/2024,1244.23,42,West,Widget A
ORD-002351,CUS-1003,2024-01-01,1527.57,4,East,Widget B
ORD-002352,CUS-1001,2024-06-30,104.3,24,South,Widget A
ORD-002353,CUS-1002,2024-03-15,1051.91,21,West,Gadget C
ORD-002354,CUS-1002,2024-01-01,292.61,40,East,Widget B
ORD-002355,CUS-1003,2024-06-30,302.37,23,West,Gadget C
ORD-002356,CUS-1002,2024-01-01,1233.46,46,South,Widget A
ORD-002357,CUS-1002,2024-01-01,1242.32,22,South,Widget B
ORD-002358,nan,2024-01-01,1112.0,24,East,Widget B
ORD-002359,CUS-1001,2024-01-01,1025.24,13,East,Gadget C
ORD-002360,CUS-1003,2024-06-30,945.28,42,North,Widget B
ORD-002361,CUS-1001,01/02/2024,967.63,24,North,Widget A
ORD-002362,CUS-1002,2024-01-01,675.57,25,West,Widget B
ORD-002363,nan,2024-03-15,522.09,36,East,Widget B
ORD-002364,CUS-1002,not-a-date,-68.57,38,North,Gadget C
ORD-002365,CUS-1002,2024-06-30,1817.12,34,South,Widget A
ORD-002366,CUS-1001,2024-06-30,540.75,8,West,Widget A
ORD-002367,CUS-1001,2024-06-30,-247.37,46,North,Gadget C
ORD-002368,CUS-1001,01/02/2024,1013.13,41,East,Widget B
ORD-002369,CUS-1002,2024-01-01,1487.96,37,East,Widget A
ORD-002370,CUS-1002,2024-06-30,1556.42,28,  Central  ,Widget B
ORD-002371,CUS-1001,2024-01-01,1446.14,37,West,Widget A
ORD-002372,CUS-1001,2024-01-01,613.03,35,West,Widget A
ORD-002373,CUS-1001,2024-01-01,334.55,15,West,Widget A
ORD-002374,CUS-1001,2024-01-01,1635.88,23,  Central  ,Widget A
ORD-002375,CUS-1001,01/02/2024,1750.23,2,South,nan
ORD-002376,CUS-1003,2024-06-30,1826.72,1,North,nan
ORD-002377,CUS-1002,2024-01-01,1718.1,26,South,Widget B
ORD-002378,CUS-1001,01/02/2024,729.14,37,  Central  ,Widget A
ORD-002379,CUS-1002,2024-01-01,315.48,39,East,Widget B
ORD-002380,CUS-1003,2024-03-15,1344.15,41,North,Gadget C
ORD-002381,CUS-1001,2024-01-01,1302.34,20,South,Gadget C
ORD-002382,CUS-1001,2024-01-01,503.32,27,East,Widget A
ORD-002383,CUS-1001,01/02/2024,1244.24,40,North,Widget B
ORD-002384,CUS-1001,01/02/2024,1996.5,2,East,Widget A
ORD-002385,CUS-1003,2024-01-01,345.38,31,North,Widget B
ORD-002386,nan,2024-01-01,763.37,20,West,Widget A
ORD-002387,CUS-1001,2024-01-01,788.19,17,South,Gadget C
ORD-002388,CUS-1002,01/02/2024,434.93,28,South,Widget B
ORD-002389,CUS-1001,2024-01-01,1578.26,17,North,Widget A
ORD-002390,CUS-1002,2024-01-01,1417.53,29,East,Widget B
ORD-002391,CUS-1003,not-a-date,441.77,34,East,Widget B
ORD-002392,CUS-1001,2024-03-15,1717.01,26,West,Gadget C
ORD-002393,CUS-1001,2024-01-01,857.34,29,West,Widget B
ORD-002394,CUS-1002,01/02/2024,1106.31,20,East,Widget A
ORD-002395,nan,2024-01-01,1372.94,4,South,Gadget C
ORD-002396,CUS-1001,2024-01-01,1749.57,17,North,Gadget C
ORD-002397,CUS-1001,2024-03-15,461.4,28,East,Widget B
ORD-002398,CUS-1001,2024-01-01,1188.77,18,North,Gadget C
ORD-002399,CUS-1002,2024-01-01,1346.44,3,East,Widget A
ORD-002400,CUS-1002,not-a-date,1773.9,25,North,Widget A
ORD-002401,CUS-1003,2024-03-15,1546.86,27,North,Gadget C
ORD-002402,CUS-1003,2024-06-30,1829.72,43,East,Widget A
ORD-002403,nan,not-a-date,159.71,46,  Central  ,nan
ORD-002404,CUS-1003,2024-01-01,856.66,29,West,Gadget C
ORD-002405,CUS-1001,01/02/2024,619.59,5,West,Widget B
ORD-002406,CUS-1002,2024-01-01,999.39,39,West,Gadget C
ORD-002407,CUS-1001,01/02/2024,1623.51,24,South,Gadget C
ORD-002408,CUS-1001,2024-01-01,990.2,30,West,Widget A
ORD-002409,nan,2024-01-01,79.95,38,South,Widget B
ORD-002410,CUS-1002,2024-01-01,1344.93,32,  Central  ,Gadget C
ORD-002411,nan,2024-03-15,30.48,22,West,Widget B
ORD-002412,CUS-1001,2024-01-01,204.53,42,South,Widget A
ORD-002413,CUS-1002,01/02/2024,1458.18,18,South,Widget A
ORD-002414,CUS-1002,not-a-date,1663.69,32,East,Widget A
ORD-002415,CUS-1001,2024-03-15,-104.3,29,South,Widget A
ORD-002416,CUS-1001,2024-01-01,1142.32,41,North,Widget B
ORD-002417,CUS-1002,2024-01-01,1098.9,42,East,Gadget C
ORD-002418,CUS-1001,2024-06-30,120.64,12,East,nan
ORD-002419,nan,01/02/2024,1094.25,43,North,Widget A
ORD-002420,CUS-1001,2024-01-01,31.83,29,South,Gadget C
ORD-002421,CUS-1001,2024-06-30,1641.74,14,West,Widget B
ORD-002422,CUS-1003,2024-01-01,1498.79,31,North,Gadget C
ORD-002423,CUS-1001,2024-01-01,574.59,48,West,Widget A
ORD-002424,nan,2024-01-01,532.04,31,East,Widget B
ORD-002425,CUS-1002,2024-01-01,388.34,8,South,Widget A
ORD-002426,CUS-1001,2024-01-01,1906.0,25,  Central  ,Widget B
ORD-002427,CUS-1002,01/02/2024,1693.12,11,East,Widget A
ORD-002428,CUS-1002,2024-01-01,1677.1,13,  Central  ,Widget A
ORD-002429,CUS-1003,01/02/2024,937.76,35,  Central  ,Widget B
ORD-002430,CUS-1003,2024-03-15,1624.93,6,South,Gadget C
ORD-002431,CUS-1002,not-a-date,1187.21,43,South,Widget B
ORD-002432,CUS-1002,2024-01-01,-282.47,45,West,Widget B
ORD-002433,CUS-1001,2024-03-15,866.57,10,North,Widget A
ORD-002434,CUS-1002,2024-01-01,824.09,16,South,Widget A
ORD-002435,nan,01/02/2024,710.13,16,East,Widget A
ORD-002436,CUS-1002,2024-01-01,492.17,3,West,Widget A
ORD-002437,CUS-1002,2024-03-15,802.51,4,East,Widget A
ORD-002438,CUS-1002,2024-01-01,1202.59,37,North,nan
ORD-002439,CUS-1003,01/02/2024,400.41,23,East,Widget A
ORD-002440,nan,2024-01-01,292.27,12,East,Gadget C
ORD-002441,CUS-1001,2024-01-01,1383.55,26,North,Widget B
ORD-002442,CUS-1001,01/02/2024,1057.41,13,South,Widget A
ORD-002443,CUS-1002,2024-01-01,710.82,29,South,Widget A
ORD-002444,CUS-1002,2024-03-15,1816.72,9,East,Widget A
ORD-002445,CUS-1002,01/02/2024,928.03,10,East,Widget A
ORD-002446,CUS-1001,01/02/2024,670.16,41,East,Gadget C
ORD-002447,CUS-1001,2024-03-15,440.35,14,  Central  ,nan
ORD-002448,CUS-1002,2024-03-15,653.11,15,East,Gadget C
ORD-002449,CUS-1002,2024-06-30,-117.39,38,North,Widget A
ORD-002450,CUS-1002,2024-01-01,1734.95,20,West,Widget A
ORD-002451,CUS-1002,01/02/2024,1785.06,6,North,Gadget C
ORD-002452,CUS-1002,2024-03-15,831.03,38,North,Widget A
ORD-002453,CUS-1003,2024-01-01,529.3,1,East,Widget A
ORD-002454,CUS-1002,2024-01-01,269.39,22,East,Widget B
ORD-002455,CUS-1002,2024-01-01,1435.1,20,  Central  ,Widget A
ORD-002456,CUS-1002,01/02/2024,1759.38,33,East,Widget A
ORD-002457,CUS-1001,2024-01-01,828.12,29,East,Widget B
ORD-002458,CUS-1001,01/02/2024,1751.05,29,North,Widget B
ORD-002459,CUS-1002,01/02/2024,502.55,44,West,Widget B
ORD-002460,CUS-1003,01/02/2024,1221.34,30,South,Widget A
ORD-002461,CUS-1002,2024-01-01,171.37,2,South,Widget A
ORD-002462,CUS-1001,2024-03-15,1130.62,3,East,Widget A
ORD-002463,CUS-1002,01/02/2024,1280.98,17,  Central  ,Widget A
ORD-002464,CUS-1001,2024-01-01,-253.41,1,South,Widget B
ORD-002465,CUS-1002,2024-01-01,1559.78,42,East,Widget A
ORD-002466,CUS-1003,2024-01-01,198.54,38,West,Widget A
ORD-002467,CUS-1002,2024-06-30,564.34,35,North,Widget B
ORD-002468,CUS-1002,2024-01-01,1389.2,34,South,Widget A
ORD-002469,CUS-1001,2024-01-01,1188.23,32,North,Widget B
ORD-002470,CUS-1002,2024-01-01,1899.41,17,North,Widget A
ORD-002471,CUS-1003,2024-01-01,1570.52,1,North,Widget A
ORD-002472,CUS-1002,2024-01-01,947.25,6,South,Widget A
ORD-002473,CUS-1002,2024-03-15,1072.16,23,East,nan
ORD-002474,CUS-1001,2024-01-01,1322.8,13,North,Widget B
ORD-002475,CUS-1001,2024-03-15,30.35,48,South,Widget A
ORD-002476,CUS-1001,2024-01-01,734.78,41,East,Widget B
ORD-002477,CUS-1001,2024-01-01,252.59,33,North,Gadget C
ORD-002478,CUS-1001,2024-03-15,486.49,21,South,Widget A
ORD-002479,nan,01/02/2024,1660.72,40,East,Widget B
ORD-002480,CUS-1002,not-a-date,1101.46,20,East,Widget A
ORD-002481,CUS-1001,2024-01-01,-37.64,26,South,Widget B
ORD-002482,CUS-1001,01/02/2024,1778.75,35,South,Widget A
ORD-002483,CUS-1001,01/02/2024,1613.84,18,West,Widget A
ORD-002484,CUS-1003,2024-01-01,1526.53,25,West,Widget B
ORD-002485,CUS-1001,2024-03-15,340.54,16,South,Widget B
ORD-002486,CUS-1003,2024-01-01,-413.61,9,West,Widget B
ORD-002487,CUS-1003,2024-01-01,1411.11,40,East,Widget B
ORD-002488,CUS-1001,2024-03-15,609.09,48,North,Gadget C
ORD-002489,CUS-1002,2024-03-15,756.55,23,North,Gadget C
ORD-002490,nan,not-a-date,1873.34,3,North,Gadget C
ORD-002491,CUS-1001,not-a-date,1414.68,16,North,Widget B
ORD-002492,CUS-1001,2024-01-01,222.2,44,North,Gadget C
ORD-002493,nan,01/02/2024,1445.19,33,North,Gadget C
ORD-002494,nan,2024-06-30,1589.64,13,South,Widget B
ORD-002495,CUS-1002,2024-01-01,1827.49,49,West,Widget A
ORD-002496,CUS-1002,2024-01-01,1373.4,7,South,Gadget C
ORD-002497,CUS-1001,2024-06-30,200.46,22,East,Widget A
ORD-002498,CUS-1003,2024-01-01,1532.9,25,South,Widget A
ORD-002499,CUS-1002,2024-06-30,-382.06,9,East,Gadget C
ORD-002500,CUS-1001,2024-01-01,917.71,10,South,Widget A
ORD-002501,CUS-1002,not-a-date,1523.47,32,South,Widget A
ORD-002502,nan,01/02/2024,1054.99,3,  Central  ,Gadget C
ORD-002503,CUS-1003,01/02/2024,1865.26,20,South,Widget A
ORD-002504,CUS-1001,2024-03-15,1863.88,35,South,Widget B
ORD-002505,CUS-1001,2024-01-01,458.64,29,North,Widget A
ORD-002506,nan,01/02/2024,886.76,19,  Central  ,Widget A
ORD-002507,nan,2024-06-30,405.06,49,South,Gadget C
ORD-002508,CUS-1002,2024-06-30,668.13,24,East,Gadget C
ORD-002509,CUS-1002,2024-06-30,453.96,23,East,Widget B
ORD-002510,CUS-1002,01/02/2024,1028.72,32,West,Widget B
ORD-002511,CUS-1001,01/02/2024,11.28,15,West,Widget B
ORD-002512,CUS-1001,01/02/2024,1584.89,19,North,Widget A
ORD-002513,CUS-1001,01/02/2024,326.29,49,North,Gadget C
ORD-002514,CUS-1001,01/02/2024,555.5,11,West,Gadget C
ORD-002515,CUS-1003,2024-01-01,358.07,33,South,Widget A
ORD-002516,CUS-1001,2024-01-01,714.37,39,West,Widget A
ORD-002517,CUS-1001,01/02/2024,163.29,15,South,Widget A
ORD-002518,CUS-1002,2024-01-01,1719.23,16,South,Widget A
ORD-002519,CUS-1001,2024-01-01,835.75,16,North,Widget B
ORD-002520,CUS-1001,2024-01-01,-20.03,22,  Central  ,Widget A
ORD-002521,CUS-1002,2024-03-15,103.45,30,North,Widget A
ORD-002522,CUS-1001,2024-06-30,353.47,37,East,Widget A
ORD-002523,CUS-1002,01/02/2024,1673.29,18,West,Widget B
ORD-002524,nan,2024-06-30,932.98,25,South,Widget A
ORD-002525,CUS-1001,not-a-date,128.29,38,South,Widget B
ORD-002526,nan,2024-01-01,102.89,1,North,Gadget C
ORD-002527,nan,2024-01-01,1790.76,10,North,Widget A
ORD-002528,CUS-1003,2024-01-01,530.8,6,  Central  ,Widget A
ORD-002529,CUS-1002,2024-01-01,827.66,10,South,Widget B
ORD-002530,CUS-1002,01/02/2024,1795.05,43,North,Widget A
ORD-002531,CUS-1002,2024-01-01,-406.35,12,South,Gadget C
ORD-002532,CUS-1002,2024-06-30,1543.19,48,East,Widget A
ORD-002533,CUS-1001,01/02/2024,948.29,43,East,Widget A
ORD-002534,nan,2024-01-01,1393.55,19,North,Widget A
ORD-002535,CUS-1002,2024-06-30,1172.8,5,South,Widget A
ORD-002536,CUS-1003,2024-06-30,348.87,12,West,Widget A
ORD-002537,CUS-1001,2024-03-15,1149.65,30,  Central  ,Widget A
ORD-002538,CUS-1001,2024-03-15,1851.91,23,East,Widget A
ORD-002539,CUS-1002,2024-06-30,697.01,43,North,Widget A
ORD-002540,CUS-1002,01/02/2024,992.82,18,West,Widget A
ORD-002541,CUS-1002,not-a-date,838.01,9,South,Widget A
ORD-002542,CUS-1001,2024-01-01,1380.37,33,West,Widget B
ORD-002543,CUS-1001,01/02/2024,1257.76,46,North,Widget A
ORD-002544,CUS-1002,01/02/2024,959.34,28,West,Widget B
ORD-002545,CUS-1001,2024-01-01,104.09,35,South,Gadget C
ORD-002546,nan,2024-01-01,536.43,29,East,Gadget C
ORD-002547,CUS-1001,2024-01-01,635.91,12,South,Gadget C
ORD-002548,CUS-1001,2024-01-01,1467.66,27,South,Widget A
ORD-002549,CUS-1001,2024-01-01,798.61,49,North,Widget A
ORD-002550,CUS-1002,2024-01-01,762.83,49,West,Widget B
ORD-002551,CUS-1002,2024-03-15,897.27,41,South,Gadget C
ORD-002552,CUS-1002,01/02/2024,869.65,26,South,Gadget C
ORD-002553,nan,01/02/2024,1438.17,3,North,Widget B
ORD-002554,CUS-1001,2024-01-01,1343.91,22,North,Gadget C
ORD-002555,CUS-1002,2024-03-15,1528.11,41,South,Widget A
ORD-002556,CUS-1001,2024-01-01,422.75,47,North,Widget A
ORD-002557,CUS-1001,2024-01-01,1485.49,29,East,Gadget C
ORD-002558,CUS-1002,01/02/2024,599.43,2,North,Gadget C
ORD-002559,CUS-1001,2024-06-30,10.12,44,West,Widget B
ORD-002560,CUS-1002,2024-06-30,1282.77,42,East,Widget A
ORD-002561,CUS-1002,2024-03-15,33.48,29,South,Widget A
ORD-002562,CUS-1002,2024-03-15,205.01,21,North,Widget A
ORD-002563,CUS-1002,01/02/2024,91.85,40,West,Widget A
ORD-002564,CUS-1002,01/02/2024,1216.66,15,  Central  ,Widget A
ORD-002565,CUS-1001,2024-01-01,423.7,41,West,Widget A
ORD-002566,CUS-1001,2024-01-01,1620.24,17,West,Widget A
ORD-002567,CUS-1001,2024-06-30,719.05,40,North,Gadget C
ORD-002568,CUS-1002,2024-06-30,-452.51,34,South,Widget A
ORD-002569,nan,2024-01-01,1034.44,3,North,Widget A
ORD-002570,CUS-1001,2024-01-01,1552.33,2,North,Widget A
ORD-002571,CUS-1002,2024-01-01,1395.83,33,South,Gadget C
ORD-002572,CUS-1003,2024-01-01,421.02,23,South,Widget B
ORD-002573,CUS-1003,2024-01-01,1529.38,44,East,Widget B
ORD-002574,CUS-1002,01/02/2024,1018.55,39,  Central  ,Widget B
ORD-002575,CUS-1002,2024-01-01,1974.94,46,South,Widget A
ORD-002576,CUS-1002,2024-01-01,1038.45,10,North,Widget B
ORD-002577,CUS-1003,2024-01-01,579.5,38,North,Widget A
ORD-002578,CUS-1001,2024-03-15,1524.67,22,South,Widget B
ORD-002579,nan,2024-01-01,-237.57,16,South,Gadget C
ORD-002580,CUS-1001,2024-01-01,1452.02,19,East,Widget A
ORD-002581,CUS-1003,01/02/2024,1090.93,43,  Central  ,Widget A
ORD-002582,CUS-1001,2024-03-15,359.54,27,  Central  ,nan
ORD-002583,CUS-1001,2024-01-01,57.97,2,East,nan
ORD-002584,CUS-1001,2024-03-15,102.7,24,North,Widget B
ORD-002585,CUS-1002,2024-01-01,172.76,38,North,Widget A
ORD-002586,CUS-1001,01/02/2024,980.57,37,South,Widget B
ORD-002587,CUS-1001,2024-01-01,1418.1,24,West,Widget B
ORD-002588,CUS-1002,2024-06-30,276.27,39,West,Widget A
ORD-002589,CUS-1001,2024-06-30,326.35,44,East,Widget B
ORD-002590,CUS-1003,2024-03-15,1629.91,3,West,Widget A
ORD-002591,nan,2024-06-30,463.57,25,North,Gadget C
ORD-002592,CUS-1002,2024-01-01,1657.53,43,East,Widget B
ORD-002593,CUS-1001,01/02/2024,199.14,21,South,Widget A
ORD-002594,CUS-1001,2024-01-01,1675.49,49,East,Widget A
ORD-002595,nan,2024-01-01,1467.84,42,North,Widget B
ORD-002596,CUS-1001,01/02/2024,303.86,10,East,Widget B
ORD-002597,CUS-1001,2024-03-15,682.51,17,West,Widget B
ORD-002598,nan,2024-03-15,672.89,20,South,Gadget C
ORD-002599,nan,not-a-date,-269.37,24,West,Widget B
ORD-002600,CUS-1001,01/02/2024,-426.0,34,North,Widget A
ORD-002601,CUS-1002,2024-06-30,1358.89,42,East,Widget B
ORD-002602,CUS-1002,not-a-date,1463.79,28,South,Widget A
ORD-002603,CUS-1003,2024-03-15,413.78,1,North,Widget A
ORD-002604,CUS-1001,2024-01-01,1446.35,42,East,nan
ORD-002605,CUS-1001,01/02/2024,540.65,18,North,Widget B
ORD-002606,CUS-1002,2024-03-15,94.58,18,South,Widget A
ORD-002607,CUS-1001,2024-06-30,397.32,41,North,Widget A
ORD-002608,CUS-1002,2024-01-01,691.05,40,North,Widget A
ORD-002609,CUS-1001,2024-01-01,81.46,44,North,Gadget C
ORD-002610,nan,2024-01-01,199.65,45,East,Gadget C
ORD-002611,CUS-1003,2024-01-01,718.93,8,North,Widget B
ORD-002612,CUS-1002,2024-03-15,1849.93,9,South,Gadget C
ORD-002613,CUS-1003,2024-01-01,1275.25,22,North,Widget B
ORD-002614,CUS-1001,2024-01-01,1869.41,49,North,Gadget C
ORD-002615,CUS-1002,2024-03-15,84.1,17,North,Gadget C
ORD-002616,CUS-1001,2024-01-01,1737.51,17,South,Widget B
ORD-002617,CUS-1003,2024-01-01,280.04,48,West,Widget A
ORD-002618,CUS-1003,01/02/2024,481.52,48,North,Widget B
ORD-002619,nan,01/02/2024,209.63,28,North,Gadget C
ORD-002620,CUS-1003,2024-06-30,828.28,30,West,Widget B
ORD-002621,nan,2024-03-15,412.88,20,  Central  ,Widget B
ORD-002622,CUS-1001,2024-06-30,1481.31,41,  Central  ,Widget B
ORD-002623,nan,2024-01-01,1512.3,43,East,Widget A
ORD-002624,CUS-1002,2024-03-15,588.07,13,North,Gadget C
ORD-002625,CUS-1002,01/02/2024,1601.58,35,North,Widget B
ORD-002626,CUS-1002,2024-03-15,335.67,26,North,nan
ORD-002627,CUS-1001,2024-01-01,90.1,35,South,Widget A
ORD-002628,CUS-1001,2024-01-01,338.43,21,South,Gadget C
ORD-002629,CUS-1001,2024-01-01,499.1,30,North,Widget A
ORD-002630,CUS-1001,2024-03-15,110.15,32,North,Widget A
ORD-002631,CUS-1002,2024-03-15,228.47,21,  Central  ,Widget A
ORD-002632,nan,2024-01-01,612.38,11,North,Widget A
ORD-002633,CUS-1002,01/02/2024,1706.37,5,North,Widget B
ORD-002634,CUS-1002,2024-03-15,1712.39,48,North,Widget B
ORD-002635,CUS-1002,01/02/2024,1987.22,32,East,Gadget C
ORD-002636,CUS-1002,2024-01-01,205.03,22,North,Gadget C
ORD-002637,CUS-1001,not-a-date,13.66,21,South,Widget A
ORD-002638,CUS-1003,01/02/2024,1135.57,21,South,Gadget C
ORD-002639,CUS-1001,2024-03-15,1210.46,23,  Central  ,Gadget C
ORD-002640,CUS-1002,01/02/2024,479.99,22,North,Widget A
ORD-002641,CUS-1003,2024-03-15,1596.11,46,South,Widget A
ORD-002642,CUS-1002,2024-01-01,1912.35,23,East,Widget A
ORD-002643,CUS-1003,2024-06-30,670.06,36,East,nan
ORD-002644,CUS-1001,2024-01-01,1892.21,24,East,nan
ORD-002645,nan,2024-03-15,217.51,39,South,Widget B
ORD-002646,CUS-1002,not-a-date,956.52,1,West,Widget A
ORD-002647,CUS-1003,01/02/2024,402.37,38,North,Widget B
ORD-002648,CUS-1002,01/02/2024,1173.02,11,  Central  ,Gadget C
ORD-002649,CUS-1003,2024-01-01,151.55,22,North,Widget A
ORD-002650,nan,2024-01-01,1013.68,31,North,Widget A
ORD-002651,CUS-1002,01/02/2024,354.61,28,North,Widget A
ORD-002652,CUS-1003,2024-01-01,840.73,3,West,Gadget C
ORD-002653,CUS-1002,2024-01-01,1379.22,27,East,Widget B
ORD-002654,CUS-1002,2024-06-30,674.23,7,North,Widget B
ORD-002655,nan,2024-01-01,1085.49,12,West,Widget A
ORD-002656,CUS-1001,2024-01-01,1943.27,23,  Central  ,Widget A
ORD-002657,CUS-1002,2024-01-01,1751.88,32,South,Gadget C
ORD-002658,CUS-1001,01/02/2024,1993.96,26,North,Widget A
ORD-002659,CUS-1001,2024-01-01,362.31,19,East,Widget B
ORD-002660,CUS-1003,2024-03-15,993.32,5,East,Widget B
ORD-002661,CUS-1001,01/02/2024,1570.64,3,North,Widget A
ORD-002662,CUS-1001,2024-01-01,1858.72,22,North,Widget B
ORD-002663,CUS-1001,2024-01-01,489.37,48,South,Widget A
ORD-002664,CUS-1002,2024-01-01,1975.64,41,West,Widget B
ORD-002665,CUS-1003,2024-03-15,888.29,21,North,Widget B
ORD-002666,nan,2024-01-01,1546.49,11,South,Widget A
ORD-002667,CUS-1001,2024-01-01,1041.58,18,  Central  ,Widget A
ORD-002668,CUS-1002,2024-01-01,602.23,25,East,Widget A
ORD-002669,CUS-1002,2024-01-01,226.71,31,East,Gadget C
ORD-002670,CUS-1002,01/02/2024,332.08,28,South,Widget B
ORD-002671,CUS-1002,2024-01-01,1298.32,23,  Central  ,Widget B
ORD-002672,CUS-1001,2024-06-30,1112.2,32,East,nan
ORD-002673,CUS-1002,2024-01-01,871.19,48,North,Widget B
ORD-002674,CUS-1002,01/02/2024,1255.93,21,North,Widget A
ORD-002675,CUS-1002,2024-03-15,1019.71,3,East,Gadget C
ORD-002676,CUS-1002,2024-01-01,291.22,42,South,nan
ORD-002677,CUS-1003,01/02/2024,530.48,41,North,nan
ORD-002678,CUS-1002,not-a-date,869.27,29,West,Widget A
ORD-002679,CUS-1001,2024-03-15,801.68,2,West,Widget B
ORD-002680,CUS-1003,2024-06-30,1806.03,44,South,Widget A
ORD-002681,CUS-1003,2024-03-15,1884.41,9,South,Widget A
ORD-002682,CUS-1001,2024-01-01,1072.77,48,North,Widget A
ORD-002683,CUS-1002,2024-06-30,538.64,9,East,Widget A
ORD-002684,CUS-1001,2024-01-01,1599.75,1,North,Widget A
ORD-002685,CUS-1002,01/02/2024,371.85,17,East,Widget A
ORD-002686,CUS-1001,2024-03-15,989.41,25,  Central  ,Widget B
ORD-002687,CUS-1002,not-a-date,1988.55,43,South,Widget A
ORD-002688,CUS-1001,2024-06-30,1750.79,3,West,Widget B
ORD-002689,CUS-1002,2024-01-01,1859.87,12,North,Widget A
ORD-002690,nan,2024-03-15,204.78,33,South,Widget B
ORD-002691,CUS-1001,2024-01-01,929.67,26,South,Gadget C
ORD-002692,CUS-1003,2024-03-15,1540.52,42,East,Widget B
ORD-002693,nan,2024-03-15,320.47,24,South,Widget A
ORD-002694,CUS-1003,2024-01-01,1540.24,31,East,Widget A
ORD-002695,CUS-1001,2024-03-15,690.16,12,West,Gadget C
ORD-002696,CUS-1003,2024-01-01,1775.55,20,North,Widget A
ORD-002697,CUS-1001,01/02/2024,841.03,23,West,Widget B
ORD-002698,CUS-1001,2024-06-30,508.03,30,East,Widget B
ORD-002699,CUS-1003,01/02/2024,1834.56,42,  Central  ,Widget A
ORD-002700,CUS-1002,01/02/2024,1428.46,17,West,Widget A
ORD-002701,CUS-1002,2024-01-01,931.31,35,West,Widget B
ORD-002702,CUS-1001,2024-01-01,1922.45,11,North,Widget A
ORD-002703,CUS-1003,2024-01-01,1208.75,20,South,Widget B
ORD-002704,CUS-1002,2024-01-01,1178.22,5,South,Widget A
ORD-002705,CUS-1002,2024-01-01,728.84,14,West,Widget B
ORD-002706,nan,01/02/2024,1671.08,39,East,Widget B
ORD-002707,CUS-1001,01/02/2024,1174.71,26,East,Widget B
ORD-002708,CUS-1001,2024-01-01,1247.08,45,South,Widget A
ORD-002709,CUS-1002,01/02/2024,1873.06,12,North,Widget A
ORD-002710,nan,2024-06-30,547.15,22,South,Widget B
ORD-002711,CUS-1001,2024-01-01,1583.91,8,East,Widget B
ORD-002712,CUS-1001,01/02/2024,1623.43,15,South,Widget B
ORD-002713,CUS-1001,2024-01-01,-445.28,3,North,Widget B
ORD-002714,CUS-1003,01/02/2024,1447.45,11,North,Widget B
ORD-002715,CUS-1001,2024-03-15,1662.46,1,  Central  ,Widget A
ORD-002716,CUS-1002,2024-01-01,1077.37,33,North,Widget A
ORD-002717,nan,2024-01-01,-417.02,48,  Central  ,Widget B
ORD-002718,CUS-1001,not-a-date,167.07,3,North,Widget B
ORD-002719,CUS-1002,2024-01-01,56.87,18,South,Widget A
ORD-002720,CUS-1002,2024-03-15,738.56,44,South,Widget A
ORD-002721,CUS-1003,01/02/2024,1246.22,2,South,Widget B
ORD-002722,CUS-1001,2024-01-01,1144.54,35,North,Widget A
ORD-002723,CUS-1001,2024-03-15,1024.45,29,West,Widget A
ORD-002724,CUS-1001,01/02/2024,840.33,41,  Central  ,Widget A
ORD-002725,CUS-1002,2024-01-01,1364.93,24,West,Gadget C
ORD-002726,CUS-1003,2024-06-30,1767.65,4,North,Widget A
ORD-002727,CUS-1001,2024-01-01,1654.7,29,South,Gadget C
ORD-002728,CUS-1001,2024-03-15,1432.93,48,South,Widget A
ORD-002729,nan,2024-01-01,591.73,27,  Central  ,Widget B
ORD-002730,CUS-1001,2024-01-01,1881.5,3,West,Widget B
ORD-002731,CUS-1001,2024-03-15,1723.83,5,South,Widget A
ORD-002732,CUS-1002,01/02/2024,1896.07,24,East,Gadget C
ORD-002733,CUS-1001,2024-01-01,1241.92,37,West,Gadget C
ORD-002734,CUS-1001,2024-03-15,672.62,11,North,Widget B
ORD-002735,CUS-1002,01/02/2024,909.79,19,South,Widget B
ORD-002736,CUS-1001,2024-01-01,661.46,48,North,Widget A
ORD-002737,CUS-1002,2024-03-15,708.35,49,  Central  ,Widget A
ORD-002738,CUS-1002,01/02/2024,-382.72,44,South,Widget A
ORD-002739,CUS-1002,01/02/2024,1870.66,29,North,Widget B
ORD-002740,CUS-1001,2024-03-15,999.97,44,  Central  ,Widget B
ORD-002741,CUS-1003,01/02/2024,814.7,25,West,nan
ORD-002742,CUS-1001,2024-06-30,1282.35,49,East,Widget B
ORD-002743,CUS-1003,2024-03-15,579.83,18,  Central  ,Widget A
ORD-002744,CUS-1001,2024-01-01,27.52,45,North,Widget A
ORD-002745,CUS-1003,2024-01-01,1462.49,27,West,Widget A
ORD-002746,CUS-1001,2024-06-30,671.58,46,West,Widget B
ORD-002747,CUS-1001,not-a-date,482.59,24,East,nan
ORD-002748,CUS-1002,2024-01-01,1074.7,44,South,nan
ORD-002749,CUS-1001,2024-01-01,330.59,26,South,Gadget C
ORD-002750,CUS-1001,2024-01-01,563.16,40,East,Widget A
ORD-002751,CUS-1002,not-a-date,1029.48,48,South,nan
ORD-002752,CUS-1003,2024-06-30,1949.03,4,North,Gadget C
ORD-002753,CUS-1001,2024-03-15,495.4,20,West,Widget B
ORD-002754,nan,2024-01-01,939.4,1,West,Widget A
ORD-002755,CUS-1003,not-a-date,1060.75,14,South,Widget A
ORD-002756,CUS-1003,2024-01-01,1428.69,3,North,Widget B
ORD-002757,CUS-1002,2024-01-01,1048.78,21,North,Widget A
ORD-002758,CUS-1002,2024-01-01,1469.47,17,East,Widget B
ORD-002759,CUS-1002,01/02/2024,1729.78,3,East,Widget B
ORD-002760,CUS-1002,01/02/2024,572.74,19,South,nan
ORD-002761,nan,2024-01-01,1672.97,23,West,Widget A
ORD-002762,CUS-1001,2024-01-01,532.83,2,South,Widget A
ORD-002763,CUS-1001,2024-03-15,1620.61,46,  Central  ,Widget A
ORD-002764,CUS-1001,2024-01-01,1276.94,16,East,Widget A
ORD-002765,nan,2024-01-01,1141.38,10,West,Widget A
ORD-002766,CUS-1002,2024-01-01,933.23,3,East,Widget B
ORD-002767,CUS-1002,2024-01-01,1095.4,5,  Central  ,Widget B
ORD-002768,CUS-1003,2024-01-01,476.81,34,North,Gadget C
ORD-002769,nan,2024-03-15,1001.15,1,South,Widget A
ORD-002770,CUS-1001,2024-01-01,1220.93,5,South,Widget B
ORD-002771,CUS-1003,2024-01-01,769.32,32,South,Widget B
ORD-002772,nan,2024-03-15,769.86,17,West,Widget A
ORD-002773,CUS-1001,2024-01-01,701.37,38,East,Widget B
ORD-002774,CUS-1003,2024-03-15,1637.62,35,North,Widget A
ORD-002775,CUS-1001,2024-01-01,775.04,33,  Central  ,Widget A
ORD-002776,CUS-1002,2024-06-30,1164.85,4,North,Widget B
ORD-002777,CUS-1002,2024-01-01,1944.7,32,West,Widget B
ORD-002778,CUS-1001,01/02/2024,69.89,45,East,Widget B
ORD-002779,CUS-1001,01/02/2024,447.61,41,West,Gadget C
ORD-002780,CUS-1001,01/02/2024,1851.2,46,East,Widget A
ORD-002781,CUS-1001,2024-03-15,1436.24,42,South,Widget A
ORD-002782,CUS-1002,2024-01-01,-497.71,46,North,Widget B
ORD-002783,CUS-1001,2024-01-01,188.64,17,East,Widget A
ORD-002784,CUS-1001,not-a-date,1032.73,13,North,Gadget C
ORD-002785,CUS-1002,not-a-date,1569.9,29,East,Widget A
ORD-002786,CUS-1002,2024-01-01,851.55,10,North,Gadget C
ORD-002787,CUS-1002,01/02/2024,1689.52,33,East,Gadget C
ORD-002788,nan,2024-03-15,588.07,49,South,Widget B
ORD-002789,CUS-1001,2024-03-15,995.37,17,West,Widget B
ORD-002790,CUS-1003,not-a-date,189.47,17,East,Widget A
ORD-002791,CUS-1001,2024-03-15,1055.89,32,South,Widget A
ORD-002792,CUS-1002,2024-01-01,1723.5,30,East,Gadget C
ORD-002793,nan,01/02/2024,-113.15,33,North,nan
ORD-002794,CUS-1003,2024-01-01,1223.04,20,  Central  ,Widget A
ORD-002795,CUS-1002,2024-01-01,635.37,1,North,Widget A
ORD-002796,CUS-1002,2024-03-15,713.3,12,South,Widget A
ORD-002797,CUS-1001,01/02/2024,27.08,5,North,Widget A
ORD-002798,CUS-1002,2024-01-01,-15.24,9,East,Widget B
ORD-002799,CUS-1003,01/02/2024,1970.8,37,South,Gadget C
ORD-002800,nan,2024-01-01,302.26,6,North,Widget A
ORD-002801,CUS-1002,2024-01-01,-485.0,4,East,Gadget C
ORD-002802,CUS-1001,01/02/2024,460.34,10,  Central  ,Gadget C
ORD-002803,CUS-1002,2024-03-15,1128.64,25,North,Widget B
ORD-002804,CUS-1001,01/02/2024,387.92,2,North,Gadget C
ORD-002805,CUS-1001,2024-01-01,1903.79,3,South,Widget A
ORD-002806,CUS-1001,01/02/2024,1395.68,45,East,Gadget C
ORD-002807,CUS-1002,2024-01-01,1254.34,41,South,Widget A
ORD-002808,CUS-1001,2024-06-30,-471.63,11,West,Widget B
ORD-002809,CUS-1001,2024-01-01,-423.13,28,South,nan
ORD-002810,CUS-1001,not-a-date,1620.78,38,North,Widget A
ORD-002811,CUS-1003,2024-01-01,1018.92,10,North,Widget B
ORD-002812,CUS-1002,2024-01-01,1479.17,27,South,Widget B
ORD-002813,CUS-1001,2024-01-01,1367.29,43,East,Widget A
ORD-002814,CUS-1001,2024-03-15,1859.64,3,East,Widget A
ORD-002815,CUS-1002,2024-06-30,739.62,6,East,Gadget C
ORD-002816,CUS-1001,01/02/2024,1652.48,42,North,Gadget C
ORD-002817,CUS-1002,2024-01-01,528.26,45,South,Widget A
ORD-002818,CUS-1002,2024-01-01,1119.49,33,East,Widget B
ORD-002819,nan,01/02/2024,1239.71,48,East,Widget B
ORD-002820,CUS-1001,2024-01-01,891.01,37,East,Widget A
ORD-002821,CUS-1002,2024-06-30,213.71,33,South,Widget A
ORD-002822,CUS-1001,2024-01-01,874.06,2,North,Gadget C
ORD-002823,nan,2024-03-15,402.0,42,East,Widget A
ORD-002824,nan,2024-03-15,979.76,16,South,nan
ORD-002825,CUS-1002,2024-01-01,51.04,41,South,Gadget C
ORD-002826,CUS-1002,2024-01-01,972.0,1,East,Gadget C
ORD-002827,CUS-1001,not-a-date,760.88,23,South,Widget A
ORD-002828,CUS-1003,2024-01-01,-455.58,31,South,Widget A
ORD-002829,CUS-1002,01/02/2024,-168.89,6,South,Widget A
ORD-002830,CUS-1001,not-a-date,632.88,19,West,Widget A
ORD-002831,CUS-1002,2024-01-01,1168.92,5,South,nan
ORD-002832,CUS-1002,not-a-date,1772.98,23,East,Widget B
ORD-002833,CUS-1003,2024-01-01,1730.18,6,North,Widget A
ORD-002834,CUS-1002,01/02/2024,1012.1,12,East,Widget A
ORD-002835,CUS-1002,2024-01-01,947.81,26,North,Widget A
ORD-002836,CUS-1002,01/02/2024,1071.28,23,West,Widget A
ORD-002837,CUS-1001,2024-01-01,786.74,2,North,Widget A
ORD-002838,CUS-1001,2024-01-01,597.24,40,West,Widget A
ORD-002839,CUS-1001,2024-01-01,323.69,24,East,Widget A
ORD-002840,CUS-1003,2024-01-01,1831.03,15,West,Widget A
ORD-002841,CUS-1002,01/02/2024,132.67,15,North,Widget A
ORD-002842,CUS-1002,2024-01-01,696.78,5,East,Widget A
ORD-002843,CUS-1001,2024-01-01,341.22,43,West,Widget A
ORD-002844,CUS-1001,2024-01-01,130.46,38,North,Widget A
ORD-002845,CUS-1002,2024-01-01,353.77,5,North,Widget A
ORD-002846,CUS-1001,2024-01-01,917.37,44,West,Gadget C
ORD-002847,CUS-1001,2024-01-01,1122.31,34,West,Widget A
ORD-002848,CUS-1003,01/02/2024,1789.79,34,North,Widget A
ORD-002849,CUS-1001,2024-03-15,1370.84,4,South,Widget A
ORD-002850,CUS-1001,01/02/2024,1605.91,14,South,Widget A
ORD-002851,CUS-1002,2024-01-01,1111.07,26,North,Gadget C
ORD-002852,CUS-1003,not-a-date,410.52,33,South,Gadget C
ORD-002853,CUS-1001,01/02/2024,1701.21,17,North,Widget A
ORD-002854,CUS-1003,01/02/2024,954.29,40,  Central  ,Widget A
ORD-002855,nan,2024-01-01,1544.79,27,  Central  ,Widget B
ORD-002856,CUS-1002,2024-01-01,22.64,42,East,Widget A
ORD-002857,CUS-1002,2024-01-01,896.82,4,South,Widget B
ORD-002858,CUS-1002,2024-01-01,684.37,15,  Central  ,Widget B
ORD-002859,CUS-1002,01/02/2024,601.43,25,East,Gadget C
ORD-002860,CUS-1001,2024-01-01,1352.94,39,North,Widget A
ORD-002861,CUS-1002,2024-01-01,1650.84,25,North,Widget A
ORD-002862,CUS-1001,2024-01-01,1729.27,15,East,Widget A
ORD-002863,CUS-1001,2024-01-01,1603.45,42,  Central  ,Widget B
ORD-002864,CUS-1001,2024-01-01,1625.21,2,South,nan
ORD-002865,CUS-1001,2024-01-01,1671.82,3,North,Widget A
ORD-002866,CUS-1001,01/02/2024,1390.2,18,West,Widget A
ORD-002867,CUS-1002,2024-01-01,1522.23,7,North,Widget B
ORD-002868,nan,01/02/2024,450.11,16,North,Widget A
ORD-002869,CUS-1001,2024-06-30,1914.92,49,East,Widget A
ORD-002870,CUS-1002,not-a-date,1011.26,21,East,Widget B
ORD-002871,CUS-1002,01/02/2024,532.89,24,South,Widget B
ORD-002872,CUS-1001,2024-01-01,914.55,20,North,Widget A
ORD-002873,CUS-1001,01/02/2024,1648.3,35,North,Gadget C
ORD-002874,CUS-1001,2024-06-30,1388.05,19,South,Widget B
ORD-002875,CUS-1001,2024-01-01,-471.11,15,East,Widget B
ORD-002876,CUS-1001,2024-01-01,882.91,1,West,Gadget C
ORD-002877,CUS-1001,2024-03-15,1512.71,31,East,Widget B
ORD-002878,CUS-1002,2024-01-01,1391.01,40,South,Widget A
ORD-002879,CUS-1001,2024-03-15,387.25,21,North,Widget A
ORD-002880,CUS-1001,2024-01-01,1488.31,16,North,Widget A
ORD-002881,CUS-1001,2024-01-01,1352.94,41,East,Widget B
ORD-002882,CUS-1002,2024-03-15,496.31,47,South,Widget B
ORD-002883,CUS-1001,01/02/2024,622.08,22,North,Widget A
ORD-002884,CUS-1002,01/02/2024,844.61,11,South,Gadget C
ORD-002885,CUS-1001,2024-03-15,1350.72,34,West,Widget B
ORD-002886,CUS-1001,not-a-date,1903.37,31,North,Widget A
ORD-002887,nan,2024-01-01,1989.54,17,North,Widget A
ORD-002888,CUS-1001,2024-06-30,1381.6,40,East,nan
ORD-002889,CUS-1001,2024-01-01,830.75,11,East,Widget A
ORD-002890,CUS-1001,2024-01-01,146.23,3,North,Gadget C
ORD-002891,nan,2024-03-15,1190.04,11,East,Gadget C
ORD-002892,CUS-1002,2024-01-01,968.64,37,East,Widget B
ORD-002893,CUS-1002,not-a-date,-223.84,28,North,Widget B
ORD-002894,nan,2024-01-01,1929.29,34,West,Widget A
ORD-002895,CUS-1001,2024-01-01,341.94,25,North,Widget A
ORD-002896,nan,2024-01-01,747.53,6,West,Widget A
ORD-002897,CUS-1001,01/02/2024,1156.54,35,North,Widget B
ORD-002898,CUS-1002,2024-03-15,707.92,33,North,Gadget C
ORD-002899,CUS-1002,2024-01-01,360.34,42,East,Widget A
ORD-002900,CUS-1001,2024-01-01,1201.11,7,East,Widget A
ORD-002901,nan,2024-01-01,88.37,2,South,Widget A
ORD-002902,CUS-1001,2024-01-01,760.32,15,  Central  ,Widget B
ORD-002903,nan,01/02/2024,1945.67,40,South,Gadget C
ORD-002904,CUS-1001,01/02/2024,961.63,6,South,Gadget C
ORD-002905,CUS-1002,2024-01-01,212.16,43,North,Widget A
ORD-002906,nan,2024-01-01,1670.24,47,North,Widget B
ORD-002907,CUS-1001,01/02/2024,366.29,35,West,Widget B
ORD-002908,nan,2024-01-01,509.15,48,South,nan
ORD-002909,CUS-1002,2024-01-01,1925.25,34,South,Widget B
ORD-002910,CUS-1002,01/02/2024,1552.45,5,West,Widget A
ORD-002911,CUS-1001,2024-01-01,650.6,46,North,Widget A
ORD-002912,CUS-1002,2024-01-01,1298.07,39,East,Widget B
ORD-002913,CUS-1002,2024-01-01,980.66,44,South,Widget B
ORD-002914,CUS-1002,2024-03-15,1786.07,6,West,Widget A
ORD-002915,CUS-1001,2024-01-01,1124.98,18,South,Widget A
ORD-002916,CUS-1001,2024-03-15,1325.02,10,  Central  ,Widget A
ORD-002917,CUS-1003,2024-01-01,306.78,32,South,Widget A
ORD-002918,CUS-1001,2024-01-01,507.23,31,North,Widget A
ORD-002919,CUS-1002,2024-03-15,62.82,27,East,Widget A
ORD-002920,nan,2024-01-01,1180.61,9,North,Widget A
ORD-002921,CUS-1001,2024-01-01,1129.41,6,North,Widget A
ORD-002922,CUS-1001,2024-01-01,622.55,49,South,Widget A
ORD-002923,CUS-1002,01/02/2024,-310.8,12,South,Widget A
ORD-002924,CUS-1001,2024-01-01,911.54,47,East,Widget B
ORD-002925,CUS-1002,2024-03-15,216.53,25,East,Widget B
ORD-002926,CUS-1002,2024-01-01,1707.38,1,  Central  ,Gadget C
ORD-002927,CUS-1002,2024-01-01,1665.44,23,South,Widget B
ORD-002928,CUS-1001,2024-01-01,1196.33,43,East,Widget A
ORD-002929,CUS-1002,2024-01-01,1804.14,29,West,Widget A
ORD-002930,CUS-1002,2024-03-15,1230.84,47,East,Widget B
ORD-002931,CUS-1001,2024-01-01,986.92,40,South,Widget B
ORD-002932,CUS-1002,2024-06-30,1203.96,44,North,Widget A
ORD-002933,nan,2024-01-01,180.02,40,North,Gadget C
ORD-002934,CUS-1002,01/02/2024,442.8,34,North,Widget B
ORD-002935,CUS-1002,2024-01-01,1121.06,14,East,Widget B
ORD-002936,CUS-1001,2024-03-15,233.37,31,East,Widget B
ORD-002937,CUS-1001,2024-01-01,1621.09,14,South,Widget A
ORD-002938,CUS-1001,01/02/2024,348.75,32,  Central  ,Widget B
ORD-002939,CUS-1001,2024-06-30,842.72,31,East,Widget A
ORD-002940,nan,01/02/2024,974.29,40,  Central  ,Gadget C
ORD-002941,CUS-1001,2024-01-01,324.28,19,South,Widget A
ORD-002942,CUS-1003,2024-03-15,491.91,15,East,Widget B
ORD-002943,CUS-1001,2024-01-01,973.94,48,South,Gadget C
ORD-002944,CUS-1001,2024-01-01,222.51,17,  Central  ,Widget A
ORD-002945,CUS-1001,2024-01-01,382.46,32,South,Widget A
ORD-002946,CUS-1001,2024-03-15,56.15,44,North,Widget A
ORD-002947,CUS-1003,2024-01-01,1017.83,13,East,Widget B
ORD-002948,nan,2024-03-15,1646.34,19,South,Widget A
ORD-002949,CUS-1003,2024-03-15,-255.66,6,West,Widget B
ORD-002950,CUS-1001,2024-01-01,716.24,9,North,Widget B
ORD-002951,CUS-1003,2024-01-01,1378.01,36,North,Widget A
ORD-002952,CUS-1001,2024-03-15,1979.92,6,North,Widget B
ORD-002953,nan,2024-01-01,852.58,16,South,Gadget C
ORD-002954,CUS-1002,2024-01-01,1828.52,7,West,Gadget C
ORD-002955,CUS-1001,2024-01-01,1559.31,10,  Central  ,Widget A
ORD-002956,CUS-1001,not-a-date,361.9,40,  Central  ,Gadget C
ORD-002957,CUS-1001,2024-01-01,894.02,13,  Central  ,Widget B
ORD-002958,CUS-1001,2024-01-01,1862.28,25,South,nan
ORD-002959,nan,2024-01-01,343.44,35,East,Widget A
ORD-002960,CUS-1003,2024-01-01,124.69,46,South,Widget B
ORD-002961,nan,2024-06-30,541.86,33,West,Widget B
ORD-002962,CUS-1001,01/02/2024,19.66,20,  Central  ,Gadget C
ORD-002963,CUS-1002,2024-03-15,262.93,5,North,Widget A
ORD-002964,CUS-1001,2024-03-15,-385.2,22,South,Widget B
ORD-002965,CUS-1002,2024-01-01,1531.23,33,South,Widget B
ORD-002966,CUS-1001,2024-03-15,435.3,1,  Central  ,nan
ORD-002967,CUS-1001,2024-06-30,1700.82,31,West,Gadget C
ORD-002968,CUS-1002,2024-03-15,1975.92,1,West,nan
ORD-002969,CUS-1001,2024-03-15,933.72,40,West,Widget B
ORD-002970,CUS-1002,2024-01-01,1984.35,48,  Central  ,Widget A
ORD-002971,CUS-1002,2024-03-15,1159.85,5,  Central  ,Widget B
ORD-002972,CUS-1001,2024-01-01,129.85,46,North,Gadget C
ORD-002973,nan,2024-03-15,230.03,14,  Central  ,Widget A
ORD-002974,CUS-1002,2024-01-01,1030.75,4,East,Widget B
ORD-002975,CUS-1003,01/02/2024,1844.41,40,South,Widget A
ORD-002976,CUS-1002,not-a-date,-285.11,16,East,Widget A
ORD-002977,CUS-1002,01/02/2024,1147.71,22,South,Widget A
ORD-002978,CUS-1002,2024-01-01,1623.89,49,East,Widget B
ORD-002979,CUS-1003,2024-03-15,1966.36,45,South,Widget A
ORD-002980,CUS-1002,2024-06-30,1816.92,27,East,Widget A
ORD-002981,CUS-1001,01/02/2024,221.03,34,East,Gadget C
ORD-002982,CUS-1001,not-a-date,162.84,14,North,Widget A
ORD-002983,CUS-1002,2024-03-15,418.47,3,West,Gadget C
ORD-002984,CUS-1001,not-a-date,566.98,35,East,Widget A
ORD-002985,CUS-1001,2024-01-01,1732.95,23,West,Widget B
ORD-002986,CUS-1001,2024-01-01,1293.97,46,East,Widget B
ORD-002987,CUS-1002,2024-03-15,1885.03,15,  Central  ,Widget A
ORD-002988,CUS-1001,2024-06-30,843.51,11,West,Widget B
ORD-002989,CUS-1002,2024-01-01,826.15,38,South,Widget A
ORD-002990,CUS-1003,2024-01-01,566.43,27,North,Widget A
ORD-002991,CUS-1003,2024-01-01,880.66,8,East,Widget B
ORD-002992,CUS-1001,2024-03-15,1583.93,32,South,Widget B
ORD-002993,CUS-1002,not-a-date,1396.43,44,South,Gadget C
ORD-002994,CUS-1002,01/02/2024,1581.57,31,West,Widget B
ORD-002995,CUS-1002,2024-01-01,1663.08,36,  Central  ,nan
ORD-002996,CUS-1002,2024-01-01,18.54,9,South,Widget A
ORD-002997,CUS-1001,not-a-date,482.2,29,North,Gadget C
ORD-002998,nan,2024-01-01,1311.96,34,West,Widget A
ORD-002999,CUS-1001,2024-01-01,897.97,28,North,Widget A
ORD-003000,CUS-1003,2024-01-01,243.73,47,South,Widget B
ORD-003001,CUS-1002,2024-03-15,-121.17,47,South,Widget B
ORD-003002,CUS-1001,2024-01-01,1887.27,27,South,Widget B
ORD-003003,CUS-1002,2024-01-01,1698.42,43,East,Widget A
ORD-003004,CUS-1001,2024-01-01,644.9,4,West,Widget B
ORD-003005,CUS-1003,2024-06-30,1282.19,46,West,Widget B
ORD-003006,CUS-1002,2024-01-01,302.05,8,South,Widget A
ORD-003007,CUS-1001,2024-01-01,278.6,41,West,Widget A
ORD-003008,CUS-1001,2024-01-01,673.94,22,East,Widget B
ORD-003009,CUS-1003,2024-01-01,569.67,18,South,Widget B
ORD-003010,CUS-1001,2024-03-15,1958.97,42,South,Widget B
ORD-003011,nan,2024-03-15,58.47,9,South,Widget B
ORD-003012,CUS-1003,2024-01-01,1099.11,29,West,Widget B
ORD-003013,CUS-1002,not-a-date,1709.7,15,East,Widget A
ORD-003014,CUS-1001,2024-01-01,61.55,13,West,Widget B
ORD-003015,CUS-1002,not-a-date,1111.92,48,  Central  ,Gadget C
ORD-003016,nan,2024-01-01,766.19,8,  Central  ,Widget A
ORD-003017,CUS-1001,2024-01-01,439.63,48,  Central  ,Gadget C
ORD-003018,CUS-1001,not-a-date,478.38,2,West,Widget A
ORD-003019,CUS-1001,2024-06-30,1630.75,10,  Central  ,Gadget C
ORD-003020,CUS-1001,2024-03-15,934.26,19,South,Widget B
ORD-003021,CUS-1002,01/02/2024,101.3,12,North,Widget A
ORD-003022,CUS-1002,2024-03-15,823.57,13,West,Widget A
ORD-003023,CUS-1002,2024-03-15,1635.28,33,North,Widget A
ORD-003024,CUS-1001,2024-01-01,1381.42,3,East,Widget A
ORD-003025,CUS-1001,2024-01-01,1910.36,28,  Central  ,Widget A
ORD-003026,CUS-1001,01/02/2024,1548.45,20,West,nan
ORD-003027,CUS-1003,01/02/2024,350.19,28,South,nan
ORD-003028,CUS-1002,not-a-date,142.99,18,North,Widget A
ORD-003029,CUS-1001,2024-01-01,930.49,45,East,Widget A
ORD-003030,CUS-1003,2024-01-01,895.17,17,West,Widget B
ORD-003031,CUS-1001,2024-01-01,1099.92,28,West,Widget B
ORD-003032,CUS-1001,2024-03-15,1346.59,22,West,Widget A
ORD-003033,CUS-1001,2024-01-01,516.1,29,North,Widget A
ORD-003034,nan,not-a-date,1976.75,20,West,Widget B
ORD-003035,CUS-1002,2024-01-01,994.58,33,East,Widget A
ORD-003036,CUS-1002,2024-01-01,1432.79,11,South,Widget B
ORD-003037,CUS-1001,2024-03-15,822.72,26,  Central  ,Gadget C
ORD-003038,CUS-1001,2024-01-01,1372.0,42,South,nan
ORD-003039,CUS-1002,2024-03-15,1966.96,29,North,Widget B
ORD-003040,CUS-1001,2024-01-01,315.64,10,North,Widget A
ORD-003041,nan,01/02/2024,877.49,37,South,Gadget C
ORD-003042,CUS-1003,01/02/2024,1397.08,16,East,Gadget C
ORD-003043,CUS-1002,not-a-date,1715.14,45,  Central  ,Widget B
ORD-003044,CUS-1002,2024-01-01,1278.0,41,South,Gadget C
ORD-003045,nan,2024-01-01,470.26,46,East,Widget A
ORD-003046,CUS-1002,01/02/2024,1293.86,41,West,Widget B
ORD-003047,CUS-1002,2024-06-30,1249.24,33,West,Widget B
ORD-003048,nan,2024-03-15,96.85,33,  Central  ,Widget A
ORD-003049,CUS-1001,2024-03-15,1217.72,14,East,Widget A
ORD-003050,nan,01/02/2024,1069.84,19,  Central  ,Gadget C
ORD-003051,CUS-1001,01/02/2024,586.04,43,East,nan
ORD-003052,CUS-1002,not-a-date,-43.06,31,North,Widget B
ORD-003053,CUS-1003,not-a-date,-25.48,35,South,Gadget C
ORD-003054,CUS-1002,2024-03-15,139.19,11,South,Widget A
ORD-003055,CUS-1002,2024-03-15,576.16,19,West,Widget B
ORD-003056,CUS-1002,not-a-date,1405.13,13,South,Widget A
ORD-003057,CUS-1001,2024-01-01,426.32,31,South,Widget A
ORD-003058,CUS-1001,2024-01-01,244.04,26,North,Widget B
ORD-003059,CUS-1001,2024-06-30,1965.96,21,South,Widget A
ORD-003060,CUS-1002,01/02/2024,1135.61,38,South,Widget A
ORD-003061,CUS-1002,2024-01-01,544.84,41,  Central  ,Widget A
ORD-003062,CUS-1001,01/02/2024,316.39,46,  Central  ,Widget B
ORD-003063,nan,01/02/2024,24.14,17,West,Widget B
ORD-003064,CUS-1001,2024-03-15,1502.01,24,North,Widget B
ORD-003065,CUS-1002,2024-03-15,721.42,22,  Central  ,Widget A
ORD-003066,CUS-1001,2024-01-01,397.18,46,North,Widget A
ORD-003067,CUS-1001,2024-01-01,1808.03,39,North,Widget A
ORD-003068,CUS-1002,2024-01-01,1395.7,46,North,Gadget C
ORD-003069,CUS-1002,not-a-date,1622.72,10,South,Gadget C
ORD-003070,CUS-1001,2024-01-01,1314.92,27,North,nan
ORD-003071,nan,01/02/2024,1834.25,28,North,Widget B
ORD-003072,CUS-1003,01/02/2024,695.46,21,South,Gadget C
ORD-003073,CUS-1002,01/02/2024,321.26,22,West,Widget B
ORD-003074,CUS-1003,01/02/2024,23.27,42,  Central  ,Widget A
ORD-003075,nan,2024-03-15,77.3,19,  Central  ,Gadget C
ORD-003076,CUS-1001,01/02/2024,1709.18,22,West,Widget A
ORD-003077,CUS-1002,2024-01-01,1233.57,6,East,Widget B
ORD-003078,CUS-1002,2024-01-01,100.66,32,East,Gadget C
ORD-003079,CUS-1001,01/02/2024,222.39,1,  Central  ,Widget A
ORD-003080,CUS-1001,2024-01-01,1396.06,37,South,Widget A
ORD-003081,CUS-1001,2024-03-15,775.93,31,West,Widget A
ORD-003082,CUS-1002,2024-01-01,1551.07,48,North,Widget B
ORD-003083,CUS-1003,2024-03-15,-356.31,28,North,Widget B
ORD-003084,CUS-1003,2024-01-01,-291.56,36,East,Widget B
ORD-003085,CUS-1001,2024-03-15,371.34,46,West,Widget A
ORD-003086,CUS-1001,2024-01-01,1302.84,12,  Central  ,Widget A
ORD-003087,CUS-1002,01/02/2024,1194.73,15,North,Gadget C
ORD-003088,CUS-1002,2024-01-01,1697.35,26,South,Gadget C
ORD-003089,nan,01/02/2024,408.57,2,West,Widget A
ORD-003090,CUS-1003,2024-01-01,1440.65,12,East,Widget B
ORD-003091,nan,2024-03-15,1203.57,23,North,Gadget C
ORD-003092,CUS-1003,01/02/2024,960.36,12,South,Widget B
ORD-003093,nan,2024-06-30,589.26,3,West,Gadget C
ORD-003094,CUS-1002,2024-03-15,61.8,37,West,Widget B
ORD-003095,CUS-1001,01/02/2024,1613.15,13,West,Widget A
ORD-003096,CUS-1001,2024-03-15,223.78,1,North,Widget B
ORD-003097,CUS-1001,2024-01-01,760.97,33,South,Widget B
ORD-003098,CUS-1001,01/02/2024,997.35,12,South,Widget A
ORD-003099,CUS-1001,2024-01-01,666.14,23,South,Widget A
ORD-003100,nan,2024-03-15,1328.28,38,South,Gadget C
ORD-003101,CUS-1001,2024-01-01,663.69,17,South,Gadget C
ORD-003102,nan,2024-01-01,1037.46,29,South,Widget A
ORD-003103,CUS-1003,01/02/2024,199.43,40,South,Widget B
ORD-003104,CUS-1002,2024-01-01,874.65,37,South,Widget B
ORD-003105,CUS-1002,2024-01-01,1170.17,17,  Central  ,Widget A
ORD-003106,CUS-1001,2024-01-01,1725.03,20,East,Gadget C
ORD-003107,CUS-1002,2024-03-15,371.37,8,South,Gadget C
ORD-003108,CUS-1001,2024-01-01,683.88,8,North,Gadget C
ORD-003109,nan,2024-01-01,525.99,14,South,Widget A
ORD-003110,CUS-1001,2024-06-30,313.8,47,West,Widget A
ORD-003111,CUS-1001,2024-06-30,777.38,47,South,Widget A
ORD-003112,CUS-1002,2024-01-01,1817.59,42,South,Widget B
ORD-003113,CUS-1002,01/02/2024,752.15,13,North,Widget A
ORD-003114,CUS-1002,2024-01-01,551.61,29,  Central  ,Widget B
ORD-003115,CUS-1002,2024-06-30,1916.5,18,South,Gadget C
ORD-003116,CUS-1001,2024-01-01,1433.79,14,North,Widget A
ORD-003117,CUS-1002,2024-01-01,745.65,9,West,Gadget C
ORD-003118,CUS-1001,2024-01-01,1501.14,47,  Central  ,Widget B
ORD-003119,CUS-1001,01/02/2024,1280.7,32,West,nan
ORD-003120,CUS-1001,2024-01-01,1711.13,35,South,Widget A
ORD-003121,CUS-1001,2024-03-15,230.91,14,West,Widget A
ORD-003122,CUS-1001,2024-01-01,1084.32,48,South,Widget B
ORD-003123,CUS-1002,01/02/2024,1407.23,11,South,Gadget C
ORD-003124,CUS-1001,2024-03-15,1995.37,9,North,Widget A
ORD-003125,CUS-1001,2024-01-01,1207.46,29,South,Widget B
ORD-003126,CUS-1002,2024-01-01,289.97,46,East,Widget A
ORD-003127,CUS-1001,2024-01-01,1943.36,38,North,Widget A
ORD-003128,CUS-1002,2024-03-15,922.95,47,West,Widget B
ORD-003129,nan,2024-01-01,981.52,29,South,Widget A
ORD-003130,CUS-1002,2024-03-15,513.76,13,East,Widget A
ORD-003131,nan,01/02/2024,1629.12,25,South,Widget B
ORD-003132,CUS-1001,01/02/2024,1063.31,25,West,Gadget C
ORD-003133,CUS-1001,01/02/2024,1948.06,48,East,Widget A
ORD-003134,CUS-1002,2024-01-01,1042.87,15,West,Widget A
ORD-003135,CUS-1003,2024-01-01,369.31,14,North,Widget B
ORD-003136,CUS-1003,2024-03-15,1542.91,21,East,Gadget C
ORD-003137,CUS-1001,2024-01-01,303.93,24,East,Widget A
ORD-003138,CUS-1003,01/02/2024,573.86,29,North,Widget A
ORD-003139,CUS-1001,2024-06-30,1879.58,10,North,Widget A
ORD-003140,CUS-1001,2024-01-01,1952.97,40,East,Widget A
ORD-003141,CUS-1001,2024-01-01,1555.56,25,East,Widget B
ORD-003142,nan,2024-01-01,421.72,23,West,Widget A
ORD-003143,CUS-1001,2024-01-01,1486.42,24,West,Widget B
ORD-003144,CUS-1003,2024-06-30,1192.17,46,South,Widget A
ORD-003145,CUS-1002,2024-06-30,899.01,38,South,Widget A
ORD-003146,CUS-1002,2024-01-01,897.81,28,South,Widget B
ORD-003147,CUS-1002,2024-06-30,911.57,23,  Central  ,Widget B
ORD-003148,CUS-1003,2024-01-01,651.49,12,East,Gadget C
ORD-003149,CUS-1001,2024-06-30,1080.69,8,South,Widget B
ORD-003150,CUS-1001,2024-03-15,82.71,47,West,Gadget C
ORD-003151,CUS-1002,2024-01-01,1698.5,47,East,Widget A
ORD-003152,CUS-1001,01/02/2024,1795.11,14,East,Widget B
ORD-003153,CUS-1001,2024-03-15,787.73,14,  Central  ,Widget B
ORD-003154,CUS-1001,2024-01-01,1897.65,42,East,Widget B
ORD-003155,CUS-1001,2024-01-01,1554.53,12,  Central  ,Widget A
ORD-003156,CUS-1001,01/02/2024,1697.28,34,East,Widget A
ORD-003157,CUS-1001,2024-01-01,1783.64,45,West,Widget A
ORD-003158,nan,2024-01-01,687.23,46,East,Widget B
ORD-003159,CUS-1001,2024-01-01,1627.3,33,East,Widget B
ORD-003160,nan,2024-03-15,298.81,6,South,Widget B
ORD-003161,nan,2024-01-01,1954.3,44,East,Widget B
ORD-003162,CUS-1001,01/02/2024,1194.6,10,North,Widget A
ORD-003163,CUS-1002,2024-01-01,1391.34,15,East,Gadget C
ORD-003164,CUS-1002,2024-01-01,619.75,9,East,Widget B
ORD-003165,CUS-1002,01/02/2024,73.41,3,West,Widget A
ORD-003166,CUS-1001,2024-01-01,334.56,10,North,Widget A
ORD-003167,CUS-1001,01/02/2024,292.72,22,South,Widget A
ORD-003168,CUS-1001,2024-01-01,890.44,1,East,Widget A
ORD-003169,CUS-1002,01/02/2024,592.15,13,South,Widget A
ORD-003170,nan,2024-01-01,-66.27,8,North,Gadget C
ORD-003171,CUS-1002,2024-03-15,1684.63,36,North,Widget A
ORD-003172,CUS-1002,2024-01-01,1084.3,34,South,Widget A
ORD-003173,nan,not-a-date,1706.24,11,South,Gadget C
ORD-003174,CUS-1002,2024-01-01,1174.3,43,South,Widget A
ORD-003175,CUS-1001,2024-01-01,1840.84,4,  Central  ,Widget A
ORD-003176,CUS-1003,01/02/2024,-398.86,8,North,Widget A
ORD-003177,CUS-1001,2024-01-01,1473.02,24,West,Widget A
ORD-003178,CUS-1001,2024-01-01,557.05,45,North,Widget A
ORD-003179,CUS-1002,2024-03-15,1590.98,14,North,Gadget C
ORD-003180,nan,2024-03-15,1547.01,48,East,Widget B
ORD-003181,CUS-1001,01/02/2024,171.08,13,West,Widget B
ORD-003182,CUS-1002,2024-06-30,125.21,32,South,Widget A
ORD-003183,CUS-1001,2024-01-01,1763.69,16,East,Widget B
ORD-003184,CUS-1001,2024-01-01,1957.92,30,East,Widget B
ORD-003185,CUS-1001,2024-03-15,1213.23,16,East,Widget A
ORD-003186,CUS-1002,2024-01-01,349.88,13,East,Widget A
ORD-003187,CUS-1003,2024-01-01,848.17,22,West,Widget A
ORD-003188,CUS-1001,2024-01-01,51.89,17,North,Widget A
ORD-003189,CUS-1001,2024-01-01,1645.24,29,West,Widget B
ORD-003190,CUS-1001,2024-01-01,215.29,25,  Central  ,Widget A
ORD-003191,CUS-1001,2024-01-01,676.95,27,South,Widget A
ORD-003192,CUS-1002,01/02/2024,1129.78,8,West,Widget B
ORD-003193,CUS-1002,2024-03-15,1399.14,30,East,Gadget C
ORD-003194,CUS-1002,2024-06-30,1815.08,36,South,Widget A
ORD-003195,CUS-1001,2024-01-01,849.41,7,South,Widget A
ORD-003196,CUS-1002,2024-01-01,390.15,10,West,Widget B
ORD-003197,CUS-1001,01/02/2024,226.71,3,South,Widget A
ORD-003198,CUS-1001,2024-01-01,1320.51,12,South,Widget A
ORD-003199,nan,2024-01-01,266.33,46,  Central  ,Widget A
ORD-003200,CUS-1003,01/02/2024,1319.87,5,South,Gadget C
ORD-003201,nan,2024-03-15,917.91,11,North,Gadget C
ORD-003202,nan,2024-01-01,838.89,7,North,Widget A
ORD-003203,CUS-1002,01/02/2024,529.22,41,  Central  ,Gadget C
ORD-003204,nan,01/02/2024,1804.5,29,South,Widget A
ORD-003205,CUS-1001,not-a-date,1435.21,4,West,Widget B
ORD-003206,CUS-1001,2024-01-01,1054.1,12,West,Widget A
ORD-003207,CUS-1001,2024-03-15,853.33,34,North,Widget B
ORD-003208,CUS-1001,2024-03-15,727.29,37,West,Widget A
ORD-003209,CUS-1001,2024-01-01,804.34,30,East,Gadget C
ORD-003210,CUS-1001,01/02/2024,1708.74,28,East,Gadget C
ORD-003211,CUS-1002,01/02/2024,848.61,23,South,Widget A
ORD-003212,CUS-1003,2024-01-01,18.76,42,North,Widget A
ORD-003213,CUS-1002,2024-01-01,1847.26,19,North,Widget B
ORD-003214,CUS-1001,2024-01-01,1189.78,48,North,Widget A
ORD-003215,CUS-1002,2024-03-15,339.7,43,South,Widget A
ORD-003216,CUS-1001,2024-01-01,-234.6,46,East,Widget B
ORD-003217,CUS-1001,01/02/2024,759.39,35,South,Gadget C
ORD-003218,CUS-1001,2024-01-01,1228.35,17,South,Widget B
ORD-003219,CUS-1001,01/02/2024,1878.95,32,East,Widget B
ORD-003220,CUS-1001,01/02/2024,118.36,23,East,Widget B
ORD-003221,CUS-1003,01/02/2024,712.02,46,West,Widget A
ORD-003222,CUS-1003,01/02/2024,521.77,45,South,Widget B
ORD-003223,CUS-1002,2024-01-01,848.16,4,West,Widget A
ORD-003224,CUS-1001,2024-01-01,1586.27,37,South,Widget A
ORD-003225,CUS-1003,2024-03-15,325.51,37,West,Widget A
ORD-003226,CUS-1002,2024-01-01,1870.6,30,  Central  ,Gadget C
ORD-003227,CUS-1001,2024-03-15,520.32,48,South,Gadget C
ORD-003228,CUS-1002,01/02/2024,1507.9,4,South,Widget B
ORD-003229,CUS-1002,not-a-date,1282.55,48,North,Widget A
ORD-003230,CUS-1002,2024-01-01,1100.08,1,East,Widget B
ORD-003231,CUS-1001,01/02/2024,1689.33,9,East,Widget A
ORD-003232,CUS-1002,2024-01-01,1218.24,32,West,Gadget C
ORD-003233,CUS-1001,2024-06-30,-495.22,40,West,Widget B
ORD-003234,CUS-1001,01/02/2024,1182.42,45,South,Widget A
ORD-003235,CUS-1001,01/02/2024,1443.73,3,North,Widget A
ORD-003236,nan,2024-03-15,104.5,41,South,Widget B
ORD-003237,CUS-1001,2024-01-01,1293.77,34,East,Gadget C
ORD-003238,CUS-1001,01/02/2024,1779.1,20,  Central  ,Widget A
ORD-003239,CUS-1001,2024-03-15,1304.17,32,East,Gadget C
ORD-003240,nan,2024-01-01,1638.07,20,South,Widget B
ORD-003241,CUS-1002,2024-06-30,1982.03,23,  Central  ,Widget A
ORD-003242,nan,not-a-date,320.94,11,West,Widget A
ORD-003243,CUS-1001,2024-06-30,1381.33,17,South,Widget A
ORD-003244,CUS-1001,2024-03-15,1795.51,33,East,Widget A
ORD-003245,CUS-1002,2024-01-01,67.21,12,North,Widget A
ORD-003246,CUS-1001,01/02/2024,355.58,39,  Central  ,Widget A
ORD-003247,CUS-1003,2024-01-01,506.81,18,North,Widget A
ORD-003248,CUS-1003,2024-03-15,1761.76,46,West,Widget A
ORD-003249,CUS-1002,2024-01-01,1954.69,5,South,Widget B
ORD-003250,nan,not-a-date,1827.88,18,West,Widget A
ORD-003251,CUS-1002,2024-01-01,953.27,15,South,Widget A
ORD-003252,CUS-1001,2024-01-01,1338.64,28,East,Widget A
ORD-003253,CUS-1002,2024-01-01,216.87,25,East,Widget B
ORD-003254,CUS-1001,2024-03-15,1958.37,4,South,Gadget C
ORD-003255,CUS-1003,2024-01-01,1888.65,26,South,Widget B
ORD-003256,CUS-1001,2024-01-01,1196.67,27,  Central  ,Widget B
ORD-003257,CUS-1001,2024-01-01,294.82,29,South,Widget A
ORD-003258,CUS-1002,2024-01-01,1895.41,27,North,Widget B
ORD-003259,CUS-1001,2024-06-30,1792.63,36,South,Widget B
ORD-003260,CUS-1001,2024-01-01,1981.46,36,  Central  ,Widget A
ORD-003261,CUS-1002,2024-01-01,1020.63,6,South,nan
ORD-003262,CUS-1001,2024-01-01,702.87,32,South,Widget A
ORD-003263,CUS-1002,2024-01-01,-268.3,42,South,Widget A
ORD-003264,CUS-1001,2024-01-01,999.24,23,South,nan
ORD-003265,CUS-1001,2024-01-01,1825.45,18,South,Gadget C
ORD-003266,CUS-1001,2024-01-01,266.09,26,South,Widget A
ORD-003267,CUS-1003,2024-01-01,1300.57,10,North,Widget A
ORD-003268,nan,2024-01-01,1831.2,23,South,Widget B
ORD-003269,CUS-1001,2024-03-15,554.81,9,South,Widget B
ORD-003270,nan,2024-01-01,1055.18,18,South,Gadget C
ORD-003271,CUS-1002,01/02/2024,1590.98,40,East,Gadget C
ORD-003272,CUS-1002,01/02/2024,1034.35,46,West,Widget B
ORD-003273,CUS-1002,not-a-date,1059.67,24,West,Widget B
ORD-003274,CUS-1002,2024-01-01,1535.57,46,South,nan
ORD-003275,CUS-1003,2024-03-15,337.76,13,East,Widget B
ORD-003276,CUS-1002,not-a-date,1432.68,13,North,Widget A
ORD-003277,CUS-1002,2024-06-30,1828.58,46,East,Widget B
ORD-003278,CUS-1001,2024-03-15,212.78,31,  Central  ,Widget B
ORD-003279,CUS-1001,2024-01-01,129.79,29,West,Gadget C
ORD-003280,CUS-1002,2024-06-30,184.1,18,East,Widget B
ORD-003281,CUS-1001,2024-03-15,1473.45,32,South,Widget A
ORD-003282,CUS-1001,2024-01-01,788.52,47,North,Widget B
ORD-003283,CUS-1001,2024-01-01,934.33,13,South,Gadget C
ORD-003284,CUS-1001,2024-06-30,1459.43,38,South,Widget A
ORD-003285,CUS-1002,2024-01-01,-47.14,20,East,Widget A
ORD-003286,CUS-1002,2024-03-15,1204.25,18,North,Widget A
ORD-003287,CUS-1002,2024-01-01,1702.77,16,North,Widget A
ORD-003288,CUS-1001,2024-03-15,908.01,43,West,Widget B
ORD-003289,CUS-1002,2024-01-01,1750.9,13,East,Widget A
ORD-003290,CUS-1001,2024-03-15,1051.16,21,South,nan
ORD-003291,CUS-1002,01/02/2024,809.71,45,West,Widget A
ORD-003292,CUS-1002,2024-06-30,529.5,24,South,Widget A
ORD-003293,CUS-1002,2024-01-01,1463.32,7,West,Widget A
ORD-003294,CUS-1002,2024-01-01,1247.66,48,West,Widget B
ORD-003295,nan,2024-01-01,1618.29,5,West,Gadget C
ORD-003296,CUS-1003,2024-01-01,1097.94,44,  Central  ,Widget B
ORD-003297,CUS-1002,2024-06-30,1735.02,19,North,nan
ORD-003298,CUS-1002,2024-01-01,582.01,32,North,Widget A
ORD-003299,CUS-1001,2024-01-01,1463.7,33,West,Widget A
ORD-003300,nan,2024-03-15,792.71,14,West,Gadget C
ORD-003301,CUS-1001,2024-01-01,236.69,16,South,Widget B
ORD-003302,CUS-1001,2024-01-01,1061.34,7,East,Widget B
ORD-003303,nan,01/02/2024,-267.01,10,North,Widget B
ORD-003304,CUS-1002,2024-01-01,132.86,3,South,Widget A
ORD-003305,CUS-1001,2024-03-15,732.79,3,North,Widget A
ORD-003306,CUS-1001,01/02/2024,1955.3,21,North,Widget A
ORD-003307,CUS-1001,2024-01-01,-57.43,41,East,Widget A
ORD-003308,CUS-1002,01/02/2024,1959.8,20,East,Widget A
ORD-003309,CUS-1001,not-a-date,66.86,37,West,Widget B
ORD-003310,nan,2024-01-01,314.19,17,South,Gadget C
ORD-003311,nan,2024-03-15,477.85,32,West,nan
ORD-003312,CUS-1002,2024-01-01,1476.13,26,South,Widget A
ORD-003313,CUS-1002,01/02/2024,1956.45,36,South,Gadget C
ORD-003314,CUS-1001,2024-03-15,818.7,34,East,Widget A
ORD-003315,CUS-1001,2024-01-01,1171.34,42,East,Widget B
ORD-003316,CUS-1002,2024-01-01,186.0,28,West,Widget A
ORD-003317,CUS-1001,2024-01-01,1262.14,14,South,Widget A
ORD-003318,CUS-1001,2024-03-15,1801.0,5,  Central  ,Gadget C
ORD-003319,CUS-1001,01/02/2024,1321.88,39,South,Widget B
ORD-003320,CUS-1001,2024-01-01,1310.12,10,North,Widget A
ORD-003321,CUS-1002,2024-01-01,980.08,6,East,Gadget C
ORD-003322,CUS-1002,2024-06-30,905.45,21,West,Gadget C
ORD-003323,CUS-1003,2024-01-01,745.95,46,South,Widget A
ORD-003324,CUS-1002,2024-01-01,1642.19,16,South,Widget A
ORD-003325,CUS-1003,2024-01-01,1292.99,28,East,Widget A
ORD-003326,CUS-1001,01/02/2024,606.25,23,East,Widget B
ORD-003327,CUS-1003,2024-01-01,1040.58,38,East,Widget A
ORD-003328,CUS-1002,2024-03-15,240.25,41,South,Widget B
ORD-003329,CUS-1001,01/02/2024,101.07,24,South,Gadget C
ORD-003330,nan,2024-01-01,281.17,22,West,Gadget C
ORD-003331,CUS-1001,01/02/2024,1736.45,20,South,Widget B
ORD-003332,CUS-1001,2024-01-01,521.87,35,South,Gadget C
ORD-003333,CUS-1001,2024-01-01,1926.55,35,East,Widget A
ORD-003334,CUS-1001,01/02/2024,683.19,13,South,Widget B
ORD-003335,CUS-1001,2024-01-01,825.31,17,South,Widget A
ORD-003336,CUS-1002,not-a-date,1625.97,36,North,Widget A
ORD-003337,nan,01/02/2024,455.65,30,East,Widget B
ORD-003338,CUS-1001,2024-01-01,1819.71,36,  Central  ,Gadget C
ORD-003339,CUS-1002,2024-06-30,1310.33,1,West,Widget B
ORD-003340,CUS-1001,01/02/2024,133.63,44,West,Widget B
ORD-003341,CUS-1003,2024-01-01,1913.67,42,South,Widget A
ORD-003342,CUS-1001,01/02/2024,582.09,44,West,Gadget C
ORD-003343,CUS-1001,2024-06-30,471.6,9,  Central  ,Widget B
ORD-003344,CUS-1002,2024-01-01,1797.48,28,North,Gadget C
ORD-003345,CUS-1002,2024-01-01,657.54,31,South,Gadget C
ORD-003346,CUS-1003,2024-01-01,1448.11,15,West,Widget B
ORD-003347,CUS-1002,2024-01-01,77.97,42,West,Widget B
ORD-003348,CUS-1003,2024-01-01,1842.88,3,West,Widget A
ORD-003349,CUS-1001,01/02/2024,824.33,34,  Central  ,Widget A
ORD-003350,CUS-1001,not-a-date,365.42,29,South,Widget B
ORD-003351,CUS-1001,2024-03-15,1962.68,24,East,Widget A
ORD-003352,CUS-1001,2024-01-01,1486.13,38,North,Gadget C
ORD-003353,CUS-1001,2024-01-01,1588.99,25,East,Widget A
ORD-003354,CUS-1002,2024-01-01,1006.64,4,North,Gadget C
ORD-003355,CUS-1001,2024-01-01,1380.09,22,South,Gadget C
ORD-003356,CUS-1002,01/02/2024,588.85,46,East,Widget A
ORD-003357,CUS-1002,2024-01-01,1041.01,2,East,Widget A
ORD-003358,CUS-1002,2024-03-15,767.41,3,North,Widget A
ORD-003359,CUS-1002,2024-01-01,855.99,38,West,Widget A
ORD-003360,CUS-1001,01/02/2024,18.53,6,North,Widget A
ORD-003361,CUS-1001,not-a-date,1623.59,47,East,Widget A
ORD-003362,CUS-1002,01/02/2024,443.71,27,  Central  ,Widget B
ORD-003363,CUS-1002,not-a-date,952.39,36,West,Widget B
ORD-003364,CUS-1001,2024-03-15,1321.29,35,East,Gadget C
ORD-003365,CUS-1001,01/02/2024,78.54,45,North,Gadget C
ORD-003366,CUS-1002,2024-01-01,691.43,49,North,Widget A
ORD-003367,CUS-1002,2024-01-01,-259.86,43,West,nan
ORD-003368,CUS-1001,not-a-date,274.38,34,North,Widget B
ORD-003369,CUS-1002,2024-01-01,1628.7,18,North,Widget B
ORD-003370,nan,2024-06-30,1087.84,16,South,Widget A
ORD-003371,CUS-1001,2024-01-01,917.97,18,North,Widget B
ORD-003372,CUS-1003,2024-03-15,273.64,48,West,Widget A
ORD-003373,CUS-1001,2024-01-01,1033.05,23,East,Widget A
ORD-003374,CUS-1002,2024-06-30,542.11,3,West,Widget A
ORD-003375,CUS-1002,2024-01-01,261.91,5,South,Widget A
ORD-003376,CUS-1001,2024-01-01,1058.39,28,  Central  ,Widget A
ORD-003377,nan,not-a-date,1366.75,3,  Central  ,Widget B
ORD-003378,CUS-1002,2024-01-01,122.98,34,East,Widget A
ORD-003379,nan,2024-01-01,121.86,1,North,Widget B
ORD-003380,CUS-1001,not-a-date,1479.78,33,North,Widget B
ORD-003381,CUS-1003,2024-03-15,421.44,26,  Central  ,nan
ORD-003382,nan,2024-01-01,315.74,33,East,Widget A
ORD-003383,CUS-1002,01/02/2024,1924.66,27,North,nan
ORD-003384,CUS-1001,2024-01-01,368.19,20,South,Widget A
ORD-003385,CUS-1002,2024-01-01,1372.37,4,  Central  ,Widget A
ORD-003386,CUS-1002,01/02/2024,1631.82,30,  Central  ,Widget A
ORD-003387,nan,2024-01-01,664.32,9,North,Gadget C
ORD-003388,CUS-1002,2024-01-01,-210.58,44,East,Widget B
ORD-003389,CUS-1001,2024-01-01,1112.78,37,West,Widget A
ORD-003390,CUS-1001,not-a-date,409.15,47,West,Widget A
ORD-003391,CUS-1002,01/02/2024,599.05,27,East,Gadget C
ORD-003392,nan,2024-01-01,1926.54,46,West,Gadget C
ORD-003393,CUS-1001,2024-06-30,554.37,39,West,Widget A
ORD-003394,CUS-1002,2024-03-15,1626.51,41,East,Widget A
ORD-003395,nan,2024-01-01,1074.91,10,South,nan
ORD-003396,CUS-1001,2024-06-30,1294.99,39,West,Widget A
ORD-003397,CUS-1001,2024-01-01,919.93,29,West,Widget A
ORD-003398,CUS-1002,2024-01-01,1180.7,39,North,nan
ORD-003399,CUS-1002,2024-01-01,1084.8,12,East,Widget B
ORD-003400,CUS-1001,2024-01-01,968.99,13,East,Widget A
ORD-003401,CUS-1003,01/02/2024,1607.65,48,  Central  ,Widget B
ORD-003402,CUS-1002,01/02/2024,1761.62,21,South,Widget A
ORD-003403,nan,not-a-date,-330.26,46,South,Widget A
ORD-003404,CUS-1003,2024-01-01,280.35,11,North,Widget B
ORD-003405,CUS-1003,2024-01-01,1624.33,16,  Central  ,Widget A
ORD-003406,CUS-1002,2024-01-01,431.67,21,East,Widget A
ORD-003407,CUS-1001,2024-01-01,1733.79,8,South,Widget B
ORD-003408,CUS-1002,2024-06-30,214.18,21,South,Widget B
ORD-003409,CUS-1001,2024-03-15,191.1,8,North,Widget A
ORD-003410,CUS-1002,2024-03-15,371.48,8,North,Gadget C
ORD-003411,CUS-1001,2024-03-15,33.58,9,South,Widget B
ORD-003412,CUS-1002,2024-01-01,1497.8,18,West,nan
ORD-003413,CUS-1001,2024-01-01,800.33,31,West,Widget A
ORD-003414,CUS-1001,2024-01-01,1891.14,19,North,Gadget C
ORD-003415,CUS-1001,2024-03-15,736.98,9,East,Widget A
ORD-003416,CUS-1002,2024-01-01,1408.97,47,West,nan
ORD-003417,CUS-1003,2024-01-01,1369.42,10,North,Gadget C
ORD-003418,CUS-1001,01/02/2024,656.17,32,North,Widget A
ORD-003419,CUS-1003,2024-01-01,1786.37,20,West,Widget A
ORD-003420,CUS-1003,01/02/2024,801.77,3,East,Gadget C
ORD-003421,CUS-1001,2024-01-01,1107.25,39,South,Widget A
ORD-003422,CUS-1002,01/02/2024,802.41,6,East,Widget B
ORD-003423,CUS-1001,2024-01-01,876.33,7,West,Widget A
ORD-003424,CUS-1001,not-a-date,118.84,3,North,Widget A
ORD-003425,CUS-1002,2024-03-15,627.3,8,East,Widget A
ORD-003426,CUS-1001,2024-01-01,1897.18,16,South,nan
ORD-003427,CUS-1003,2024-03-15,1664.57,4,South,Widget A
ORD-003428,nan,2024-03-15,1761.54,9,West,Widget B
ORD-003429,CUS-1003,01/02/2024,1428.56,4,East,Widget B
ORD-003430,CUS-1002,2024-06-30,1309.96,11,West,Gadget C
ORD-003431,CUS-1002,2024-03-15,1798.19,9,South,Widget A
ORD-003432,nan,2024-01-01,1080.35,14,East,Gadget C
ORD-003433,CUS-1001,2024-01-01,1832.77,39,North,Widget A
ORD-003434,CUS-1001,2024-01-01,836.23,6,West,Gadget C
ORD-003435,CUS-1002,01/02/2024,1199.25,49,East,Gadget C
ORD-003436,CUS-1001,2024-06-30,948.63,26,  Central  ,Gadget C
ORD-003437,CUS-1001,01/02/2024,47.9,11,East,Widget A
ORD-003438,CUS-1001,2024-01-01,405.93,8,North,Widget B
ORD-003439,CUS-1002,2024-06-30,1856.44,9,East,Gadget C
ORD-003440,CUS-1001,2024-03-15,1200.22,38,  Central  ,Gadget C
ORD-003441,CUS-1001,2024-01-01,102.67,9,North,Gadget C
ORD-003442,CUS-1001,2024-06-30,1934.78,28,South,Widget B
ORD-003443,CUS-1001,2024-01-01,1856.72,3,East,Gadget C
ORD-003444,CUS-1003,01/02/2024,1426.86,22,East,Widget A
ORD-003445,CUS-1001,2024-01-01,573.47,42,North,Widget A
ORD-003446,CUS-1002,2024-06-30,597.0,40,North,Widget B
ORD-003447,CUS-1003,2024-01-01,1731.85,25,North,Gadget C
ORD-003448,CUS-1001,2024-01-01,130.59,13,East,Widget A
ORD-003449,CUS-1003,01/02/2024,482.35,17,  Central  ,Gadget C
ORD-003450,CUS-1002,not-a-date,341.14,17,East,Widget A
ORD-003451,CUS-1002,2024-01-01,1435.49,11,South,Widget B
ORD-003452,CUS-1001,2024-01-01,769.7,33,North,Widget B
ORD-003453,CUS-1001,2024-06-30,1832.74,9,West,Gadget C
ORD-003454,nan,2024-03-15,1607.8,48,  Central  ,Widget A
ORD-003455,CUS-1003,2024-01-01,1969.47,6,West,Widget A
ORD-003456,nan,2024-01-01,605.01,31,East,Gadget C
ORD-003457,nan,2024-01-01,955.1,33,  Central  ,Gadget C
ORD-003458,CUS-1001,01/02/2024,1323.03,33,East,Widget B
ORD-003459,CUS-1003,01/02/2024,1949.74,33,South,Gadget C
ORD-003460,CUS-1002,2024-03-15,695.85,23,North,Widget A
ORD-003461,CUS-1003,2024-01-01,660.42,7,North,Widget B
ORD-003462,CUS-1001,2024-03-15,1257.25,31,South,Widget A
ORD-003463,CUS-1001,2024-01-01,1333.9,11,South,Widget B
ORD-003464,CUS-1003,not-a-date,386.0,10,North,Widget A
ORD-003465,CUS-1003,2024-01-01,914.4,41,East,Widget A
ORD-003466,CUS-1002,2024-01-01,760.96,7,West,Widget B
ORD-003467,CUS-1001,2024-01-01,-189.85,27,East,Widget B
ORD-003468,CUS-1001,2024-01-01,289.52,18,West,Widget B
ORD-003469,nan,2024-01-01,1299.81,9,West,Gadget C
ORD-003470,CUS-1002,01/02/2024,383.17,47,North,nan
ORD-003471,CUS-1002,not-a-date,60.58,32,  Central  ,Gadget C
ORD-003472,CUS-1002,01/02/2024,997.01,24,North,Widget A
ORD-003473,CUS-1001,01/02/2024,86.81,42,West,Gadget C
ORD-003474,CUS-1002,2024-01-01,1335.5,17,East,Widget B
ORD-003475,CUS-1002,2024-03-15,1192.78,17,East,Gadget C
ORD-003476,CUS-1003,2024-01-01,1137.8,2,  Central  ,Widget A
ORD-003477,nan,2024-01-01,199.47,38,West,Widget A
ORD-003478,nan,2024-01-01,-209.59,48,North,Widget B
ORD-003479,CUS-1002,2024-01-01,1334.11,42,East,Widget A
ORD-003480,CUS-1002,01/02/2024,74.09,1,South,Gadget C
ORD-003481,CUS-1002,2024-01-01,240.65,18,South,Widget B
ORD-003482,CUS-1003,2024-01-01,1529.9,47,North,Widget A
ORD-003483,CUS-1002,2024-03-15,342.27,46,West,Widget A
ORD-003484,CUS-1002,2024-01-01,996.52,11,South,Widget A
ORD-003485,CUS-1002,01/02/2024,206.02,20,  Central  ,Widget A
ORD-003486,CUS-1002,2024-01-01,477.81,28,West,Widget A
ORD-003487,CUS-1002,not-a-date,1759.94,6,West,Widget A
ORD-003488,CUS-1001,2024-03-15,1508.87,20,East,Widget B
ORD-003489,CUS-1002,2024-01-01,385.16,38,West,Widget A
ORD-003490,CUS-1002,not-a-date,436.97,37,South,Widget B
ORD-003491,CUS-1001,2024-01-01,952.82,9,East,Widget B
ORD-003492,CUS-1003,2024-01-01,1268.26,26,East,Widget A
ORD-003493,CUS-1002,01/02/2024,1168.81,11,South,nan
ORD-003494,CUS-1001,2024-03-15,576.46,37,East,Widget B
ORD-003495,CUS-1003,2024-01-01,1894.01,33,West,Gadget C
ORD-003496,CUS-1002,2024-01-01,1671.95,34,North,Widget A
ORD-003497,CUS-1003,2024-01-01,1306.71,25,  Central  ,Widget A
ORD-003498,CUS-1001,01/02/2024,1816.83,19,South,Widget A
ORD-003499,CUS-1003,2024-06-30,595.09,4,East,Widget A
ORD-003500,CUS-1001,2024-01-01,606.55,37,  Central  ,Widget A
ORD-003501,CUS-1002,2024-06-30,624.93,40,  Central  ,Widget A
ORD-003502,CUS-1001,2024-01-01,329.2,21,East,Widget A
ORD-003503,CUS-1002,2024-03-15,288.48,1,  Central  ,Widget A
ORD-003504,CUS-1002,2024-06-30,1819.43,28,East,Gadget C
ORD-003505,CUS-1002,01/02/2024,1716.91,10,South,Widget A
ORD-003506,CUS-1002,2024-01-01,1102.32,46,East,Widget B
ORD-003507,CUS-1003,2024-01-01,1324.63,31,North,Gadget C
ORD-003508,CUS-1002,2024-01-01,484.63,49,West,Gadget C
ORD-003509,CUS-1001,01/02/2024,55.5,38,North,Widget B
ORD-003510,nan,2024-06-30,888.76,44,South,Widget A
ORD-003511,CUS-1002,2024-01-01,1342.39,23,South,Gadget C
ORD-003512,nan,2024-01-01,1362.92,47,North,nan
ORD-003513,nan,2024-01-01,1212.49,23,West,Gadget C
ORD-003514,nan,01/02/2024,1851.49,20,South,Widget B
ORD-003515,CUS-1003,01/02/2024,426.56,47,  Central  ,Widget A
ORD-003516,CUS-1002,2024-01-01,534.61,18,North,Widget B
ORD-003517,CUS-1001,2024-03-15,168.46,15,South,Widget A
ORD-003518,CUS-1002,2024-01-01,-335.47,26,South,Widget A
ORD-003519,CUS-1003,01/02/2024,914.77,27,East,Widget A
ORD-003520,CUS-1002,2024-01-01,809.35,27,North,Widget A
ORD-003521,CUS-1003,2024-01-01,1971.43,32,West,Widget B
ORD-003522,CUS-1001,01/02/2024,861.22,23,North,Widget A
ORD-003523,CUS-1001,01/02/2024,676.34,46,South,Widget A
ORD-003524,CUS-1002,2024-01-01,-370.23,44,East,Widget B
ORD-003525,CUS-1002,2024-03-15,885.38,38,North,Widget A
ORD-003526,CUS-1001,01/02/2024,1374.46,18,East,Widget B
ORD-003527,CUS-1001,2024-01-01,-482.89,6,North,Widget A
ORD-003528,CUS-1003,2024-06-30,390.61,1,West,Widget A
ORD-003529,CUS-1002,2024-06-30,1387.74,38,South,Gadget C
ORD-003530,CUS-1001,2024-01-01,23.2,8,East,Widget B
ORD-003531,CUS-1001,2024-06-30,1603.76,31,South,Gadget C
ORD-003532,CUS-1002,2024-03-15,567.49,22,West,Widget B
ORD-003533,CUS-1001,2024-01-01,88.05,38,South,Gadget C
ORD-003534,CUS-1002,01/02/2024,794.54,42,East,Widget B
ORD-003535,CUS-1003,2024-01-01,1786.11,5,East,Widget A
ORD-003536,CUS-1001,01/02/2024,473.33,24,North,Widget B
ORD-003537,CUS-1002,2024-06-30,581.73,46,East,Widget B
ORD-003538,CUS-1001,2024-01-01,343.86,19,South,Gadget C
ORD-003539,CUS-1001,01/02/2024,1963.41,39,North,Widget B
ORD-003540,nan,2024-01-01,871.07,37,East,Widget A
ORD-003541,CUS-1002,01/02/2024,1896.16,42,East,Widget B
ORD-003542,nan,2024-03-15,192.82,4,North,Widget A
ORD-003543,CUS-1001,2024-01-01,902.75,44,East,Widget B
ORD-003544,CUS-1001,01/02/2024,953.86,1,South,Widget A
ORD-003545,CUS-1002,2024-01-01,519.28,5,  Central  ,Widget A
ORD-003546,CUS-1002,2024-03-15,-343.78,9,East,nan
ORD-003547,nan,2024-03-15,707.6,40,North,Widget B
ORD-003548,CUS-1001,01/02/2024,500.68,8,West,Gadget C
ORD-003549,CUS-1003,2024-01-01,736.98,35,South,nan
ORD-003550,CUS-1003,01/02/2024,1274.0,15,West,Gadget C
ORD-003551,CUS-1002,01/02/2024,941.63,34,South,Widget A
ORD-003552,CUS-1001,01/02/2024,824.45,35,North,Widget A
ORD-003553,CUS-1002,01/02/2024,1708.59,19,South,Gadget C
ORD-003554,CUS-1001,not-a-date,1293.4,48,North,Widget B
ORD-003555,CUS-1003,2024-01-01,1277.56,13,South,Widget A
ORD-003556,CUS-1002,2024-01-01,452.41,4,East,Gadget C
ORD-003557,nan,2024-06-30,1502.61,30,East,Widget B
ORD-003558,CUS-1002,2024-01-01,83.4,3,South,Gadget C
ORD-003559,CUS-1002,2024-06-30,435.07,15,North,Widget B
ORD-003560,CUS-1002,01/02/2024,831.48,26,South,Widget B
ORD-003561,CUS-1002,2024-06-30,1779.45,45,East,Widget A
ORD-003562,nan,01/02/2024,65.8,35,East,Widget A
ORD-003563,CUS-1001,2024-03-15,-102.94,30,West,Widget B
ORD-003564,nan,2024-03-15,248.44,27,North,Widget A
ORD-003565,CUS-1003,01/02/2024,467.8,18,East,Widget A
ORD-003566,CUS-1003,2024-01-01,816.66,41,North,Widget A
ORD-003567,CUS-1002,2024-01-01,205.97,2,West,Gadget C
ORD-003568,CUS-1003,2024-01-01,1660.68,8,East,Gadget C
ORD-003569,CUS-1001,2024-06-30,175.02,8,South,Widget A
ORD-003570,CUS-1003,2024-01-01,1174.83,31,East,Widget B
ORD-003571,CUS-1001,2024-03-15,334.91,15,West,Widget A
ORD-003572,CUS-1001,01/02/2024,221.98,4,North,Widget A
ORD-003573,CUS-1002,2024-01-01,930.82,8,South,Widget A
ORD-003574,CUS-1001,2024-06-30,697.38,33,South,Widget A
ORD-003575,CUS-1001,2024-01-01,99.97,27,North,Widget A
ORD-003576,CUS-1003,01/02/2024,139.16,27,North,Widget A
ORD-003577,CUS-1001,2024-01-01,605.37,36,North,Widget A
ORD-003578,CUS-1002,2024-01-01,1567.84,26,South,Widget B
ORD-003579,CUS-1001,2024-01-01,1704.27,44,West,Gadget C
ORD-003580,CUS-1003,01/02/2024,142.05,28,  Central  ,Widget A
ORD-003581,CUS-1003,2024-01-01,351.74,32,North,Widget A
ORD-003582,CUS-1001,2024-03-15,684.79,16,West,Widget B
ORD-003583,CUS-1002,01/02/2024,1303.66,29,South,Gadget C
ORD-003584,nan,2024-01-01,577.48,9,North,Widget B
ORD-003585,CUS-1003,2024-01-01,451.5,12,East,Gadget C
ORD-003586,CUS-1001,2024-01-01,1180.66,48,South,Widget A
ORD-003587,CUS-1002,2024-03-15,1366.06,43,South,Widget A
ORD-003588,CUS-1003,01/02/2024,980.12,20,South,Widget B
ORD-003589,CUS-1001,2024-01-01,1340.25,16,East,Widget A
ORD-003590,CUS-1003,01/02/2024,18.16,31,South,Widget A
ORD-003591,CUS-1001,2024-01-01,662.44,35,South,Gadget C
ORD-003592,CUS-1003,01/02/2024,1222.88,2,North,Widget A
ORD-003593,CUS-1001,2024-01-01,1305.38,37,East,Gadget C
ORD-003594,CUS-1001,2024-01-01,396.95,2,West,nan
ORD-003595,nan,2024-01-01,670.79,3,South,Widget A
ORD-003596,CUS-1003,01/02/2024,460.47,24,East,Gadget C
ORD-003597,nan,01/02/2024,1798.05,32,East,Widget B
ORD-003598,nan,2024-01-01,599.14,17,South,Gadget C
ORD-003599,CUS-1002,2024-01-01,1765.17,46,West,Widget A
ORD-003600,CUS-1001,01/02/2024,1768.44,21,North,Widget A
ORD-003601,CUS-1001,2024-01-01,-486.54,34,North,Widget B
ORD-003602,CUS-1002,01/02/2024,1742.93,26,North,Widget A
ORD-003603,CUS-1001,2024-01-01,162.57,24,  Central  ,Widget B
ORD-003604,nan,2024-01-01,261.07,15,North,Gadget C
ORD-003605,CUS-1001,01/02/2024,-126.12,20,West,nan
ORD-003606,CUS-1001,2024-01-01,1386.66,19,North,Widget A
ORD-003607,CUS-1001,01/02/2024,1941.39,8,South,Widget B
ORD-003608,CUS-1001,2024-01-01,939.05,37,East,Widget A
ORD-003609,CUS-1001,2024-01-01,24.69,12,West,Widget A
ORD-003610,CUS-1002,01/02/2024,371.19,1,North,Widget A
ORD-003611,CUS-1001,2024-01-01,881.63,44,East,Widget B
ORD-003612,CUS-1002,01/02/2024,1383.07,35,West,Widget A
ORD-003613,nan,2024-03-15,1177.2,20,  Central  ,Widget A
ORD-003614,CUS-1002,2024-06-30,-360.73,37,  Central  ,Widget A
ORD-003615,CUS-1002,2024-01-01,538.51,8,  Central  ,Widget A
ORD-003616,CUS-1001,2024-01-01,1084.59,18,South,Widget A
ORD-003617,CUS-1001,2024-01-01,297.06,20,North,Widget B
ORD-003618,CUS-1001,not-a-date,1294.03,24,South,Widget B
ORD-003619,nan,2024-01-01,1527.08,22,North,Gadget C
ORD-003620,CUS-1002,2024-01-01,1031.7,21,  Central  ,Widget A
ORD-003621,CUS-1001,2024-03-15,901.75,17,South,Widget A
ORD-003622,CUS-1002,2024-01-01,379.87,20,South,Widget B
ORD-003623,CUS-1003,01/02/2024,1868.8,1,  Central  ,Widget B
ORD-003624,CUS-1002,2024-01-01,1216.28,1,South,Gadget C
ORD-003625,CUS-1002,01/02/2024,1632.18,18,South,Widget B
ORD-003626,nan,2024-03-15,58.26,34,South,Gadget C
ORD-003627,CUS-1002,2024-01-01,510.1,44,West,Widget A
ORD-003628,CUS-1002,01/02/2024,969.96,45,South,nan
ORD-003629,CUS-1001,01/02/2024,1077.09,14,South,Widget A
ORD-003630,CUS-1001,2024-01-01,815.89,27,North,Gadget C
ORD-003631,nan,not-a-date,681.2,18,East,Widget A
ORD-003632,CUS-1002,2024-03-15,906.24,4,East,Widget A
ORD-003633,CUS-1001,2024-06-30,738.29,36,South,Widget B
ORD-003634,CUS-1002,2024-03-15,89.7,3,East,Widget A
ORD-003635,CUS-1001,2024-01-01,1388.57,8,South,Widget B
ORD-003636,CUS-1003,2024-01-01,1544.88,43,North,Widget A
ORD-003637,CUS-1001,2024-01-01,629.39,42,North,Widget B
ORD-003638,CUS-1003,2024-01-01,1932.19,30,North,Widget B
ORD-003639,CUS-1002,2024-01-01,1973.97,27,South,Widget B
ORD-003640,CUS-1001,2024-01-01,1141.45,37,West,Widget B
ORD-003641,CUS-1001,2024-01-01,1590.24,27,South,Widget A
ORD-003642,CUS-1003,2024-03-15,1095.61,37,East,Widget B
ORD-003643,CUS-1001,2024-01-01,529.59,7,West,Widget B
ORD-003644,CUS-1001,01/02/2024,149.35,49,East,Widget B
ORD-003645,CUS-1003,2024-03-15,695.42,4,  Central  ,Widget B
ORD-003646,CUS-1001,01/02/2024,378.89,37,South,Widget B
ORD-003647,CUS-1001,2024-01-01,1845.35,42,East,Widget A
ORD-003648,CUS-1001,01/02/2024,1942.76,2,East,Widget A
ORD-003649,CUS-1003,2024-03-15,1068.13,11,North,Widget B
ORD-003650,CUS-1001,not-a-date,1130.77,14,South,Widget A
ORD-003651,CUS-1001,2024-01-01,1861.66,22,East,Widget A
ORD-003652,CUS-1001,2024-01-01,1497.43,9,North,Widget A
ORD-003653,CUS-1001,01/02/2024,332.36,25,East,Gadget C
ORD-003654,CUS-1001,2024-01-01,1904.4,47,East,Gadget C
ORD-003655,CUS-1001,2024-03-15,1146.99,2,South,nan
ORD-003656,CUS-1001,01/02/2024,51.12,44,South,Widget A
ORD-003657,CUS-1001,2024-03-15,400.47,35,West,Widget A
ORD-003658,CUS-1003,2024-06-30,1595.69,22,  Central  ,nan
ORD-003659,CUS-1001,01/02/2024,264.25,27,South,Widget B
ORD-003660,CUS-1001,2024-06-30,1704.09,8,South,Gadget C
ORD-003661,nan,01/02/2024,1574.79,45,South,Widget A
ORD-003662,nan,2024-01-01,80.16,3,East,Gadget C
ORD-003663,CUS-1002,2024-03-15,668.78,7,North,Gadget C
ORD-003664,CUS-1001,01/02/2024,1018.69,35,South,Widget B
ORD-003665,CUS-1001,2024-06-30,161.29,9,North,Widget A
ORD-003666,CUS-1001,2024-01-01,1163.43,4,North,Gadget C
ORD-003667,CUS-1001,2024-01-01,1960.72,13,North,Widget B
ORD-003668,CUS-1001,2024-03-15,1204.28,28,North,Gadget C
ORD-003669,CUS-1002,2024-01-01,992.5,15,North,Widget B
ORD-003670,CUS-1001,01/02/2024,1735.03,42,South,Widget A
ORD-003671,CUS-1002,01/02/2024,1928.3,47,North,Widget A
ORD-003672,CUS-1001,2024-01-01,1803.37,21,  Central  ,Widget A
ORD-003673,CUS-1001,2024-01-01,83.54,28,North,Gadget C
ORD-003674,CUS-1003,2024-03-15,208.26,30,West,Gadget C
ORD-003675,CUS-1003,2024-01-01,1234.76,14,West,Widget A
ORD-003676,CUS-1001,2024-03-15,-395.06,24,West,Widget B
ORD-003677,CUS-1002,2024-03-15,1046.89,11,North,Widget A
ORD-003678,CUS-1001,01/02/2024,1678.63,48,  Central  ,Widget B
ORD-003679,CUS-1001,2024-01-01,1877.53,26,North,Widget A
ORD-003680,CUS-1002,2024-01-01,673.87,21,North,Widget A
ORD-003681,CUS-1001,2024-03-15,1698.93,10,North,Gadget C
ORD-003682,CUS-1002,2024-01-01,1012.96,8,South,Gadget C
ORD-003683,CUS-1002,2024-01-01,1320.6,4,North,Widget A
ORD-003684,CUS-1001,2024-06-30,259.61,15,West,Widget A
ORD-003685,CUS-1001,2024-01-01,136.07,31,East,Widget B
ORD-003686,CUS-1001,2024-01-01,1563.0,46,  Central  ,Widget B
ORD-003687,nan,2024-06-30,1200.91,33,East,Gadget C
ORD-003688,CUS-1002,2024-01-01,1649.53,8,North,Widget A
ORD-003689,CUS-1001,2024-01-01,240.41,4,East,Widget B
ORD-003690,CUS-1001,2024-01-01,352.04,26,North,Gadget C
ORD-003691,CUS-1002,2024-03-15,135.35,25,  Central  ,Widget A
ORD-003692,CUS-1001,not-a-date,1303.75,4,East,Widget A
ORD-003693,CUS-1002,2024-03-15,1235.01,29,South,Gadget C
ORD-003694,CUS-1003,2024-06-30,856.85,6,East,Widget A
ORD-003695,CUS-1002,2024-01-01,279.22,32,West,nan
ORD-003696,CUS-1001,01/02/2024,57.46,49,  Central  ,Widget A
ORD-003697,CUS-1001,2024-01-01,525.35,1,East,Widget B
ORD-003698,CUS-1001,2024-06-30,15.58,14,East,Gadget C
ORD-003699,CUS-1002,2024-06-30,1898.03,39,South,Widget A
ORD-003700,nan,2024-01-01,348.7,36,North,Widget A
ORD-003701,CUS-1001,2024-03-15,538.33,26,South,Widget A
ORD-003702,CUS-1002,01/02/2024,1599.16,46,East,Widget B
ORD-003703,CUS-1002,2024-01-01,1989.96,21,West,Widget A
ORD-003704,CUS-1001,01/02/2024,1244.89,33,East,Widget B
ORD-003705,CUS-1001,2024-06-30,514.11,22,  Central  ,Widget B
ORD-003706,CUS-1001,2024-01-01,911.3,48,East,Widget A
ORD-003707,CUS-1002,2024-01-01,128.7,23,East,Widget B
ORD-003708,CUS-1002,2024-06-30,226.94,6,North,Widget A
ORD-003709,CUS-1002,2024-01-01,1422.09,42,East,Widget A
ORD-003710,CUS-1003,2024-01-01,1660.68,21,North,Widget A
ORD-003711,CUS-1003,2024-03-15,547.58,34,East,Gadget C
ORD-003712,nan,01/02/2024,1479.4,20,East,Widget A
ORD-003713,CUS-1003,2024-01-01,1284.34,15,East,Widget A
ORD-003714,CUS-1003,2024-01-01,-296.83,13,West,Widget B
ORD-003715,CUS-1003,2024-03-15,585.63,1,South,Widget A
ORD-003716,CUS-1002,2024-01-01,1970.59,5,South,Widget B
ORD-003717,CUS-1003,01/02/2024,503.45,19,East,Widget A
ORD-003718,nan,not-a-date,-339.06,38,South,Widget A
ORD-003719,CUS-1002,2024-01-01,228.79,10,South,nan
ORD-003720,CUS-1002,not-a-date,1321.4,35,North,Widget A
ORD-003721,CUS-1002,2024-03-15,1803.4,30,West,Widget A
ORD-003722,CUS-1003,2024-06-30,276.98,34,North,Widget B
ORD-003723,CUS-1002,2024-01-01,217.79,32,  Central  ,Widget B
ORD-003724,CUS-1003,2024-01-01,1809.8,42,South,Widget B
ORD-003725,CUS-1003,01/02/2024,-187.07,16,West,Widget B
ORD-003726,nan,2024-06-30,1938.35,33,West,Gadget C
ORD-003727,CUS-1001,2024-06-30,1423.48,43,South,Widget A
ORD-003728,CUS-1002,2024-01-01,1545.69,33,South,Widget A
ORD-003729,CUS-1003,01/02/2024,928.82,49,East,Widget A
ORD-003730,nan,2024-01-01,484.24,41,North,Widget B
ORD-003731,nan,01/02/2024,1142.59,24,North,Gadget C
ORD-003732,CUS-1002,2024-03-15,722.85,38,West,Widget A
ORD-003733,CUS-1002,2024-03-15,944.75,24,East,Widget B
ORD-003734,CUS-1001,2024-01-01,1036.21,45,  Central  ,Widget A
ORD-003735,nan,2024-06-30,62.88,4,South,Widget A
ORD-003736,CUS-1001,2024-01-01,1221.0,49,South,Widget B
ORD-003737,CUS-1002,2024-01-01,723.48,44,East,Widget A
ORD-003738,CUS-1003,01/02/2024,1626.09,15,East,Widget A
ORD-003739,CUS-1002,01/02/2024,122.04,8,South,Gadget C
ORD-003740,CUS-1001,2024-03-15,1116.82,29,North,Gadget C
ORD-003741,CUS-1001,01/02/2024,726.44,31,North,Widget A
ORD-003742,CUS-1003,2024-01-01,195.66,19,North,Widget B
ORD-003743,CUS-1002,2024-01-01,833.25,32,South,Widget B
ORD-003744,CUS-1001,01/02/2024,824.45,27,South,Widget B
ORD-003745,CUS-1002,01/02/2024,1509.08,17,North,Gadget C
ORD-003746,CUS-1001,01/02/2024,312.52,24,East,Widget B
ORD-003747,CUS-1003,2024-01-01,1662.46,5,South,Gadget C
ORD-003748,CUS-1001,2024-01-01,105.33,27,East,Widget B
ORD-003749,CUS-1001,2024-03-15,1036.26,33,West,Widget A
ORD-003750,CUS-1001,2024-01-01,1301.52,48,South,Widget A
ORD-003751,CUS-1002,01/02/2024,38.54,17,North,Widget B
ORD-003752,CUS-1002,2024-01-01,147.57,5,South,Widget A
ORD-003753,CUS-1003,2024-01-01,554.27,8,North,Widget B
ORD-003754,CUS-1002,2024-01-01,769.09,44,North,Widget B
ORD-003755,CUS-1001,2024-01-01,699.56,45,  Central  ,Widget B
ORD-003756,CUS-1001,2024-03-15,1942.91,39,North,Widget B
ORD-003757,CUS-1001,2024-01-01,342.22,24,South,Widget A
ORD-003758,nan,2024-01-01,1782.56,49,North,Gadget C
ORD-003759,CUS-1001,2024-06-30,1889.71,35,North,Widget A
ORD-003760,nan,2024-01-01,359.43,12,South,Widget B
ORD-003761,CUS-1001,01/02/2024,1519.59,15,West,Widget A
ORD-003762,CUS-1001,2024-01-01,1996.4,47,North,Widget A
ORD-003763,CUS-1001,2024-01-01,503.23,8,East,Widget B
ORD-003764,CUS-1001,2024-01-01,1010.44,36,North,Widget A
ORD-003765,CUS-1003,not-a-date,1520.08,2,West,Widget A
ORD-003766,CUS-1002,2024-01-01,1472.21,35,  Central  ,Widget A
ORD-003767,CUS-1001,2024-03-15,-144.85,17,South,Widget A
ORD-003768,CUS-1002,2024-06-30,703.0,1,South,Widget A
ORD-003769,CUS-1002,2024-01-01,250.11,3,East,nan
ORD-003770,nan,01/02/2024,1356.08,10,North,Widget A
ORD-003771,nan,2024-01-01,685.73,49,North,Gadget C
ORD-003772,CUS-1002,2024-01-01,1295.67,48,North,Widget A
ORD-003773,CUS-1003,2024-03-15,952.1,12,South,Gadget C
ORD-003774,CUS-1003,2024-01-01,922.63,15,North,Gadget C
ORD-003775,CUS-1002,2024-06-30,1764.21,7,East,Widget B
ORD-003776,CUS-1002,01/02/2024,1284.51,25,North,Widget B
ORD-003777,CUS-1001,2024-01-01,1252.77,41,East,Widget B
ORD-003778,CUS-1003,2024-01-01,1942.0,27,North,nan
ORD-003779,nan,01/02/2024,546.79,40,North,Widget A
ORD-003780,CUS-1001,2024-01-01,1380.14,48,South,Widget B
ORD-003781,CUS-1003,2024-01-01,717.49,49,East,Widget B
ORD-003782,nan,2024-01-01,1201.85,17,North,Gadget C
ORD-003783,CUS-1001,2024-01-01,1636.05,12,West,Widget A
ORD-003784,CUS-1002,2024-06-30,1846.34,24,East,Widget B
ORD-003785,nan,2024-01-01,859.93,3,South,Widget A
ORD-003786,nan,2024-01-01,1665.86,23,North,Gadget C
ORD-003787,CUS-1001,2024-03-15,676.78,36,  Central  ,Widget A
ORD-003788,CUS-1001,2024-03-15,1325.44,10,North,Gadget C
ORD-003789,CUS-1002,not-a-date,1756.49,40,East,Widget A
ORD-003790,CUS-1001,2024-06-30,1373.99,42,East,Gadget C
ORD-003791,CUS-1001,2024-01-01,1414.41,18,East,Widget B
ORD-003792,CUS-1001,2024-01-01,1676.88,16,East,Gadget C
ORD-003793,CUS-1001,01/02/2024,512.37,46,South,Widget A
ORD-003794,CUS-1002,2024-01-01,1496.32,41,East,Gadget C
ORD-003795,CUS-1002,2024-03-15,1278.91,38,West,Widget B
ORD-003796,CUS-1002,2024-01-01,1096.32,17,West,Widget A
ORD-003797,CUS-1003,2024-06-30,1950.43,21,North,nan
ORD-003798,CUS-1001,2024-03-15,830.9,35,West,Widget A
ORD-003799,CUS-1001,01/02/2024,477.35,36,East,Widget A
ORD-003800,CUS-1001,2024-01-01,1680.14,12,South,Widget A
ORD-003801,CUS-1001,2024-06-30,378.39,1,South,Widget B
ORD-003802,CUS-1001,2024-03-15,1493.09,3,East,Widget B
ORD-003803,CUS-1001,2024-03-15,1857.16,17,West,Widget A
ORD-003804,CUS-1001,2024-03-15,1644.95,23,East,Widget B
ORD-003805,CUS-1001,2024-01-01,1269.97,9,West,Gadget C
ORD-003806,CUS-1002,2024-01-01,1847.07,2,West,Widget B
ORD-003807,CUS-1002,2024-01-01,982.93,15,  Central  ,nan
ORD-003808,nan,01/02/2024,160.59,43,West,Widget A
ORD-003809,CUS-1003,01/02/2024,1472.51,11,North,Widget B
ORD-003810,CUS-1002,2024-01-01,1436.52,33,South,Widget B
ORD-003811,CUS-1001,2024-06-30,1732.1,36,South,Widget B
ORD-003812,CUS-1002,2024-01-01,818.14,31,East,Widget A
ORD-003813,CUS-1001,2024-03-15,-314.9,41,East,Widget B
ORD-003814,CUS-1002,2024-01-01,214.31,15,  Central  ,Widget A
ORD-003815,CUS-1001,2024-01-01,697.34,9,East,Widget A
ORD-003816,CUS-1002,2024-01-01,1588.0,9,East,Widget B
ORD-003817,CUS-1001,2024-03-15,1047.52,21,West,Widget B
ORD-003818,CUS-1002,2024-03-15,349.17,26,West,Gadget C
ORD-003819,CUS-1003,2024-01-01,491.22,30,North,Widget A
ORD-003820,CUS-1003,01/02/2024,703.34,44,South,Gadget C
ORD-003821,CUS-1002,01/02/2024,965.77,8,  Central  ,Widget B
ORD-003822,CUS-1002,2024-01-01,1680.49,30,West,Widget B
ORD-003823,CUS-1001,01/02/2024,1984.74,18,North,Widget A
ORD-003824,CUS-1002,2024-01-01,1202.52,34,North,Gadget C
ORD-003825,CUS-1002,not-a-date,784.47,10,West,Widget B
ORD-003826,CUS-1001,2024-03-15,374.92,1,West,Widget A
ORD-003827,CUS-1001,2024-01-01,1026.94,28,West,Widget B
ORD-003828,nan,2024-03-15,1230.11,15,South,Widget A
ORD-003829,CUS-1002,2024-01-01,660.61,45,West,nan
ORD-003830,CUS-1002,2024-06-30,654.61,36,  Central  ,nan
ORD-003831,CUS-1002,01/02/2024,1658.72,23,East,Widget B
ORD-003832,CUS-1001,2024-01-01,1323.33,19,East,Widget A
ORD-003833,CUS-1002,2024-03-15,906.03,33,North,Widget B
ORD-003834,CUS-1001,2024-01-01,1119.85,23,North,Widget A
ORD-003835,CUS-1002,not-a-date,1014.45,36,North,Gadget C
ORD-003836,CUS-1002,2024-06-30,357.01,36,North,Widget B
ORD-003837,CUS-1001,01/02/2024,1741.97,49,North,Widget B
ORD-003838,CUS-1003,01/02/2024,191.09,16,East,Widget A
ORD-003839,CUS-1001,01/02/2024,433.92,31,North,Widget A
ORD-003840,CUS-1002,2024-01-01,1127.82,25,  Central  ,Widget A
ORD-003841,CUS-1002,2024-01-01,927.66,10,  Central  ,Widget A
ORD-003842,CUS-1002,2024-06-30,1194.75,12,South,Widget A
ORD-003843,CUS-1002,2024-01-01,1840.2,1,  Central  ,Gadget C
ORD-003844,nan,2024-01-01,579.14,15,South,Gadget C
ORD-003845,CUS-1002,2024-01-01,309.92,7,West,Widget B
ORD-003846,CUS-1002,2024-06-30,251.36,10,East,Widget A
ORD-003847,CUS-1002,2024-06-30,127.53,7,North,Widget B
ORD-003848,CUS-1001,2024-01-01,1583.6,1,West,nan
ORD-003849,CUS-1001,2024-01-01,-139.14,26,East,Widget B
ORD-003850,CUS-1002,2024-03-15,519.04,46,West,Widget B
ORD-003851,CUS-1001,2024-01-01,1351.4,22,West,Widget A
ORD-003852,CUS-1001,2024-06-30,1556.95,25,West,Widget A
ORD-003853,CUS-1001,2024-06-30,1874.89,31,East,Widget B
ORD-003854,CUS-1002,2024-03-15,804.88,29,West,Gadget C
ORD-003855,CUS-1001,2024-01-01,1381.95,4,West,Gadget C
ORD-003856,CUS-1003,2024-03-15,548.55,22,West,Gadget C
ORD-003857,CUS-1002,2024-06-30,1732.31,41,North,Gadget C
ORD-003858,CUS-1002,2024-01-01,1818.3,11,  Central  ,Widget B
ORD-003859,CUS-1001,not-a-date,1264.2,6,West,Widget B
ORD-003860,CUS-1002,2024-01-01,1321.31,32,East,Widget A
ORD-003861,CUS-1001,2024-06-30,1322.64,34,  Central  ,Gadget C
ORD-003862,CUS-1002,01/02/2024,1187.21,36,East,Widget A
ORD-003863,CUS-1001,2024-01-01,883.18,34,East,Widget B
ORD-003864,nan,2024-01-01,1483.24,15,West,nan
ORD-003865,CUS-1001,2024-01-01,1953.48,28,South,Widget A
ORD-003866,CUS-1002,2024-01-01,-294.19,42,West,Widget A
ORD-003867,CUS-1001,2024-06-30,626.04,9,West,Widget A
ORD-003868,CUS-1002,2024-01-01,1005.87,34,West,Widget A
ORD-003869,CUS-1002,2024-06-30,1198.15,31,East,Gadget C
ORD-003870,CUS-1001,2024-01-01,173.6,14,South,Widget A
ORD-003871,CUS-1001,01/02/2024,989.06,46,West,Gadget C
ORD-003872,CUS-1001,2024-06-30,213.89,9,North,Widget B
ORD-003873,CUS-1001,01/02/2024,1025.93,40,East,Widget B
ORD-003874,nan,not-a-date,183.1,28,West,nan
ORD-003875,CUS-1001,2024-06-30,729.12,7,West,Widget B
ORD-003876,CUS-1001,01/02/2024,1909.43,22,South,Widget A
ORD-003877,nan,2024-03-15,24.85,17,West,Widget B
ORD-003878,CUS-1001,2024-01-01,555.8,21,East,Widget B
ORD-003879,CUS-1001,2024-01-01,749.76,39,East,Widget B
ORD-003880,CUS-1002,2024-01-01,1184.15,32,East,Gadget C
ORD-003881,nan,2024-03-15,1931.23,10,North,Widget B
ORD-003882,CUS-1002,01/02/2024,1283.1,37,West,Widget A
ORD-003883,CUS-1002,01/02/2024,1788.62,36,North,Widget A
ORD-003884,nan,2024-06-30,333.58,5,  Central  ,Widget A
ORD-003885,CUS-1001,2024-01-01,584.31,45,North,Widget A
ORD-003886,nan,2024-06-30,1775.25,1,  Central  ,nan
ORD-003887,CUS-1003,2024-01-01,20.3,14,South,Widget A
ORD-003888,nan,2024-01-01,913.02,15,South,nan
ORD-003889,CUS-1001,01/02/2024,911.25,5,East,Widget B
ORD-003890,CUS-1001,2024-01-01,1893.05,33,South,Widget B
ORD-003891,CUS-1002,01/02/2024,903.95,23,West,Gadget C
ORD-003892,CUS-1002,2024-03-15,1813.6,40,East,Widget A
ORD-003893,CUS-1002,2024-03-15,1174.79,16,South,Widget A
ORD-003894,nan,2024-01-01,606.95,42,West,Widget A
ORD-003895,CUS-1002,2024-01-01,305.05,25,South,Gadget C
ORD-003896,CUS-1001,2024-01-01,985.5,1,East,Widget B
ORD-003897,CUS-1001,2024-01-01,45.11,15,West,Widget B
ORD-003898,CUS-1001,2024-01-01,677.07,18,East,Gadget C
ORD-003899,CUS-1001,2024-01-01,1050.9,25,North,Widget B
ORD-003900,CUS-1001,2024-03-15,1120.99,35,West,Widget B
ORD-003901,CUS-1003,2024-06-30,893.43,8,South,Gadget C
ORD-003902,CUS-1002,2024-03-15,1928.3,40,North,Widget B
ORD-003903,CUS-1002,2024-01-01,305.0,9,North,Widget B
ORD-003904,CUS-1001,01/02/2024,1995.01,49,North,Widget B
ORD-003905,CUS-1002,2024-01-01,1385.85,19,West,Widget A
ORD-003906,CUS-1003,2024-01-01,1651.74,46,East,nan
ORD-003907,nan,2024-01-01,1272.31,5,North,Widget A
ORD-003908,CUS-1002,2024-06-30,437.72,10,West,Widget A
ORD-003909,CUS-1003,01/02/2024,1503.8,49,East,Widget A
ORD-003910,CUS-1002,2024-01-01,1697.9,9,East,nan
ORD-003911,CUS-1002,01/02/2024,1506.35,16,West,Widget B
ORD-003912,CUS-1003,2024-06-30,1749.15,28,West,Widget A
ORD-003913,CUS-1001,2024-01-01,136.42,10,East,Widget A
ORD-003914,CUS-1001,2024-03-15,1924.28,18,West,Widget A
ORD-003915,CUS-1001,2024-01-01,-473.73,35,North,Widget A
ORD-003916,CUS-1002,2024-01-01,1795.02,24,East,Widget A
ORD-003917,CUS-1002,not-a-date,1278.44,21,South,Widget B
ORD-003918,CUS-1002,2024-01-01,1694.9,33,North,Widget A
ORD-003919,CUS-1002,2024-03-15,1213.76,47,South,nan
ORD-003920,CUS-1001,2024-01-01,989.5,42,South,Widget A
ORD-003921,CUS-1003,01/02/2024,1862.71,3,North,Gadget C
ORD-003922,CUS-1001,01/02/2024,423.01,31,  Central  ,Gadget C
ORD-003923,nan,not-a-date,1704.64,24,North,Widget A
ORD-003924,CUS-1001,2024-03-15,886.69,22,West,Widget A
ORD-003925,CUS-1002,01/02/2024,590.96,12,West,Widget B
ORD-003926,CUS-1002,2024-01-01,1017.33,14,North,nan
ORD-003927,CUS-1003,2024-01-01,1278.23,35,South,Widget B
ORD-003928,CUS-1001,01/02/2024,373.64,48,East,Widget A
ORD-003929,nan,2024-01-01,1504.8,27,North,Widget A
ORD-003930,CUS-1002,2024-01-01,795.31,11,West,Gadget C
ORD-003931,CUS-1002,2024-06-30,1410.38,12,South,Widget A
ORD-003932,CUS-1002,2024-01-01,322.72,10,North,Widget A
ORD-003933,CUS-1001,2024-01-01,121.39,26,East,Widget A
ORD-003934,CUS-1002,2024-06-30,331.5,35,South,Widget B
ORD-003935,CUS-1001,01/02/2024,369.27,39,South,Widget A
ORD-003936,CUS-1001,2024-03-15,1525.45,32,South,Gadget C
ORD-003937,CUS-1002,2024-01-01,990.21,48,South,Widget A
ORD-003938,CUS-1002,2024-01-01,1530.41,44,West,Widget B
ORD-003939,CUS-1001,01/02/2024,1496.47,12,East,Gadget C
ORD-003940,CUS-1001,2024-01-01,-362.71,45,West,Gadget C
ORD-003941,CUS-1001,2024-03-15,1822.71,3,West,Widget A
ORD-003942,CUS-1001,2024-01-01,1540.44,37,  Central  ,Widget B
ORD-003943,CUS-1002,2024-01-01,179.89,28,South,nan
ORD-003944,CUS-1001,2024-01-01,1148.97,2,East,Gadget C
ORD-003945,nan,2024-01-01,831.3,16,West,Gadget C
ORD-003946,CUS-1001,2024-01-01,924.36,43,West,Gadget C
ORD-003947,CUS-1001,2024-03-15,740.57,37,West,Widget A
ORD-003948,CUS-1003,01/02/2024,997.61,28,South,Widget A
ORD-003949,CUS-1001,2024-01-01,717.65,38,South,Gadget C
ORD-003950,CUS-1002,01/02/2024,931.06,10,North,Gadget C
ORD-003951,nan,2024-01-01,1094.0,10,North,Widget A
ORD-003952,nan,2024-01-01,1463.89,31,South,Gadget C
ORD-003953,CUS-1002,not-a-date,311.46,22,South,Widget A
ORD-003954,CUS-1001,2024-03-15,275.7,12,North,Gadget C
ORD-003955,CUS-1002,01/02/2024,1000.76,2,North,Widget A
ORD-003956,nan,2024-01-01,955.22,22,West,Widget B
ORD-003957,nan,2024-01-01,1132.08,36,West,nan
ORD-003958,CUS-1001,2024-03-15,1230.63,19,South,Widget B
ORD-003959,CUS-1001,01/02/2024,555.5,27,West,Widget A
ORD-003960,CUS-1001,01/02/2024,1298.99,10,  Central  ,Widget A
ORD-003961,CUS-1001,2024-06-30,996.38,48,North,Widget B
ORD-003962,CUS-1002,2024-01-01,996.82,40,West,Widget B
ORD-003963,CUS-1001,2024-03-15,1191.88,17,North,Gadget C
ORD-003964,CUS-1001,01/02/2024,1228.12,24,North,Widget B
ORD-003965,CUS-1001,2024-01-01,1237.63,33,South,Widget A
ORD-003966,CUS-1002,2024-01-01,1662.91,8,East,Widget A
ORD-003967,CUS-1001,01/02/2024,1004.01,29,South,Widget B
ORD-003968,CUS-1002,2024-01-01,1882.66,12,North,Widget B
ORD-003969,CUS-1001,01/02/2024,-26.99,28,East,Widget A
ORD-003970,nan,2024-03-15,677.37,25,West,nan
ORD-003971,CUS-1001,2024-01-01,1763.69,21,West,Widget B
ORD-003972,CUS-1002,01/02/2024,847.68,32,South,Gadget C
ORD-003973,CUS-1001,01/02/2024,1948.86,19,  Central  ,Widget B
ORD-003974,CUS-1001,2024-01-01,1855.53,38,South,Widget A
ORD-003975,CUS-1001,not-a-date,884.61,12,West,Gadget C
ORD-003976,CUS-1001,2024-01-01,705.4,3,North,Widget B
ORD-003977,CUS-1001,2024-06-30,1375.19,34,  Central  ,Widget B
ORD-003978,CUS-1002,2024-01-01,741.44,30,South,Widget B
ORD-003979,CUS-1002,2024-01-01,1324.13,35,South,Gadget C
ORD-003980,CUS-1001,2024-03-15,848.46,20,West,Gadget C
ORD-003981,CUS-1002,2024-01-01,1008.74,33,East,Widget A
ORD-003982,CUS-1002,2024-01-01,763.65,3,East,Gadget C
ORD-003983,CUS-1001,2024-01-01,1595.43,48,East,Widget A
ORD-003984,CUS-1001,2024-03-15,1206.73,44,East,Widget A
ORD-003985,CUS-1001,01/02/2024,1369.67,16,North,Gadget C
ORD-003986,CUS-1001,2024-01-01,1643.64,15,South,Widget B
ORD-003987,CUS-1002,2024-01-01,1594.51,8,East,Widget A
ORD-003988,nan,2024-01-01,-81.19,48,North,Widget A
ORD-003989,nan,2024-06-30,515.88,3,North,Widget B
ORD-003990,nan,2024-01-01,733.17,41,North,Widget A
ORD-003991,CUS-1002,01/02/2024,1108.55,7,East,Widget A
ORD-003992,CUS-1001,2024-01-01,485.14,48,North,Gadget C
ORD-003993,CUS-1001,01/02/2024,1563.84,13,North,Widget A
ORD-003994,CUS-1001,2024-06-30,466.43,22,South,Widget A
ORD-003995,CUS-1001,2024-01-01,677.05,3,West,Widget B
ORD-003996,CUS-1001,2024-03-15,1269.15,15,South,Widget B
ORD-003997,CUS-1002,2024-01-01,1398.41,47,South,Widget A
ORD-003998,CUS-1001,01/02/2024,795.34,29,East,Widget B
ORD-003999,CUS-1001,2024-01-01,1513.84,16,South,Widget A
ORD-004000,CUS-1002,2024-01-01,1804.93,44,  Central  ,Gadget C
ORD-004001,CUS-1001,2024-01-01,337.15,46,West,Widget B
ORD-004002,CUS-1003,2024-01-01,1832.64,21,South,Widget B
ORD-004003,CUS-1001,2024-06-30,1080.77,19,North,Widget B
ORD-004004,CUS-1002,2024-03-15,903.18,41,North,Widget A
ORD-004005,CUS-1001,2024-01-01,1593.71,27,West,Widget A
ORD-004006,CUS-1002,01/02/2024,1570.31,14,South,Widget A
ORD-004007,CUS-1001,2024-03-15,1368.24,30,North,Widget B
ORD-004008,CUS-1001,2024-01-01,822.93,18,East,nan
ORD-004009,CUS-1002,2024-01-01,541.86,20,East,Widget A
ORD-004010,CUS-1001,2024-03-15,727.12,33,South,Gadget C
ORD-004011,CUS-1001,2024-01-01,1150.84,18,North,Widget A
ORD-004012,nan,01/02/2024,1132.31,26,East,Widget A
ORD-004013,CUS-1001,2024-01-01,1848.65,33,East,Widget A
ORD-004014,CUS-1002,2024-01-01,-102.59,45,South,Widget A
ORD-004015,CUS-1002,01/02/2024,1336.6,45,  Central  ,Gadget C
ORD-004016,CUS-1001,2024-03-15,1323.49,44,South,Widget A
ORD-004017,CUS-1002,2024-06-30,1466.05,37,East,Gadget C
ORD-004018,CUS-1001,2024-01-01,-158.05,23,East,Gadget C
ORD-004019,CUS-1002,2024-03-15,1606.04,22,East,Widget B
ORD-004020,CUS-1001,2024-06-30,88.91,4,West,Widget A
ORD-004021,CUS-1001,01/02/2024,1625.1,39,North,Widget A
ORD-004022,CUS-1001,2024-06-30,1999.78,46,West,Widget B
ORD-004023,nan,2024-06-30,85.46,32,North,nan
ORD-004024,CUS-1003,2024-03-15,1198.4,46,North,Widget A
ORD-004025,nan,2024-06-30,1202.82,26,West,Gadget C
ORD-004026,CUS-1002,01/02/2024,1054.58,6,South,nan
ORD-004027,CUS-1002,2024-01-01,1751.86,44,West,Widget B
ORD-004028,CUS-1002,2024-06-30,1630.5,20,West,Widget B
ORD-004029,nan,2024-03-15,352.37,25,East,Gadget C
ORD-004030,CUS-1002,2024-01-01,214.97,31,North,nan
ORD-004031,CUS-1001,2024-01-01,341.51,22,South,Widget B
ORD-004032,CUS-1002,2024-01-01,1774.58,22,West,Widget A
ORD-004033,CUS-1002,not-a-date,205.83,33,North,Gadget C
ORD-004034,CUS-1001,2024-01-01,1295.88,16,East,Widget A
ORD-004035,CUS-1001,2024-01-01,1369.72,22,North,Widget B
ORD-004036,CUS-1001,01/02/2024,444.06,8,North,Widget B
ORD-004037,CUS-1003,2024-01-01,467.26,15,South,Widget A
ORD-004038,CUS-1001,2024-06-30,1673.07,36,South,Widget A
ORD-004039,CUS-1003,2024-01-01,845.96,26,West,Widget B
ORD-004040,CUS-1002,2024-01-01,1003.95,18,South,Widget B
ORD-004041,CUS-1003,2024-01-01,800.34,46,West,nan
ORD-004042,CUS-1001,2024-03-15,374.55,10,East,Widget A
ORD-004043,nan,01/02/2024,-312.98,25,  Central  ,Gadget C
ORD-004044,CUS-1002,2024-01-01,545.95,4,South,Widget B
ORD-004045,CUS-1001,2024-01-01,607.32,49,West,Widget A
ORD-004046,CUS-1001,2024-06-30,411.42,42,North,Widget A
ORD-004047,CUS-1001,2024-03-15,-404.66,41,West,Widget A
ORD-004048,CUS-1001,2024-03-15,580.84,14,West,Widget B
ORD-004049,CUS-1002,2024-01-01,339.66,24,West,Gadget C
ORD-004050,nan,2024-06-30,1618.76,23,South,Gadget C
ORD-004051,CUS-1002,2024-03-15,1155.96,17,North,Widget A
ORD-004052,CUS-1002,2024-01-01,1719.18,2,West,Widget A
ORD-004053,CUS-1002,2024-06-30,1565.05,32,East,Widget A
ORD-004054,CUS-1003,not-a-date,749.92,1,South,Widget A
ORD-004055,CUS-1003,2024-03-15,1127.72,47,South,Widget A
ORD-004056,CUS-1001,2024-03-15,1974.12,8,North,Widget B
ORD-004057,nan,2024-01-01,722.47,21,East,Widget B
ORD-004058,CUS-1001,01/02/2024,-388.29,15,East,Widget A
ORD-004059,CUS-1003,2024-01-01,334.71,11,  Central  ,Widget A
ORD-004060,nan,01/02/2024,1880.45,49,East,Widget B
ORD-004061,CUS-1002,2024-01-01,506.66,7,  Central  ,Widget A
ORD-004062,CUS-1001,2024-01-01,1855.97,40,North,Widget A
ORD-004063,CUS-1002,2024-06-30,1187.74,26,East,Widget A
ORD-004064,CUS-1001,2024-01-01,1184.25,34,West,Gadget C
ORD-004065,CUS-1003,2024-03-15,806.44,22,East,Gadget C
ORD-004066,CUS-1001,2024-01-01,797.94,1,East,Widget A
ORD-004067,CUS-1002,2024-01-01,648.32,26,North,Widget B
ORD-004068,nan,2024-01-01,1461.55,2,South,Gadget C
ORD-004069,CUS-1001,2024-01-01,1480.12,24,East,Widget B
ORD-004070,CUS-1001,2024-01-01,1067.14,29,South,Widget B
ORD-004071,CUS-1002,2024-01-01,903.38,29,West,Gadget C
ORD-004072,CUS-1001,01/02/2024,1274.9,35,West,Widget B
ORD-004073,CUS-1001,2024-01-01,987.9,16,East,Widget B
ORD-004074,CUS-1001,2024-01-01,1650.09,49,East,Widget A
ORD-004075,CUS-1001,2024-01-01,139.65,24,East,Widget A
ORD-004076,CUS-1002,2024-01-01,1806.19,34,East,Widget A
ORD-004077,CUS-1002,2024-01-01,1053.75,21,East,Widget B
ORD-004078,CUS-1001,2024-01-01,1023.34,18,South,Widget B
ORD-004079,CUS-1002,2024-03-15,788.04,26,North,Widget B
ORD-004080,CUS-1001,01/02/2024,1069.24,41,  Central  ,Widget A
ORD-004081,CUS-1001,not-a-date,448.45,23,North,Widget B
ORD-004082,CUS-1002,2024-03-15,999.67,4,North,Widget B
ORD-004083,CUS-1001,01/02/2024,802.47,32,  Central  ,Gadget C
ORD-004084,CUS-1002,2024-01-01,595.04,18,South,Widget A
ORD-004085,nan,2024-01-01,432.27,35,West,Widget A
ORD-004086,CUS-1002,01/02/2024,1721.82,41,South,nan
ORD-004087,CUS-1002,2024-01-01,1701.85,20,South,Widget A
ORD-004088,CUS-1001,2024-01-01,975.39,46,West,Widget B
ORD-004089,CUS-1001,2024-06-30,470.61,36,East,Gadget C
ORD-004090,CUS-1001,2024-01-01,906.25,33,  Central  ,Widget B
ORD-004091,CUS-1003,2024-01-01,1852.02,45,East,Widget B
ORD-004092,CUS-1003,2024-06-30,1561.0,44,East,Widget A
ORD-004093,CUS-1001,2024-01-01,1617.05,38,West,Widget B
ORD-004094,CUS-1001,2024-01-01,1408.46,49,East,nan
ORD-004095,CUS-1001,2024-01-01,1450.78,38,South,Widget B
ORD-004096,CUS-1002,2024-01-01,307.76,42,North,Gadget C
ORD-004097,CUS-1002,2024-06-30,700.22,36,South,Widget A
ORD-004098,CUS-1002,01/02/2024,1665.6,23,East,Gadget C
ORD-004099,nan,2024-01-01,362.77,20,  Central  ,nan
ORD-004100,CUS-1001,2024-01-01,159.57,40,West,Gadget C
ORD-004101,CUS-1002,2024-01-01,1694.35,47,East,Widget A
ORD-004102,CUS-1002,01/02/2024,1563.7,29,North,Widget B
ORD-004103,CUS-1001,2024-01-01,324.68,10,West,Widget A
ORD-004104,nan,2024-01-01,1060.96,40,East,Widget A
ORD-004105,CUS-1001,01/02/2024,92.98,15,West,Widget A
ORD-004106,CUS-1002,not-a-date,305.56,36,South,Widget A
ORD-004107,CUS-1002,2024-06-30,521.96,11,South,Widget B
ORD-004108,nan,2024-03-15,-161.99,43,East,Widget B
ORD-004109,CUS-1002,01/02/2024,616.83,24,South,Widget A
ORD-004110,CUS-1001,2024-03-15,1622.85,19,East,Widget A
ORD-004111,CUS-1003,2024-06-30,56.85,37,South,Widget A
ORD-004112,CUS-1003,2024-01-01,18.61,35,North,Widget A
ORD-004113,CUS-1002,2024-01-01,606.59,13,North,Widget A
ORD-004114,CUS-1003,2024-01-01,1464.59,4,South,Widget B
ORD-004115,CUS-1001,2024-06-30,1903.56,48,North,nan
ORD-004116,CUS-1002,2024-06-30,637.73,48,South,Widget A
ORD-004117,CUS-1003,2024-03-15,1118.26,33,East,Widget B
ORD-004118,CUS-1001,2024-01-01,92.29,6,East,Gadget C
ORD-004119,CUS-1002,2024-06-30,12.51,46,East,Widget A
ORD-004120,nan,2024-01-01,41.36,23,West,Widget A
ORD-004121,CUS-1003,2024-01-01,203.68,30,North,Widget A
ORD-004122,nan,01/02/2024,1749.95,34,South,Widget B
ORD-004123,CUS-1001,2024-03-15,1286.37,29,South,Widget A
ORD-004124,nan,not-a-date,1797.64,12,South,Widget B
ORD-004125,CUS-1001,2024-01-01,1671.45,48,South,Widget A
ORD-004126,CUS-1002,2024-01-01,1532.53,26,West,Widget B
ORD-004127,CUS-1002,2024-01-01,713.87,47,North,Widget B
ORD-004128,CUS-1003,2024-01-01,276.69,7,South,Widget B
ORD-004129,nan,not-a-date,215.69,34,West,Widget A
ORD-004130,CUS-1002,2024-01-01,59.77,9,East,nan
ORD-004131,CUS-1002,2024-01-01,363.77,6,  Central  ,Widget B
ORD-004132,CUS-1002,2024-01-01,48.09,44,North,Widget B
ORD-004133,CUS-1002,2024-03-15,1378.73,6,West,Gadget C
ORD-004134,CUS-1002,not-a-date,783.8,2,West,Widget A
ORD-004135,CUS-1001,2024-01-01,1061.03,2,  Central  ,Widget A
ORD-004136,CUS-1002,2024-01-01,962.91,18,North,Widget A
ORD-004137,CUS-1003,2024-06-30,574.03,8,East,Widget A
ORD-004138,CUS-1002,01/02/2024,237.92,4,South,Widget A
ORD-004139,CUS-1003,2024-01-01,-149.16,27,East,Gadget C
ORD-004140,CUS-1001,2024-01-01,1728.85,11,North,Widget A
ORD-004141,CUS-1002,2024-06-30,1501.91,22,South,Widget A
ORD-004142,CUS-1001,2024-03-15,1863.63,5,North,Widget B
ORD-004143,CUS-1001,2024-01-01,718.4,35,South,Widget A
ORD-004144,CUS-1002,2024-01-01,1692.95,21,West,Widget A
ORD-004145,CUS-1001,2024-01-01,1447.91,44,South,Gadget C
ORD-004146,CUS-1001,2024-01-01,1886.58,40,West,Gadget C
ORD-004147,CUS-1002,2024-01-01,582.65,19,North,Widget B
ORD-004148,CUS-1002,2024-01-01,1609.22,17,West,Widget B
ORD-004149,CUS-1001,2024-01-01,-379.8,43,North,Widget A
ORD-004150,CUS-1001,2024-01-01,879.11,18,North,Widget B
ORD-004151,CUS-1002,2024-01-01,936.85,44,West,Widget A
ORD-004152,CUS-1002,2024-01-01,870.84,5,North,Widget B
ORD-004153,CUS-1002,2024-03-15,1755.36,34,South,Widget A
ORD-004154,CUS-1002,2024-01-01,1889.38,22,  Central  ,Widget B
ORD-004155,CUS-1001,not-a-date,1329.35,41,North,Widget B
ORD-004156,nan,2024-06-30,393.63,5,  Central  ,Widget A
ORD-004157,CUS-1001,2024-06-30,846.82,46,North,Widget A
ORD-004158,CUS-1002,2024-01-01,717.63,49,South,Widget B
ORD-004159,CUS-1001,2024-01-01,1345.26,23,East,Gadget C
ORD-004160,CUS-1002,01/02/2024,149.99,33,North,Gadget C
ORD-004161,CUS-1001,2024-01-01,1311.72,25,West,Widget B
ORD-004162,CUS-1003,2024-01-01,938.94,30,  Central  ,Widget B
ORD-004163,CUS-1001,2024-01-01,529.48,26,South,Widget B
ORD-004164,CUS-1002,01/02/2024,136.41,33,East,Widget A
ORD-004165,CUS-1001,2024-03-15,115.43,23,South,Widget B
ORD-004166,CUS-1001,2024-01-01,1785.44,49,East,Widget B
ORD-004167,CUS-1001,2024-06-30,1157.69,47,East,Gadget C
ORD-004168,CUS-1002,2024-03-15,1107.64,40,East,Widget A
ORD-004169,CUS-1002,2024-01-01,44.83,5,North,Widget A
ORD-004170,nan,2024-01-01,-403.45,12,East,Widget A
ORD-004171,CUS-1002,2024-01-01,-114.82,18,East,Widget A
ORD-004172,nan,2024-06-30,772.97,7,South,Widget B
ORD-004173,CUS-1001,2024-03-15,1296.74,45,South,nan
ORD-004174,CUS-1003,01/02/2024,277.71,14,South,Widget A
ORD-004175,CUS-1002,01/02/2024,1595.42,38,South,Widget A
ORD-004176,CUS-1002,2024-01-01,1672.22,45,North,Widget A
ORD-004177,nan,2024-06-30,1043.79,15,North,Widget B
ORD-004178,CUS-1002,2024-06-30,737.18,36,North,nan
ORD-004179,nan,2024-03-15,511.27,33,North,Widget B
ORD-004180,CUS-1002,2024-01-01,1450.68,32,West,Gadget C
ORD-004181,CUS-1001,2024-01-01,687.72,1,North,Widget B
ORD-004182,CUS-1002,2024-01-01,1620.95,27,South,nan
ORD-004183,CUS-1002,2024-01-01,1467.56,27,East,Widget B
ORD-004184,nan,01/02/2024,712.33,1,West,Widget B
ORD-004185,CUS-1003,2024-03-15,465.48,46,North,nan
ORD-004186,CUS-1001,2024-06-30,721.9,38,West,Widget B
ORD-004187,CUS-1001,2024-01-01,691.17,31,North,Widget A
ORD-004188,CUS-1001,2024-01-01,1913.75,18,East,Gadget C
ORD-004189,CUS-1002,2024-01-01,1258.36,45,West,Widget B
ORD-004190,CUS-1001,2024-06-30,1318.54,21,South,Gadget C
ORD-004191,CUS-1002,2024-03-15,574.29,4,  Central  ,Widget A
ORD-004192,CUS-1002,2024-01-01,734.93,49,West,nan
ORD-004193,CUS-1003,01/02/2024,937.67,27,South,Gadget C
ORD-004194,CUS-1001,01/02/2024,1953.66,29,North,Widget B
ORD-004195,CUS-1002,2024-01-01,1338.49,34,West,Gadget C
ORD-004196,CUS-1001,2024-01-01,316.57,9,West,Gadget C
ORD-004197,nan,2024-01-01,1981.98,2,East,Gadget C
ORD-004198,CUS-1001,2024-01-01,545.9,23,South,Widget B
ORD-004199,CUS-1001,01/02/2024,-165.28,43,East,Widget B
ORD-004200,CUS-1001,2024-01-01,1751.57,49,North,nan
ORD-004201,CUS-1003,2024-03-15,1235.36,13,South,Widget B
ORD-004202,CUS-1001,01/02/2024,1852.58,49,  Central  ,Widget A
ORD-004203,CUS-1002,01/02/2024,1697.71,43,North,Widget A
ORD-004204,CUS-1002,2024-06-30,79.66,41,East,Gadget C
ORD-004205,CUS-1003,2024-01-01,1376.76,14,North,Widget A
ORD-004206,CUS-1001,01/02/2024,1444.5,36,West,Widget B
ORD-004207,CUS-1001,2024-01-01,-489.11,49,South,Gadget C
ORD-004208,CUS-1002,2024-03-15,1819.97,29,South,Widget B
ORD-004209,CUS-1001,01/02/2024,1603.83,44,East,Widget A
ORD-004210,CUS-1002,2024-01-01,740.47,14,West,Gadget C
ORD-004211,CUS-1001,2024-01-01,453.94,42,West,Widget B
ORD-004212,CUS-1002,2024-03-15,433.04,9,South,Widget A
ORD-004213,CUS-1001,01/02/2024,448.87,34,East,Widget A
ORD-004214,CUS-1002,01/02/2024,1182.55,18,South,Gadget C
ORD-004215,CUS-1001,2024-01-01,1289.11,20,South,Widget B
ORD-004216,CUS-1002,01/02/2024,306.26,36,East,Widget B
ORD-004217,CUS-1001,01/02/2024,1101.58,23,South,Widget A
ORD-004218,nan,2024-01-01,508.06,42,South,Widget A
ORD-004219,CUS-1002,01/02/2024,1821.71,29,North,Widget B
ORD-004220,CUS-1001,01/02/2024,1714.05,26,East,Widget A
ORD-004221,CUS-1001,2024-03-15,240.09,14,West,nan
ORD-004222,CUS-1001,2024-01-01,512.05,32,  Central  ,Widget A
ORD-004223,CUS-1001,2024-01-01,1889.59,13,  Central  ,Widget A
ORD-004224,CUS-1001,2024-06-30,604.98,37,West,Widget A
ORD-004225,CUS-1003,not-a-date,1633.49,24,South,Widget A
ORD-004226,CUS-1002,2024-01-01,110.42,27,West,Widget A
ORD-004227,CUS-1001,2024-06-30,781.71,26,South,Widget B
ORD-004228,CUS-1002,2024-01-01,1233.44,3,East,Gadget C
ORD-004229,CUS-1001,not-a-date,805.09,40,  Central  ,Widget A
ORD-004230,nan,2024-01-01,1583.4,49,East,Widget A
ORD-004231,CUS-1001,2024-01-01,1960.04,37,East,Widget A
ORD-004232,CUS-1002,2024-06-30,1031.93,9,East,Widget A
ORD-004233,CUS-1003,2024-01-01,932.63,31,West,Widget A
ORD-004234,CUS-1001,2024-03-15,1411.98,8,North,Widget A
ORD-004235,CUS-1001,2024-01-01,1509.87,33,South,Widget A
ORD-004236,CUS-1001,2024-01-01,129.0,22,  Central  ,Widget A
ORD-004237,CUS-1003,2024-06-30,880.8,43,  Central  ,nan
ORD-004238,CUS-1002,01/02/2024,1004.49,29,East,Widget A
ORD-004239,CUS-1002,not-a-date,621.76,3,South,Widget B
ORD-004240,CUS-1003,not-a-date,1520.58,43,West,Widget A
ORD-004241,CUS-1003,2024-01-01,1775.09,28,West,Widget B
ORD-004242,CUS-1002,2024-01-01,1692.22,44,South,Widget A
ORD-004243,CUS-1002,2024-01-01,1271.23,3,West,Widget A
ORD-004244,CUS-1002,01/02/2024,1590.46,12,  Central  ,Widget A
ORD-004245,CUS-1001,2024-01-01,472.93,6,South,Widget B
ORD-004246,CUS-1003,2024-01-01,61.1,15,North,nan
ORD-004247,CUS-1001,2024-03-15,1031.78,24,West,Widget B
ORD-004248,CUS-1001,2024-01-01,825.88,33,East,Widget B
ORD-004249,CUS-1003,2024-03-15,1764.61,20,West,Widget B
ORD-004250,CUS-1001,2024-01-01,1580.32,24,East,Gadget C
ORD-004251,CUS-1001,2024-01-01,769.89,36,South,Widget B
ORD-004252,CUS-1001,2024-01-01,44.69,21,  Central  ,Widget A
ORD-004253,CUS-1002,2024-01-01,557.0,41,East,Widget B
ORD-004254,CUS-1003,01/02/2024,727.28,6,East,Gadget C
ORD-004255,CUS-1001,2024-01-01,1354.91,39,East,Gadget C
ORD-004256,CUS-1001,2024-03-15,1807.52,40,West,Gadget C
ORD-004257,CUS-1002,2024-03-15,449.7,29,East,Widget A
ORD-004258,nan,2024-01-01,1573.96,15,North,Widget B
ORD-004259,CUS-1001,not-a-date,1459.87,1,South,Widget A
ORD-004260,nan,2024-06-30,712.78,49,East,nan
ORD-004261,nan,2024-01-01,42.17,2,North,Widget A
ORD-004262,CUS-1001,2024-06-30,75.08,5,West,Widget B
ORD-004263,CUS-1003,2024-01-01,1242.3,10,West,Widget B
ORD-004264,CUS-1002,01/02/2024,1695.77,10,West,Widget A
ORD-004265,CUS-1002,2024-01-01,1267.61,14,South,Gadget C
ORD-004266,CUS-1002,2024-03-15,1549.62,11,South,Widget B
ORD-004267,CUS-1003,2024-03-15,1010.7,23,West,Widget A
ORD-004268,CUS-1003,2024-06-30,533.1,45,South,Widget B
ORD-004269,CUS-1003,2024-06-30,89.12,19,East,Widget B
ORD-004270,nan,2024-01-01,1636.52,7,South,Widget A
ORD-004271,CUS-1002,01/02/2024,953.72,8,  Central  ,nan
ORD-004272,CUS-1003,2024-01-01,1754.17,42,West,Widget B
ORD-004273,CUS-1003,2024-01-01,746.68,5,  Central  ,Widget B
ORD-004274,CUS-1001,2024-01-01,559.2,47,  Central  ,Widget B
ORD-004275,CUS-1001,2024-06-30,1337.43,2,North,Widget A
ORD-004276,CUS-1001,01/02/2024,1212.65,3,West,Widget B
ORD-004277,CUS-1003,2024-01-01,-168.07,4,South,Widget A
ORD-004278,CUS-1001,2024-06-30,191.25,46,East,Gadget C
ORD-004279,CUS-1002,2024-03-15,175.87,1,South,Gadget C
ORD-004280,CUS-1001,2024-01-01,1146.14,44,North,Gadget C
ORD-004281,CUS-1001,2024-01-01,1101.06,2,East,Widget A
ORD-004282,CUS-1002,2024-03-15,194.91,36,South,Widget B
ORD-004283,CUS-1001,01/02/2024,866.08,22,North,nan
ORD-004284,nan,2024-01-01,1270.88,13,East,Widget A
ORD-004285,CUS-1001,01/02/2024,1088.63,34,North,Widget A
ORD-004286,nan,2024-01-01,-60.14,35,West,Widget A
ORD-004287,CUS-1001,01/02/2024,-327.15,21,North,Widget A
ORD-004288,nan,2024-01-01,78.38,6,South,Widget A
ORD-004289,CUS-1002,2024-01-01,552.43,13,South,Widget A
ORD-004290,CUS-1001,2024-01-01,144.42,1,West,Widget A
ORD-004291,CUS-1001,01/02/2024,573.91,31,West,Widget B
ORD-004292,CUS-1001,2024-01-01,1373.75,18,South,Widget B
ORD-004293,CUS-1002,2024-01-01,57.38,31,South,Widget A
ORD-004294,CUS-1003,2024-01-01,87.14,27,East,Gadget C
ORD-004295,CUS-1001,2024-06-30,419.66,35,  Central  ,Gadget C
ORD-004296,CUS-1002,2024-01-01,65.09,23,South,Widget A
ORD-004297,CUS-1002,2024-01-01,786.21,14,West,Widget B
ORD-004298,CUS-1002,2024-01-01,467.99,31,West,Gadget C
ORD-004299,CUS-1002,2024-03-15,-57.1,47,West,Widget A
ORD-004300,CUS-1002,2024-01-01,1676.06,34,North,Widget A
ORD-004301,CUS-1002,2024-01-01,870.08,9,North,Widget B
ORD-004302,nan,not-a-date,39.95,13,South,Widget A
ORD-004303,CUS-1001,2024-03-15,1098.16,48,East,Widget B
ORD-004304,CUS-1001,01/02/2024,-134.28,36,South,Widget A
ORD-004305,CUS-1001,2024-01-01,128.09,32,South,Widget B
ORD-004306,CUS-1002,2024-06-30,661.36,36,South,nan
ORD-004307,CUS-1001,2024-06-30,551.49,14,West,Gadget C
ORD-004308,nan,2024-03-15,232.26,46,North,Widget B
ORD-004309,CUS-1002,2024-03-15,603.88,10,North,Gadget C
ORD-004310,CUS-1002,not-a-date,973.29,47,North,Gadget C
ORD-004311,CUS-1003,2024-06-30,509.77,12,South,Widget A
ORD-004312,CUS-1001,2024-01-01,74.28,16,East,Widget B
ORD-004313,CUS-1003,2024-06-30,1786.27,32,East,nan
ORD-004314,CUS-1001,2024-03-15,1306.29,25,East,Widget B
ORD-004315,CUS-1002,01/02/2024,1416.24,47,East,Gadget C
ORD-004316,nan,2024-01-01,822.1,42,North,Widget B
ORD-004317,CUS-1003,2024-01-01,1150.95,43,South,Widget A
ORD-004318,CUS-1003,2024-03-15,-370.28,28,West,Widget A
ORD-004319,CUS-1001,01/02/2024,719.82,49,South,Widget B
ORD-004320,CUS-1003,2024-01-01,1664.25,36,South,Widget A
ORD-004321,CUS-1002,01/02/2024,1547.01,16,South,Widget B
ORD-004322,CUS-1002,2024-01-01,581.3,30,South,Widget A
ORD-004323,CUS-1001,2024-01-01,672.27,20,North,Widget A
ORD-004324,CUS-1001,01/02/2024,376.0,14,  Central  ,Widget A
ORD-004325,CUS-1002,01/02/2024,1010.21,37,North,Widget A
ORD-004326,CUS-1001,2024-01-01,1624.53,21,West,Widget A
ORD-004327,CUS-1002,2024-01-01,1132.39,13,North,nan
ORD-004328,CUS-1003,2024-01-01,715.82,43,South,Gadget C
ORD-004329,nan,01/02/2024,826.37,17,East,Widget A
ORD-004330,CUS-1001,2024-06-30,1388.24,37,North,Widget A
ORD-004331,nan,2024-03-15,1033.39,15,  Central  ,Widget A
ORD-004332,CUS-1001,2024-03-15,1109.91,19,East,Widget B
ORD-004333,CUS-1002,2024-01-01,1223.26,20,West,Widget B
ORD-004334,CUS-1003,2024-01-01,-413.64,24,South,Widget A
ORD-004335,CUS-1001,not-a-date,1255.06,38,North,Widget B
ORD-004336,CUS-1001,01/02/2024,1371.81,18,West,Widget A
ORD-004337,CUS-1001,2024-01-01,1335.59,1,North,Widget B
ORD-004338,CUS-1002,01/02/2024,1853.67,8,South,Widget B
ORD-004339,CUS-1003,01/02/2024,1475.53,2,West,Widget A
ORD-004340,CUS-1001,2024-01-01,1097.66,45,North,Gadget C
ORD-004341,CUS-1001,2024-01-01,1796.94,1,East,Widget A
ORD-004342,CUS-1002,01/02/2024,1801.79,46,  Central  ,Widget B
ORD-004343,CUS-1001,2024-01-01,709.51,32,East,Gadget C
ORD-004344,CUS-1002,2024-01-01,1612.55,1,South,nan
ORD-004345,nan,2024-03-15,1965.11,18,  Central  ,Widget B
ORD-004346,CUS-1003,2024-06-30,421.62,38,  Central  ,Widget B
ORD-004347,CUS-1003,2024-01-01,799.96,24,East,Widget B
ORD-004348,CUS-1002,2024-01-01,836.75,40,West,Widget A
ORD-004349,CUS-1003,2024-01-01,1225.04,23,West,Widget B
ORD-004350,CUS-1001,2024-01-01,1925.71,18,South,Widget A
ORD-004351,CUS-1001,not-a-date,618.16,10,South,Gadget C
ORD-004352,CUS-1002,2024-03-15,-493.41,33,North,Widget A
ORD-004353,CUS-1001,2024-01-01,-111.64,39,North,Widget B
ORD-004354,nan,2024-03-15,1395.37,34,North,Gadget C
ORD-004355,CUS-1002,2024-01-01,1180.66,10,North,Widget A
ORD-004356,nan,01/02/2024,1147.72,18,North,Widget B
ORD-004357,CUS-1001,2024-06-30,571.28,34,North,Widget B
ORD-004358,CUS-1002,2024-01-01,283.13,11,East,Widget A
ORD-004359,CUS-1002,2024-01-01,674.78,37,South,Widget B
ORD-004360,CUS-1001,not-a-date,466.88,46,  Central  ,Widget A
ORD-004361,CUS-1002,2024-01-01,1308.72,13,East,Widget A
ORD-004362,CUS-1002,2024-01-01,1707.74,18,  Central  ,Widget A
ORD-004363,nan,2024-01-01,325.8,35,North,Widget A
ORD-004364,CUS-1002,2024-01-01,1322.34,37,South,Widget A
ORD-004365,CUS-1001,01/02/2024,252.52,11,West,Widget B
ORD-004366,CUS-1002,2024-01-01,766.39,24,East,Gadget C
ORD-004367,CUS-1002,2024-01-01,354.64,26,South,Widget A
ORD-004368,CUS-1001,2024-01-01,606.09,41,West,Widget A
ORD-004369,CUS-1002,01/02/2024,1718.56,36,East,nan
ORD-004370,CUS-1001,not-a-date,845.28,8,  Central  ,Widget A
ORD-004371,CUS-1001,01/02/2024,226.11,8,East,Widget B
ORD-004372,CUS-1002,01/02/2024,405.91,45,East,Widget A
ORD-004373,CUS-1001,2024-03-15,1688.85,34,South,Widget A
ORD-004374,CUS-1002,2024-01-01,826.22,43,North,Widget A
ORD-004375,CUS-1001,2024-01-01,1872.6,7,North,Widget B
ORD-004376,CUS-1002,2024-01-01,1126.84,26,South,Widget B
ORD-004377,CUS-1001,2024-01-01,1019.09,4,West,Gadget C
ORD-004378,nan,2024-06-30,917.79,24,South,Widget A
ORD-004379,CUS-1001,2024-01-01,1549.18,18,West,Widget B
ORD-004380,CUS-1002,not-a-date,1673.05,16,  Central  ,Widget A
ORD-004381,CUS-1001,2024-01-01,262.83,11,South,Widget A
ORD-004382,CUS-1001,2024-01-01,822.75,7,South,Widget A
ORD-004383,CUS-1002,2024-01-01,572.71,8,West,Widget B
ORD-004384,CUS-1003,2024-01-01,1799.77,27,East,Widget A
ORD-004385,nan,2024-01-01,1472.07,13,West,Gadget C
ORD-004386,CUS-1001,01/02/2024,591.73,15,West,Widget A
ORD-004387,CUS-1001,2024-01-01,822.66,38,South,Gadget C
ORD-004388,CUS-1002,2024-03-15,844.22,20,East,Widget B
ORD-004389,CUS-1002,2024-06-30,1864.31,43,North,Gadget C
ORD-004390,CUS-1001,2024-01-01,952.63,31,East,Widget B
ORD-004391,CUS-1003,2024-06-30,46.67,46,North,Gadget C
ORD-004392,CUS-1002,2024-01-01,1462.87,35,East,Widget A
ORD-004393,CUS-1002,2024-01-01,202.12,47,West,Widget A
ORD-004394,CUS-1001,2024-01-01,1265.17,36,North,Widget B
ORD-004395,CUS-1002,01/02/2024,1031.86,31,South,Widget A
ORD-004396,CUS-1001,01/02/2024,1527.79,19,East,Widget B
ORD-004397,CUS-1003,01/02/2024,1104.79,34,North,Widget A
ORD-004398,CUS-1001,not-a-date,358.72,20,North,Widget B
ORD-004399,CUS-1003,2024-01-01,1788.98,15,North,Widget B
ORD-004400,CUS-1003,2024-03-15,1807.62,2,South,Widget B
ORD-004401,CUS-1002,01/02/2024,847.16,44,South,Widget A
ORD-004402,CUS-1001,2024-01-01,1222.74,15,South,Widget B
ORD-004403,CUS-1001,2024-01-01,1109.32,18,West,Gadget C
ORD-004404,CUS-1002,2024-01-01,1073.13,39,South,Widget A
ORD-004405,CUS-1002,2024-01-01,189.5,37,North,Widget A
ORD-004406,nan,2024-03-15,993.02,33,South,Widget B
ORD-004407,CUS-1001,2024-01-01,458.05,39,South,Widget A
ORD-004408,CUS-1003,2024-01-01,1597.72,48,East,Widget B
ORD-004409,CUS-1001,2024-03-15,1699.11,48,East,Widget B
ORD-004410,CUS-1001,01/02/2024,47.19,24,North,Widget B
ORD-004411,CUS-1001,2024-06-30,1476.1,2,East,nan
ORD-004412,CUS-1002,01/02/2024,238.54,7,North,Widget A
ORD-004413,CUS-1001,01/02/2024,29.6,13,West,Widget A
ORD-004414,CUS-1001,2024-01-01,37.22,27,South,nan
ORD-004415,CUS-1003,01/02/2024,937.35,24,  Central  ,nan
ORD-004416,CUS-1002,2024-01-01,1630.08,30,South,Widget B
ORD-004417,CUS-1001,2024-01-01,629.69,40,South,Widget B
ORD-004418,CUS-1001,2024-06-30,1850.01,36,North,Widget B
ORD-004419,CUS-1002,2024-03-15,848.06,36,North,Widget B
ORD-004420,CUS-1001,01/02/2024,385.42,42,East,Widget B
ORD-004421,CUS-1001,2024-01-01,923.57,4,East,Widget B
ORD-004422,CUS-1002,2024-03-15,1257.65,20,East,Widget B
ORD-004423,CUS-1001,2024-01-01,1016.36,42,North,Gadget C
ORD-004424,CUS-1002,2024-01-01,886.93,7,North,Widget A
ORD-004425,CUS-1001,2024-01-01,385.03,21,South,Widget B
ORD-004426,CUS-1001,2024-01-01,1401.69,39,  Central  ,Widget B
ORD-004427,CUS-1001,2024-01-01,707.29,42,South,nan
ORD-004428,CUS-1001,2024-03-15,1941.45,41,  Central  ,Widget B
ORD-004429,CUS-1001,2024-01-01,807.26,44,  Central  ,Gadget C
ORD-004430,CUS-1001,2024-03-15,450.9,3,North,Widget A
ORD-004431,nan,2024-06-30,1720.7,45,  Central  ,Widget B
ORD-004432,CUS-1003,2024-01-01,425.29,25,West,Widget A
ORD-004433,CUS-1001,2024-03-15,344.55,39,North,Widget B
ORD-004434,CUS-1002,2024-01-01,1439.84,14,West,Widget A
ORD-004435,CUS-1002,2024-06-30,603.32,37,South,Widget B
ORD-004436,CUS-1003,2024-01-01,840.52,7,North,Widget A
ORD-004437,CUS-1001,2024-01-01,907.59,26,North,Gadget C
ORD-004438,CUS-1001,2024-01-01,1569.26,2,West,Widget A
ORD-004439,CUS-1001,2024-06-30,1152.84,28,South,Widget A
ORD-004440,CUS-1001,2024-01-01,1485.36,49,  Central  ,Widget A
ORD-004441,CUS-1001,2024-03-15,1975.11,26,West,Widget A
ORD-004442,CUS-1003,2024-01-01,-99.9,2,East,Widget A
ORD-004443,nan,01/02/2024,564.92,26,East,Widget A
ORD-004444,CUS-1001,2024-01-01,1536.23,10,  Central  ,Widget B
ORD-004445,CUS-1002,2024-01-01,1701.34,11,South,Widget B
ORD-004446,CUS-1001,2024-01-01,867.28,29,West,Widget A
ORD-004447,CUS-1002,2024-01-01,1322.48,17,South,Widget A
ORD-004448,CUS-1002,2024-03-15,985.89,19,West,Widget A
ORD-004449,CUS-1001,2024-03-15,263.83,9,North,Gadget C
ORD-004450,CUS-1003,2024-01-01,1460.32,32,West,Widget A
ORD-004451,nan,2024-01-01,892.86,36,West,Widget B
ORD-004452,CUS-1002,2024-01-01,699.36,44,East,Gadget C
ORD-004453,CUS-1002,2024-03-15,940.8,21,South,Widget A
ORD-004454,CUS-1002,2024-03-15,1168.28,2,North,Widget B
ORD-004455,CUS-1001,not-a-date,1516.17,12,West,Widget A
ORD-004456,CUS-1001,not-a-date,1818.3,49,North,Gadget C
ORD-004457,CUS-1002,2024-01-01,1371.66,40,West,Widget A
ORD-004458,CUS-1001,2024-01-01,-215.27,27,East,Widget B
ORD-004459,CUS-1003,not-a-date,323.4,44,South,Gadget C
ORD-004460,CUS-1002,2024-01-01,317.13,13,North,Widget A
ORD-004461,CUS-1001,2024-01-01,1582.96,1,North,Widget B
ORD-004462,CUS-1001,2024-01-01,1270.69,33,  Central  ,Widget B
ORD-004463,nan,2024-03-15,1725.61,44,East,Widget B
ORD-004464,CUS-1001,01/02/2024,1361.1,7,West,Widget A
ORD-004465,CUS-1001,2024-06-30,35.07,2,  Central  ,Widget A
ORD-004466,CUS-1001,2024-01-01,1348.66,37,North,Gadget C
ORD-004467,CUS-1002,2024-01-01,431.19,35,North,Widget A
ORD-004468,nan,2024-01-01,899.41,2,South,Widget B
ORD-004469,CUS-1001,2024-03-15,1386.11,43,South,Widget B
ORD-004470,nan,2024-01-01,1316.01,48,North,Widget A
ORD-004471,CUS-1001,2024-06-30,771.25,12,South,Widget A
ORD-004472,CUS-1002,01/02/2024,1429.0,42,East,Widget A
ORD-004473,CUS-1001,2024-03-15,1888.87,47,North,Widget A
ORD-004474,CUS-1002,2024-03-15,469.24,22,East,Gadget C
ORD-004475,CUS-1002,2024-01-01,247.68,36,South,Widget B
ORD-004476,CUS-1002,2024-03-15,278.69,24,East,Widget A
ORD-004477,CUS-1001,2024-01-01,920.65,49,East,Widget B
ORD-004478,CUS-1003,2024-03-15,603.49,5,South,Widget B
ORD-004479,nan,2024-03-15,940.28,10,West,Widget A
ORD-004480,CUS-1002,01/02/2024,177.84,12,East,Widget A
ORD-004481,CUS-1002,2024-01-01,501.4,7,North,Widget B
ORD-004482,CUS-1003,2024-06-30,700.86,4,North,Widget A
ORD-004483,CUS-1001,2024-06-30,1868.35,33,North,Widget A
ORD-004484,CUS-1003,01/02/2024,601.11,30,West,Widget B
ORD-004485,CUS-1001,2024-06-30,105.92,26,South,Widget B
ORD-004486,CUS-1003,01/02/2024,628.95,37,East,Widget B
ORD-004487,CUS-1001,2024-01-01,1874.4,40,East,Widget B
ORD-004488,CUS-1001,2024-01-01,860.2,14,South,Gadget C
ORD-004489,CUS-1002,2024-01-01,1638.95,22,South,Widget A
ORD-004490,CUS-1002,01/02/2024,541.85,32,South,Widget A
ORD-004491,CUS-1003,01/02/2024,280.2,1,South,Gadget C
ORD-004492,nan,2024-01-01,998.35,25,North,Widget A
ORD-004493,CUS-1001,2024-01-01,1406.5,24,East,Widget A
ORD-004494,CUS-1001,2024-03-15,1691.96,14,West,Widget A
ORD-004495,CUS-1001,2024-03-15,489.67,33,North,Widget A
ORD-004496,CUS-1002,2024-06-30,1973.44,17,North,Widget B
ORD-004497,CUS-1002,2024-01-01,983.59,16,West,Widget A
ORD-004498,CUS-1003,2024-03-15,1009.55,36,North,Widget A
ORD-004499,CUS-1003,2024-01-01,1718.5,25,East,nan
ORD-004500,CUS-1001,2024-01-01,820.54,10,South,Widget A
ORD-004501,CUS-1002,2024-03-15,1517.19,30,East,Widget A
ORD-004502,CUS-1002,2024-01-01,1139.63,17,West,Widget A
ORD-004503,CUS-1002,2024-03-15,279.46,36,  Central  ,Widget B
ORD-004504,CUS-1001,2024-01-01,75.54,24,South,Gadget C
ORD-004505,CUS-1001,2024-01-01,1869.06,12,North,Gadget C
ORD-004506,CUS-1001,01/02/2024,1734.32,5,East,Widget A
ORD-004507,CUS-1001,2024-01-01,1967.26,14,South,Widget A
ORD-004508,CUS-1003,2024-01-01,1351.63,33,South,Widget B
ORD-004509,CUS-1001,2024-01-01,1295.0,34,West,Gadget C
ORD-004510,CUS-1002,2024-01-01,424.98,41,South,Widget A
ORD-004511,CUS-1002,2024-03-15,1288.18,18,East,nan
ORD-004512,CUS-1003,2024-01-01,981.93,45,North,Gadget C
ORD-004513,CUS-1001,01/02/2024,760.89,37,West,Widget B
ORD-004514,CUS-1001,01/02/2024,1368.08,17,South,Widget B
ORD-004515,CUS-1001,01/02/2024,179.14,14,South,nan
ORD-004516,CUS-1002,2024-01-01,1012.74,29,South,Widget A
ORD-004517,CUS-1001,01/02/2024,1518.65,37,North,Gadget C
ORD-004518,CUS-1003,not-a-date,-461.5,24,East,Widget A
ORD-004519,CUS-1001,2024-01-01,985.13,8,North,nan
ORD-004520,CUS-1001,2024-03-15,711.65,38,South,Widget A
ORD-004521,CUS-1001,2024-01-01,1149.02,23,North,Widget B
ORD-004522,CUS-1003,2024-01-01,265.22,2,South,Widget A
ORD-004523,CUS-1003,01/02/2024,192.04,10,South,Widget B
ORD-004524,CUS-1002,2024-01-01,1640.08,29,West,Widget A
ORD-004525,CUS-1002,2024-01-01,261.74,26,East,Widget A
ORD-004526,CUS-1002,2024-01-01,840.36,9,North,Gadget C
ORD-004527,CUS-1002,2024-01-01,829.37,35,East,Gadget C
ORD-004528,CUS-1001,01/02/2024,1966.3,32,South,Widget B
ORD-004529,CUS-1002,2024-01-01,1413.31,26,South,Gadget C
ORD-004530,CUS-1003,2024-03-15,1535.42,4,North,Widget A
ORD-004531,CUS-1001,not-a-date,1343.13,8,East,Widget B
ORD-004532,CUS-1002,2024-01-01,552.31,9,North,Widget B
ORD-004533,CUS-1002,2024-01-01,728.64,46,South,Gadget C
ORD-004534,CUS-1002,2024-01-01,374.65,12,West,Widget B
ORD-004535,CUS-1001,not-a-date,1088.85,1,North,Gadget C
ORD-004536,CUS-1002,2024-01-01,165.04,14,West,Gadget C
ORD-004537,CUS-1003,2024-01-01,1808.69,36,South,Widget A
ORD-004538,CUS-1001,2024-06-30,400.93,11,South,Widget B
ORD-004539,CUS-1001,2024-01-01,434.87,36,East,Gadget C
ORD-004540,CUS-1001,2024-01-01,974.31,2,South,Widget A
ORD-004541,CUS-1001,not-a-date,646.36,44,West,Gadget C
ORD-004542,nan,2024-06-30,341.42,27,North,Widget A
ORD-004543,CUS-1002,2024-01-01,1971.46,43,East,Widget A
ORD-004544,CUS-1001,2024-01-01,566.5,36,West,Widget B
ORD-004545,CUS-1001,2024-01-01,1481.65,8,North,Widget A
ORD-004546,nan,2024-01-01,1454.9,33,West,Gadget C
ORD-004547,CUS-1001,2024-01-01,496.71,47,South,Widget B
ORD-004548,CUS-1002,2024-01-01,562.6,24,  Central  ,Widget B
ORD-004549,CUS-1001,01/02/2024,1074.02,8,South,Gadget C
ORD-004550,CUS-1001,2024-03-15,1723.45,28,South,Widget B
ORD-004551,CUS-1002,2024-06-30,1481.67,28,West,Widget A
ORD-004552,CUS-1001,2024-03-15,613.07,39,East,Gadget C
ORD-004553,CUS-1002,2024-01-01,95.95,8,West,Widget B
ORD-004554,CUS-1001,2024-01-01,1218.73,33,South,Widget A
ORD-004555,CUS-1002,01/02/2024,956.71,19,South,nan
ORD-004556,CUS-1003,2024-01-01,694.34,12,  Central  ,Widget A
ORD-004557,CUS-1002,2024-01-01,1295.96,39,East,Widget A
ORD-004558,CUS-1001,2024-03-15,1903.85,27,West,Gadget C
ORD-004559,CUS-1002,2024-01-01,1807.95,46,  Central  ,Widget A
ORD-004560,nan,2024-01-01,1334.68,12,West,Widget B
ORD-004561,CUS-1001,01/02/2024,1918.98,16,West,Widget B
ORD-004562,CUS-1001,2024-06-30,797.29,45,North,Gadget C
ORD-004563,CUS-1003,01/02/2024,211.1,22,North,Widget A
ORD-004564,CUS-1001,2024-01-01,910.01,20,West,Widget B
ORD-004565,CUS-1002,01/02/2024,1324.18,40,  Central  ,Widget B
ORD-004566,CUS-1003,2024-06-30,1604.83,6,South,Widget A
ORD-004567,CUS-1001,2024-01-01,-466.36,30,West,Gadget C
ORD-004568,CUS-1002,01/02/2024,1039.13,18,North,Widget A
ORD-004569,CUS-1002,2024-03-15,752.4,44,North,nan
ORD-004570,CUS-1001,2024-03-15,570.51,7,North,Gadget C
ORD-004571,CUS-1003,2024-01-01,1217.63,17,North,Widget B
ORD-004572,CUS-1001,2024-06-30,1388.6,10,North,Widget A
ORD-004573,CUS-1001,2024-01-01,1268.48,10,North,Widget A
ORD-004574,CUS-1003,2024-01-01,398.32,13,East,Gadget C
ORD-004575,CUS-1001,2024-01-01,897.95,27,South,Widget A
ORD-004576,CUS-1003,2024-01-01,157.81,25,East,Widget A
ORD-004577,CUS-1001,2024-01-01,1045.57,23,South,Widget A
ORD-004578,CUS-1002,2024-03-15,436.26,44,South,Gadget C
ORD-004579,CUS-1001,not-a-date,1779.46,44,North,Widget A
ORD-004580,CUS-1002,2024-01-01,1618.36,11,East,Widget A
ORD-004581,CUS-1003,2024-03-15,1465.59,5,North,Gadget C
ORD-004582,CUS-1003,2024-06-30,233.7,34,West,nan
ORD-004583,nan,2024-01-01,899.13,3,South,Widget B
ORD-004584,CUS-1002,2024-03-15,368.61,30,South,Widget B
ORD-004585,CUS-1003,2024-06-30,97.11,9,North,Widget A
ORD-004586,CUS-1002,2024-03-15,810.91,9,North,Gadget C
ORD-004587,nan,01/02/2024,634.33,33,South,Gadget C
ORD-004588,CUS-1002,not-a-date,1837.24,38,  Central  ,Widget A
ORD-004589,nan,2024-03-15,1852.88,16,North,Widget B
ORD-004590,CUS-1001,2024-01-01,1870.3,18,South,Widget A
ORD-004591,CUS-1002,2024-01-01,38.52,5,South,Widget B
ORD-004592,CUS-1002,01/02/2024,1042.59,44,West,Widget A
ORD-004593,CUS-1001,2024-01-01,46.3,44,East,Gadget C
ORD-004594,CUS-1001,2024-01-01,1212.9,8,North,Widget B
ORD-004595,nan,2024-01-01,1021.75,38,North,Gadget C
ORD-004596,CUS-1002,2024-03-15,-264.22,46,East,Widget B
ORD-004597,CUS-1001,2024-03-15,114.71,44,East,Widget B
ORD-004598,CUS-1001,2024-01-01,218.69,21,East,Widget B
ORD-004599,CUS-1001,2024-01-01,632.94,6,East,Widget A
ORD-004600,CUS-1002,2024-01-01,491.6,26,West,Widget B
ORD-004601,nan,2024-01-01,365.88,16,South,Widget A
ORD-004602,nan,01/02/2024,1704.06,18,South,Gadget C
ORD-004603,CUS-1002,2024-01-01,66.69,31,West,Gadget C
ORD-004604,CUS-1002,2024-06-30,443.57,29,South,Widget B
ORD-004605,CUS-1001,2024-01-01,1834.9,4,  Central  ,Gadget C
ORD-004606,CUS-1003,2024-01-01,1744.7,31,West,Widget A
ORD-004607,CUS-1001,not-a-date,716.93,49,West,Widget A
ORD-004608,CUS-1001,2024-01-01,1610.78,10,  Central  ,Widget B
ORD-004609,nan,2024-01-01,312.95,49,West,Widget A
ORD-004610,CUS-1003,2024-01-01,1284.45,6,North,Widget B
ORD-004611,CUS-1001,01/02/2024,1767.54,26,South,Widget B
ORD-004612,CUS-1002,2024-01-01,949.22,5,South,Widget A
ORD-004613,CUS-1002,2024-03-15,342.09,49,South,Widget A
ORD-004614,CUS-1001,01/02/2024,1161.81,39,South,Gadget C
ORD-004615,CUS-1001,not-a-date,1498.87,46,North,Widget A
ORD-004616,CUS-1001,01/02/2024,1732.59,2,East,Widget B
ORD-004617,CUS-1002,2024-03-15,764.47,30,West,nan
ORD-004618,CUS-1002,01/02/2024,575.32,41,North,Gadget C
ORD-004619,CUS-1002,2024-01-01,-156.89,5,South,Gadget C
ORD-004620,CUS-1001,01/02/2024,507.23,46,East,Widget A
ORD-004621,nan,01/02/2024,493.13,7,East,Widget A
ORD-004622,CUS-1002,2024-01-01,372.91,6,North,Widget B
ORD-004623,nan,01/02/2024,741.31,15,North,Widget A
ORD-004624,CUS-1001,2024-01-01,884.11,45,South,Widget B
ORD-004625,CUS-1002,01/02/2024,1452.47,41,West,Widget A
ORD-004626,CUS-1003,2024-01-01,224.41,22,North,Widget A
ORD-004627,CUS-1001,2024-01-01,857.64,27,  Central  ,Widget B
ORD-004628,CUS-1001,2024-01-01,1319.1,2,  Central  ,Widget A
ORD-004629,CUS-1001,2024-01-01,1094.45,41,East,Widget B
ORD-004630,CUS-1001,2024-01-01,1578.05,3,  Central  ,Widget A
ORD-004631,CUS-1002,2024-01-01,1785.71,35,South,Widget A
ORD-004632,CUS-1001,01/02/2024,433.36,19,East,Widget B
ORD-004633,CUS-1001,2024-01-01,1818.2,40,West,Widget B
ORD-004634,CUS-1002,2024-06-30,1771.88,2,North,Gadget C
ORD-004635,CUS-1001,2024-03-15,-93.78,14,West,Widget A
ORD-004636,CUS-1001,2024-01-01,1628.51,32,  Central  ,Widget B
ORD-004637,CUS-1002,2024-01-01,1035.31,35,East,Widget B
ORD-004638,CUS-1001,2024-01-01,1623.57,1,North,Widget A
ORD-004639,CUS-1001,2024-01-01,1498.55,4,North,Widget A
ORD-004640,CUS-1001,2024-01-01,1925.18,18,North,Widget B
ORD-004641,CUS-1001,01/02/2024,450.0,34,North,Widget B
ORD-004642,CUS-1002,01/02/2024,1474.77,31,West,Gadget C
ORD-004643,CUS-1001,2024-01-01,37.65,24,North,Widget B
ORD-004644,CUS-1001,2024-03-15,1844.27,29,  Central  ,Widget A
ORD-004645,nan,2024-01-01,405.83,17,West,Widget B
ORD-004646,nan,2024-03-15,753.13,28,West,Widget A
ORD-004647,CUS-1001,2024-06-30,1687.73,35,East,Widget B
ORD-004648,CUS-1001,2024-01-01,960.53,11,North,Gadget C
ORD-004649,CUS-1002,2024-03-15,-33.62,1,West,Widget A
ORD-004650,CUS-1003,2024-03-15,729.27,15,South,Widget A
ORD-004651,CUS-1003,2024-01-01,-480.41,38,North,Widget A
ORD-004652,CUS-1001,2024-01-01,1692.46,42,West,Widget A
ORD-004653,CUS-1001,2024-03-15,1786.13,27,South,Widget A
ORD-004654,CUS-1001,2024-01-01,918.03,42,East,Widget A
ORD-004655,CUS-1003,2024-01-01,1443.09,22,North,Widget B
ORD-004656,nan,01/02/2024,939.77,36,North,Gadget C
ORD-004657,CUS-1001,2024-01-01,1879.9,26,South,Widget A
ORD-004658,CUS-1002,2024-01-01,1457.84,1,North,Widget A
ORD-004659,CUS-1001,2024-06-30,868.25,14,East,Widget A
ORD-004660,CUS-1002,2024-01-01,1001.25,33,North,Gadget C
ORD-004661,nan,01/02/2024,374.43,31,East,Gadget C
ORD-004662,CUS-1002,01/02/2024,1882.6,37,South,Widget A
ORD-004663,CUS-1001,2024-01-01,517.56,12,South,Gadget C
ORD-004664,CUS-1002,2024-03-15,370.89,10,West,Gadget C
ORD-004665,CUS-1001,01/02/2024,909.71,46,South,Widget A
ORD-004666,CUS-1003,2024-01-01,1455.06,18,North,Widget A
ORD-004667,CUS-1001,01/02/2024,1368.59,39,South,nan
ORD-004668,CUS-1003,2024-06-30,516.61,3,South,Gadget C
ORD-004669,CUS-1001,2024-06-30,537.25,44,East,Widget B
ORD-004670,CUS-1001,2024-01-01,478.92,43,East,Widget A
ORD-004671,CUS-1001,2024-01-01,1210.42,36,South,Widget A
ORD-004672,CUS-1001,01/02/2024,1914.63,15,South,Widget A
ORD-004673,CUS-1001,2024-06-30,-213.3,4,West,Widget B
ORD-004674,CUS-1002,2024-03-15,1013.97,11,North,Widget B
ORD-004675,CUS-1001,2024-01-01,761.89,26,East,Widget A
ORD-004676,CUS-1001,not-a-date,797.51,47,  Central  ,Widget B
ORD-004677,CUS-1001,2024-01-01,1614.37,35,West,Widget B
ORD-004678,CUS-1001,2024-01-01,1304.69,24,South,nan
ORD-004679,CUS-1003,01/02/2024,92.12,31,North,Gadget C
ORD-004680,nan,2024-01-01,160.53,37,South,nan
ORD-004681,CUS-1001,01/02/2024,967.9,34,North,Widget A
ORD-004682,CUS-1003,2024-01-01,1069.32,6,East,Gadget C
ORD-004683,CUS-1002,2024-03-15,1921.61,27,South,Gadget C
ORD-004684,nan,2024-06-30,-139.22,45,East,Widget B
ORD-004685,CUS-1001,2024-01-01,1617.3,32,West,Widget A
ORD-004686,CUS-1001,01/02/2024,1792.04,19,North,Widget A
ORD-004687,CUS-1002,2024-03-15,761.48,28,South,Widget A
ORD-004688,CUS-1003,2024-01-01,331.98,36,South,Widget A
ORD-004689,CUS-1002,2024-03-15,500.16,4,West,Widget A
ORD-004690,CUS-1002,01/02/2024,1328.94,10,South,Gadget C
ORD-004691,CUS-1001,2024-01-01,148.88,29,North,Widget A
ORD-004692,CUS-1002,not-a-date,1772.34,5,West,Widget A
ORD-004693,CUS-1003,2024-01-01,1515.66,23,North,Widget A
ORD-004694,CUS-1001,2024-01-01,1590.95,38,East,nan
ORD-004695,CUS-1002,2024-01-01,1483.24,25,South,Widget A
ORD-004696,CUS-1001,2024-03-15,266.11,40,South,Widget B
ORD-004697,CUS-1002,2024-06-30,1464.48,4,  Central  ,Widget A
ORD-004698,CUS-1002,2024-01-01,1202.39,23,East,Widget B
ORD-004699,CUS-1003,2024-01-01,111.42,45,East,Widget A
ORD-004700,nan,2024-01-01,576.43,30,East,Gadget C
ORD-004701,CUS-1002,01/02/2024,851.97,42,West,Widget A
ORD-004702,CUS-1001,2024-01-01,1090.39,20,South,Widget A
ORD-004703,CUS-1001,2024-01-01,369.25,3,North,Widget A
ORD-004704,CUS-1001,2024-01-01,1059.18,15,West,nan
ORD-004705,CUS-1001,2024-01-01,1915.62,45,East,Widget A
ORD-004706,CUS-1001,01/02/2024,715.7,11,  Central  ,Widget B
ORD-004707,CUS-1002,01/02/2024,311.44,42,West,Gadget C
ORD-004708,CUS-1001,2024-01-01,942.75,32,West,nan
ORD-004709,CUS-1001,2024-01-01,906.66,39,East,nan
ORD-004710,CUS-1003,2024-01-01,1835.21,47,  Central  ,Widget A
ORD-004711,CUS-1001,01/02/2024,930.09,46,West,Widget B
ORD-004712,CUS-1002,2024-01-01,494.22,25,South,Widget B
ORD-004713,nan,2024-01-01,456.72,33,South,Gadget C
ORD-004714,CUS-1002,01/02/2024,78.76,6,South,Widget B
ORD-004715,CUS-1001,2024-01-01,1485.37,7,North,Widget B
ORD-004716,CUS-1001,01/02/2024,542.95,46,North,Widget A
ORD-004717,CUS-1002,2024-01-01,1578.02,8,North,Widget B
ORD-004718,CUS-1002,2024-01-01,1105.14,3,North,Widget B
ORD-004719,CUS-1001,01/02/2024,1426.18,4,South,nan
ORD-004720,CUS-1002,2024-01-01,414.33,1,West,Widget B
ORD-004721,CUS-1002,2024-01-01,318.45,21,North,Gadget C
ORD-004722,CUS-1001,2024-03-15,-112.61,5,East,nan
ORD-004723,CUS-1002,2024-01-01,720.0,9,  Central  ,Widget A
ORD-004724,CUS-1001,2024-06-30,1017.23,44,South,Widget A
ORD-004725,CUS-1001,2024-01-01,1499.11,2,South,nan
ORD-004726,CUS-1003,not-a-date,1818.61,6,East,Widget B
ORD-004727,CUS-1001,2024-03-15,1192.68,26,East,Widget A
ORD-004728,CUS-1002,2024-01-01,459.46,11,South,Widget A
ORD-004729,CUS-1001,01/02/2024,597.87,16,South,Widget A
ORD-004730,CUS-1001,01/02/2024,1812.25,23,  Central  ,Widget A
ORD-004731,nan,2024-01-01,427.18,10,East,Gadget C
ORD-004732,CUS-1001,2024-01-01,198.9,36,  Central  ,Widget A
ORD-004733,CUS-1001,2024-06-30,1843.11,35,East,Widget B
ORD-004734,nan,2024-03-15,63.06,1,North,Gadget C
ORD-004735,CUS-1002,2024-06-30,1500.33,29,West,Gadget C
ORD-004736,CUS-1002,2024-03-15,299.76,17,West,Widget A
ORD-004737,CUS-1001,2024-03-15,-128.62,28,North,Widget A
ORD-004738,CUS-1001,2024-03-15,381.01,33,North,Widget A
ORD-004739,CUS-1002,01/02/2024,1795.33,18,South,Widget A
ORD-004740,CUS-1001,not-a-date,109.24,30,  Central  ,Widget A
ORD-004741,CUS-1001,01/02/2024,-304.41,38,West,Widget B
ORD-004742,CUS-1003,2024-01-01,1568.24,40,East,Widget A
ORD-004743,CUS-1001,01/02/2024,1138.96,8,West,Widget A
ORD-004744,CUS-1001,2024-01-01,849.53,28,North,Widget A
ORD-004745,CUS-1001,2024-06-30,876.72,22,East,Widget A
ORD-004746,CUS-1002,01/02/2024,1009.61,45,West,Widget A
ORD-004747,CUS-1002,01/02/2024,1989.8,19,North,Widget B
ORD-004748,CUS-1003,2024-01-01,1350.56,12,North,Widget B
ORD-004749,CUS-1001,01/02/2024,979.25,40,East,Widget B
ORD-004750,CUS-1001,2024-01-01,650.48,20,  Central  ,Widget A
ORD-004751,CUS-1002,01/02/2024,1012.57,10,  Central  ,Widget B
ORD-004752,CUS-1001,01/02/2024,1846.01,27,South,Gadget C
ORD-004753,CUS-1002,2024-01-01,445.75,49,South,Widget B
ORD-004754,nan,2024-01-01,697.5,15,East,Widget B
ORD-004755,CUS-1002,01/02/2024,139.34,8,North,Gadget C
ORD-004756,CUS-1001,2024-01-01,1262.17,24,East,Widget A
ORD-004757,nan,not-a-date,1536.36,22,East,nan
ORD-004758,CUS-1001,not-a-date,1267.73,15,North,Widget B
ORD-004759,nan,2024-03-15,1625.55,30,West,Widget B
ORD-004760,CUS-1002,2024-01-01,1543.79,2,East,Gadget C
ORD-004761,CUS-1002,2024-01-01,1945.21,21,West,Widget A
ORD-004762,nan,2024-06-30,910.36,7,East,Widget A
ORD-004763,CUS-1002,2024-06-30,177.3,43,South,Widget B
ORD-004764,CUS-1002,2024-01-01,1075.44,27,South,Widget B
ORD-004765,CUS-1001,01/02/2024,1544.31,32,  Central  ,Gadget C
ORD-004766,CUS-1002,2024-01-01,819.84,30,South,Widget B
ORD-004767,CUS-1002,2024-01-01,903.97,34,East,Widget A
ORD-004768,CUS-1001,2024-06-30,1477.34,34,West,Widget B
ORD-004769,CUS-1002,2024-06-30,43.51,44,West,Widget A
ORD-004770,CUS-1002,2024-06-30,1317.99,31,  Central  ,Widget B
ORD-004771,CUS-1001,2024-01-01,1417.35,7,East,Widget B
ORD-004772,CUS-1001,2024-01-01,1941.63,19,South,Widget A
ORD-004773,CUS-1002,not-a-date,1462.6,22,North,Widget A
ORD-004774,CUS-1001,01/02/2024,-395.01,45,South,Widget B
ORD-004775,CUS-1001,2024-01-01,1001.62,20,North,Gadget C
ORD-004776,CUS-1002,01/02/2024,817.83,43,  Central  ,Widget A
ORD-004777,CUS-1001,2024-01-01,807.85,37,  Central  ,Widget B
ORD-004778,CUS-1001,01/02/2024,1572.33,20,East,Widget A
ORD-004779,CUS-1002,not-a-date,1166.4,42,North,Widget A
ORD-004780,CUS-1001,2024-01-01,1464.44,24,South,Widget B
ORD-004781,nan,2024-01-01,1494.14,23,South,nan
ORD-004782,nan,01/02/2024,1379.79,7,South,Widget A
ORD-004783,CUS-1002,01/02/2024,1517.96,6,West,Widget A
ORD-004784,nan,2024-01-01,444.94,28,  Central  ,Widget A
ORD-004785,CUS-1003,2024-01-01,-215.87,38,North,Widget B
ORD-004786,CUS-1001,2024-03-15,330.9,42,  Central  ,Widget A
ORD-004787,CUS-1002,2024-01-01,1619.42,39,  Central  ,Widget A
ORD-004788,CUS-1001,01/02/2024,1912.57,23,West,Widget B
ORD-004789,CUS-1002,01/02/2024,1874.29,14,South,Widget B
ORD-004790,CUS-1002,2024-01-01,35.54,20,South,Widget A
ORD-004791,CUS-1001,01/02/2024,1990.19,9,South,Widget B
ORD-004792,CUS-1001,01/02/2024,1774.19,26,East,Gadget C
ORD-004793,nan,01/02/2024,405.71,7,South,Widget B
ORD-004794,CUS-1001,01/02/2024,1119.23,38,South,Gadget C
ORD-004795,CUS-1001,2024-01-01,1969.38,5,  Central  ,Widget B
ORD-004796,CUS-1001,2024-01-01,947.28,21,North,Widget A
ORD-004797,CUS-1002,2024-01-01,1907.35,15,North,Widget A
ORD-004798,CUS-1003,2024-01-01,1092.19,31,North,Widget A
ORD-004799,CUS-1003,2024-01-01,695.28,36,East,Widget B
ORD-004800,CUS-1002,2024-01-01,-216.47,20,East,Widget A
ORD-004801,CUS-1001,2024-03-15,217.11,15,North,Widget B
ORD-004802,CUS-1001,2024-01-01,1416.3,46,South,Gadget C
ORD-004803,CUS-1002,2024-06-30,661.88,42,North,Widget A
ORD-004804,CUS-1003,01/02/2024,821.39,42,East,Widget A
ORD-004805,CUS-1002,2024-01-01,1875.05,17,West,Widget B
ORD-004806,CUS-1001,01/02/2024,407.69,3,North,Widget A
ORD-004807,CUS-1002,2024-01-01,752.82,35,West,Widget A
ORD-004808,CUS-1002,2024-06-30,1820.03,11,South,Widget A
ORD-004809,CUS-1002,2024-06-30,1881.78,11,East,nan
ORD-004810,CUS-1002,2024-03-15,1607.48,40,South,Widget B
ORD-004811,CUS-1002,01/02/2024,772.46,6,West,Widget A
ORD-004812,CUS-1002,2024-06-30,259.66,41,West,Widget B
ORD-004813,nan,01/02/2024,1580.93,12,East,Widget A
ORD-004814,CUS-1002,not-a-date,1679.69,17,North,Widget A
ORD-004815,CUS-1001,2024-01-01,1432.54,31,South,Widget B
ORD-004816,CUS-1001,2024-06-30,681.41,34,West,Widget B
ORD-004817,CUS-1002,01/02/2024,1308.33,33,South,nan
ORD-004818,CUS-1002,2024-01-01,1407.52,25,  Central  ,Widget B
ORD-004819,CUS-1002,2024-06-30,1775.99,31,South,Gadget C
ORD-004820,CUS-1002,01/02/2024,286.92,19,East,Gadget C
ORD-004821,CUS-1001,2024-06-30,535.01,21,East,Widget A
ORD-004822,CUS-1002,2024-01-01,813.36,7,North,Widget B
ORD-004823,CUS-1002,01/02/2024,1625.18,28,South,nan
ORD-004824,CUS-1001,2024-03-15,1788.47,17,South,Widget B
ORD-004825,CUS-1001,2024-01-01,564.04,47,North,Widget A
ORD-004826,CUS-1001,2024-03-15,1013.25,48,South,nan
ORD-004827,CUS-1001,01/02/2024,1219.35,4,South,Widget A
ORD-004828,CUS-1003,2024-01-01,339.28,32,East,Widget A
ORD-004829,nan,01/02/2024,1586.83,5,West,Widget B
ORD-004830,CUS-1002,2024-01-01,947.09,18,West,Widget A
ORD-004831,CUS-1001,2024-03-15,1790.41,25,North,Widget A
ORD-004832,CUS-1002,not-a-date,1101.21,15,South,Widget A
ORD-004833,CUS-1002,2024-01-01,1667.8,40,  Central  ,Widget A
ORD-004834,CUS-1001,01/02/2024,107.69,1,  Central  ,Widget A
ORD-004835,CUS-1003,2024-01-01,883.33,44,  Central  ,Widget A
ORD-004836,CUS-1001,2024-01-01,844.09,49,East,Widget A
ORD-004837,CUS-1001,not-a-date,395.94,36,East,Gadget C
ORD-004838,CUS-1001,2024-01-01,-98.41,49,East,Widget A
ORD-004839,CUS-1001,2024-01-01,1503.5,11,West,Widget B
ORD-004840,CUS-1003,2024-01-01,991.7,31,North,Gadget C
ORD-004841,CUS-1002,01/02/2024,1665.59,38,North,Widget A
ORD-004842,CUS-1001,2024-03-15,593.03,17,South,nan
ORD-004843,CUS-1002,2024-01-01,603.72,11,East,Widget B
ORD-004844,CUS-1001,2024-01-01,341.99,19,South,nan
ORD-004845,CUS-1001,2024-01-01,1570.43,1,North,Widget A
ORD-004846,CUS-1001,2024-01-01,-383.23,26,North,Widget B
ORD-004847,CUS-1002,2024-01-01,308.04,8,West,Widget A
ORD-004848,CUS-1001,2024-03-15,-452.23,16,East,Gadget C
ORD-004849,CUS-1003,01/02/2024,782.65,48,South,Widget A
ORD-004850,CUS-1001,2024-01-01,879.44,4,North,Widget A
ORD-004851,CUS-1002,01/02/2024,907.72,36,East,Widget B
ORD-004852,CUS-1003,2024-03-15,1534.68,12,East,Widget A
ORD-004853,CUS-1001,2024-01-01,835.25,8,North,Widget A
ORD-004854,CUS-1001,2024-01-01,18.48,27,South,Widget A
ORD-004855,nan,2024-03-15,1222.8,16,West,Widget A
ORD-004856,CUS-1002,2024-01-01,350.75,34,West,Widget A
ORD-004857,CUS-1002,2024-03-15,59.82,44,South,Widget A
ORD-004858,CUS-1001,2024-03-15,1556.97,36,South,Widget A
ORD-004859,CUS-1001,not-a-date,499.21,35,West,Widget B
ORD-004860,CUS-1002,2024-01-01,1513.03,32,East,Widget A
ORD-004861,nan,2024-01-01,1287.03,12,South,Widget B
ORD-004862,CUS-1001,not-a-date,1767.79,23,  Central  ,Widget B
ORD-004863,CUS-1003,2024-01-01,722.74,48,East,Widget B
ORD-004864,CUS-1002,2024-01-01,1303.65,26,East,Widget B
ORD-004865,CUS-1001,01/02/2024,-416.31,29,East,Widget B
ORD-004866,CUS-1001,2024-01-01,1567.75,31,North,Widget B
ORD-004867,CUS-1001,01/02/2024,665.38,27,East,Widget A
ORD-004868,CUS-1002,2024-06-30,1202.98,6,South,Widget A
ORD-004869,CUS-1002,01/02/2024,1086.34,29,North,Widget A
ORD-004870,CUS-1002,2024-01-01,-269.04,8,North,Widget A
ORD-004871,CUS-1001,2024-06-30,77.67,36,  Central  ,Widget A
ORD-004872,CUS-1002,01/02/2024,1806.98,44,West,Widget B
ORD-004873,CUS-1002,2024-01-01,1285.12,13,North,Gadget C
ORD-004874,CUS-1002,01/02/2024,1230.13,15,East,Widget A
ORD-004875,CUS-1002,2024-01-01,1488.77,2,East,Gadget C
ORD-004876,CUS-1001,2024-01-01,41.16,16,South,Gadget C
ORD-004877,CUS-1002,01/02/2024,471.83,32,North,Widget A
ORD-004878,CUS-1001,2024-01-01,1303.75,9,  Central  ,Widget B
ORD-004879,CUS-1001,2024-01-01,1439.59,24,East,Widget A
ORD-004880,CUS-1001,01/02/2024,1262.94,40,West,Widget A
ORD-004881,CUS-1002,2024-01-01,827.92,40,West,Gadget C
ORD-004882,CUS-1002,01/02/2024,1181.85,2,  Central  ,Gadget C
ORD-004883,CUS-1001,2024-01-01,1402.78,46,North,Widget A
ORD-004884,CUS-1003,01/02/2024,818.73,42,South,Widget B
ORD-004885,CUS-1003,not-a-date,1132.35,30,East,Gadget C
ORD-004886,CUS-1001,2024-01-01,167.18,40,East,Widget A
ORD-004887,CUS-1002,2024-03-15,347.41,30,  Central  ,Widget A
ORD-004888,CUS-1001,2024-01-01,-226.12,21,South,Widget A
ORD-004889,nan,2024-01-01,766.21,32,West,Widget B
ORD-004890,CUS-1001,2024-01-01,1558.29,44,South,Widget A
ORD-004891,CUS-1001,2024-01-01,1351.83,4,South,Widget A
ORD-004892,CUS-1002,2024-01-01,731.59,36,South,Widget A
ORD-004893,CUS-1001,2024-03-15,-21.54,18,South,Gadget C
ORD-004894,CUS-1002,2024-03-15,261.45,42,East,Widget A
ORD-004895,CUS-1002,2024-06-30,329.57,33,North,Widget A
ORD-004896,CUS-1001,2024-06-30,824.22,5,South,Widget B
ORD-004897,CUS-1002,2024-01-01,1315.04,26,East,Widget B
ORD-004898,nan,2024-01-01,602.55,41,North,Widget A
ORD-004899,CUS-1003,2024-01-01,653.21,39,East,Widget B
ORD-004900,CUS-1002,01/02/2024,1724.82,34,South,Widget B
ORD-004901,CUS-1001,not-a-date,1800.77,6,North,Widget A
ORD-004902,CUS-1001,2024-01-01,1825.95,49,North,Gadget C
ORD-004903,CUS-1003,2024-01-01,53.74,32,East,nan
ORD-004904,CUS-1002,2024-01-01,1598.84,40,East,Widget A
ORD-004905,CUS-1002,not-a-date,-66.06,42,West,Widget A
ORD-004906,CUS-1003,2024-01-01,523.71,49,East,Widget A
ORD-004907,CUS-1001,2024-03-15,-24.42,33,South,Gadget C
ORD-004908,CUS-1002,2024-01-01,79.36,27,South,Gadget C
ORD-004909,CUS-1001,2024-01-01,1645.92,4,South,Gadget C
ORD-004910,CUS-1001,2024-01-01,1218.98,7,North,Gadget C
ORD-004911,CUS-1002,2024-03-15,41.53,33,North,Widget A
ORD-004912,CUS-1001,2024-03-15,-91.32,46,East,Gadget C
ORD-004913,nan,2024-01-01,1663.24,42,East,Gadget C
ORD-004914,CUS-1001,2024-01-01,1208.22,42,North,Widget B
ORD-004915,CUS-1003,2024-01-01,1713.01,8,South,Widget A
ORD-004916,CUS-1002,2024-01-01,301.94,22,  Central  ,Gadget C
ORD-004917,CUS-1002,2024-01-01,1905.66,31,North,Widget A
ORD-004918,nan,2024-01-01,422.79,31,West,Widget A
ORD-004919,CUS-1001,01/02/2024,614.0,24,East,Widget A
ORD-004920,CUS-1001,2024-03-15,1852.91,47,West,Widget A
ORD-004921,CUS-1001,2024-03-15,632.68,11,South,Widget B
ORD-004922,CUS-1001,2024-03-15,1194.44,41,  Central  ,Widget A
ORD-004923,CUS-1003,2024-06-30,694.75,22,South,Widget B
ORD-004924,CUS-1002,2024-06-30,1481.97,32,East,Widget A
ORD-004925,CUS-1001,2024-01-01,629.66,21,East,Widget A
ORD-004926,CUS-1001,2024-01-01,888.16,18,East,Widget A
ORD-004927,CUS-1002,2024-01-01,176.71,29,East,Widget A
ORD-004928,CUS-1002,not-a-date,1842.67,27,East,Gadget C
ORD-004929,CUS-1001,2024-01-01,1813.0,37,East,Widget A
ORD-004930,CUS-1003,2024-01-01,1610.35,4,West,Widget A
ORD-004931,CUS-1002,01/02/2024,1747.46,5,West,Widget B
ORD-004932,CUS-1003,01/02/2024,1209.45,19,East,Widget B
ORD-004933,CUS-1001,01/02/2024,180.07,10,  Central  ,Widget B
ORD-004934,CUS-1002,2024-03-15,150.48,36,West,Widget B
ORD-004935,CUS-1001,01/02/2024,1574.3,32,North,Widget B
ORD-004936,CUS-1001,not-a-date,1039.0,7,  Central  ,Widget B
ORD-004937,CUS-1002,2024-01-01,-489.43,7,West,Widget A
ORD-004938,CUS-1002,not-a-date,84.56,42,East,Widget B
ORD-004939,CUS-1001,01/02/2024,1968.25,33,East,Widget A
ORD-004940,CUS-1003,2024-01-01,202.42,44,South,Widget A
ORD-004941,CUS-1001,2024-06-30,734.89,33,South,nan
ORD-004942,CUS-1002,2024-06-30,1363.6,20,South,Gadget C
ORD-004943,nan,2024-03-15,1249.96,17,  Central  ,Widget B
ORD-004944,CUS-1002,2024-06-30,261.49,41,East,Widget B
ORD-004945,CUS-1003,2024-01-01,1244.7,49,North,Gadget C
ORD-004946,CUS-1002,2024-01-01,679.44,22,West,Widget A
ORD-004947,CUS-1003,2024-01-01,349.5,24,East,Widget B
ORD-004948,CUS-1002,not-a-date,1237.97,20,East,Widget A
ORD-004949,CUS-1002,2024-03-15,1801.89,48,South,Gadget C
ORD-004950,CUS-1001,2024-06-30,1505.53,6,East,Widget B
ORD-004951,CUS-1002,2024-03-15,-382.83,9,West,Widget B
ORD-004952,CUS-1001,01/02/2024,356.49,41,North,Widget B
ORD-004953,nan,2024-01-01,943.97,46,East,Widget B
ORD-004954,CUS-1001,2024-01-01,-105.72,14,North,Widget A
ORD-004955,CUS-1001,2024-01-01,51.28,29,East,Widget B
ORD-004956,CUS-1003,2024-03-15,511.31,14,East,Widget A
ORD-004957,CUS-1001,2024-01-01,222.33,49,West,Widget A
ORD-004958,CUS-1001,2024-06-30,1097.97,4,South,Widget A
ORD-004959,CUS-1002,01/02/2024,96.45,30,  Central  ,Widget A
ORD-004960,CUS-1001,2024-01-01,494.62,29,  Central  ,Widget B
ORD-004961,CUS-1001,not-a-date,125.82,46,West,Widget A
ORD-004962,CUS-1002,01/02/2024,1065.62,28,East,Widget A
ORD-004963,CUS-1001,2024-03-15,711.71,18,North,Widget B
ORD-004964,CUS-1001,2024-01-01,175.23,25,East,Widget A
ORD-004965,CUS-1001,2024-01-01,715.19,32,West,Widget A
ORD-004966,CUS-1001,2024-01-01,11.29,42,South,Widget B
ORD-004967,CUS-1001,01/02/2024,1652.65,2,  Central  ,Gadget C
ORD-004968,CUS-1001,2024-03-15,733.82,36,North,Widget A
ORD-004969,CUS-1002,2024-06-30,1335.13,29,West,Widget A
ORD-004970,CUS-1002,not-a-date,1420.44,10,  Central  ,Widget B
ORD-004971,CUS-1001,2024-01-01,1114.28,19,East,nan
ORD-004972,CUS-1001,2024-06-30,1181.8,28,West,nan
ORD-004973,CUS-1003,2024-01-01,-494.66,41,North,Widget B
ORD-004974,CUS-1002,2024-01-01,820.82,42,South,Widget A
ORD-004975,CUS-1001,2024-03-15,618.84,25,North,Widget B
ORD-004976,CUS-1002,2024-06-30,151.76,35,South,Gadget C
ORD-004977,CUS-1001,2024-06-30,705.44,26,North,Widget B
ORD-004978,CUS-1003,2024-03-15,930.41,34,North,Widget A
ORD-004979,nan,2024-01-01,276.13,49,North,Widget A
ORD-004980,nan,2024-01-01,1817.01,5,West,Widget A
ORD-004981,CUS-1001,2024-01-01,26.67,44,South,Widget A
ORD-004982,CUS-1001,01/02/2024,455.33,9,East,Widget A
ORD-004983,CUS-1001,2024-01-01,1362.82,46,East,Gadget C
ORD-004984,CUS-1001,2024-01-01,-360.8,21,East,Widget B
ORD-004985,CUS-1001,2024-01-01,952.75,9,  Central  ,Widget A
ORD-004986,CUS-1002,01/02/2024,1181.33,3,West,Widget B
ORD-004987,CUS-1001,2024-03-15,553.27,44,East,Widget A
ORD-004988,nan,2024-01-01,1909.13,36,North,Widget A
ORD-004989,CUS-1001,2024-01-01,1291.89,21,North,Widget A
ORD-004990,CUS-1001,01/02/2024,271.62,46,West,Gadget C
ORD-004991,CUS-1003,01/02/2024,1475.49,42,West,Widget B
ORD-004992,CUS-1002,2024-01-01,264.27,9,East,Widget A
ORD-004993,CUS-1001,2024-01-01,812.68,25,  Central  ,Widget B
ORD-004994,CUS-1002,2024-06-30,987.52,32,West,Widget A
ORD-004995,CUS-1001,2024-03-15,1447.6,33,  Central  ,Widget A
ORD-004996,CUS-1001,2024-01-01,1992.69,25,West,Gadget C
ORD-004997,CUS-1002,01/02/2024,749.26,13,  Central  ,nan
ORD-004998,CUS-1001,01/02/2024,1354.72,12,East,Widget B
ORD-004999,CUS-1002,2024-01-01,1348.07,10,South,Widget A
ORD-005000,CUS-1001,2024-01-01,376.54,24,North,Widget A
ORD-005001,CUS-1002,2024-06-30,1289.27,28,  Central  ,Widget A
ORD-005002,CUS-1003,01/02/2024,1760.04,47,South,Widget A
ORD-005003,CUS-1001,2024-01-01,1115.91,8,North,nan
ORD-005004,CUS-1001,2024-03-15,964.76,24,West,Widget A
ORD-005005,CUS-1002,2024-01-01,1298.62,31,South,Widget B
ORD-005006,CUS-1003,01/02/2024,1615.63,22,East,Widget A
ORD-005007,CUS-1002,2024-01-01,458.3,2,  Central  ,Gadget C
ORD-005008,CUS-1002,2024-01-01,334.58,34,East,Gadget C
ORD-005009,CUS-1001,2024-01-01,1305.96,10,North,Widget A
ORD-005010,CUS-1001,2024-06-30,78.82,37,North,Widget A
ORD-005011,CUS-1002,01/02/2024,1652.29,14,East,Widget B
ORD-005012,CUS-1001,2024-03-15,611.13,34,North,Widget A
ORD-005013,CUS-1002,2024-01-01,230.85,9,North,Widget A
ORD-005014,CUS-1001,2024-03-15,1531.7,31,South,Gadget C
ORD-005015,CUS-1001,2024-01-01,453.56,6,North,Widget B
ORD-005016,CUS-1002,01/02/2024,808.84,15,West,Widget B
ORD-005017,CUS-1002,2024-01-01,833.6,38,South,Widget B
ORD-005018,CUS-1002,01/02/2024,1642.26,14,South,Widget A
ORD-005019,CUS-1002,2024-01-01,536.2,21,West,Gadget C
ORD-005020,nan,2024-01-01,1270.07,22,South,Widget A
ORD-005021,CUS-1003,2024-03-15,1997.3,13,South,Widget A
ORD-005022,CUS-1003,2024-01-01,1202.71,29,South,Gadget C
ORD-005023,CUS-1002,2024-01-01,290.54,15,  Central  ,Gadget C
ORD-005024,CUS-1002,2024-06-30,573.7,26,North,Widget A
ORD-005025,CUS-1002,2024-01-01,1074.89,39,East,Widget B
ORD-005026,CUS-1002,01/02/2024,651.38,37,East,Widget B
ORD-005027,CUS-1001,2024-03-15,1037.95,12,South,Widget A
ORD-005028,CUS-1002,2024-03-15,1091.01,34,West,Widget A
ORD-005029,CUS-1001,2024-01-01,1473.71,38,North,Widget B
ORD-005030,CUS-1001,01/02/2024,1249.67,28,North,Gadget C
ORD-005031,CUS-1003,01/02/2024,1398.91,36,East,Widget B
ORD-005032,CUS-1001,2024-01-01,444.43,21,South,Widget A
ORD-005033,CUS-1002,2024-03-15,852.19,4,West,Widget B
ORD-005034,CUS-1002,2024-06-30,1652.01,29,East,Widget A
ORD-005035,CUS-1001,2024-01-01,1506.92,45,North,Widget B
ORD-005036,nan,2024-01-01,372.26,24,South,Widget B
ORD-005037,CUS-1001,2024-03-15,137.29,28,East,Widget B
ORD-005038,nan,2024-01-01,1309.8,33,  Central  ,Widget A
ORD-005039,CUS-1003,2024-03-15,893.71,42,South,Widget B
ORD-005040,CUS-1001,2024-01-01,826.84,25,North,Widget B
ORD-005041,CUS-1001,2024-01-01,59.79,16,East,Widget A
ORD-005042,CUS-1001,01/02/2024,769.49,31,East,Widget A
ORD-005043,CUS-1001,2024-06-30,365.62,34,West,Widget B
ORD-005044,CUS-1001,2024-01-01,78.36,33,East,Widget A
ORD-005045,nan,not-a-date,803.81,30,South,Widget B
ORD-005046,CUS-1001,2024-01-01,1651.38,49,South,Widget A
ORD-005047,CUS-1003,2024-01-01,1783.83,14,West,Widget A
ORD-005048,CUS-1001,01/02/2024,-170.39,16,South,Widget A
ORD-005049,nan,2024-01-01,557.2,42,South,Widget A
ORD-005050,CUS-1001,01/02/2024,206.15,9,South,Widget B
ORD-005051,CUS-1002,2024-01-01,1819.5,40,North,Widget B
ORD-005052,CUS-1002,2024-01-01,139.78,13,North,Widget A
ORD-005053,CUS-1001,2024-01-01,1875.18,33,West,Widget A
ORD-005054,CUS-1003,2024-03-15,-289.2,42,  Central  ,Widget A
ORD-005055,CUS-1001,2024-06-30,1575.13,43,West,Gadget C
ORD-005056,CUS-1002,2024-01-01,447.77,30,South,Widget A
ORD-005057,CUS-1002,2024-01-01,1218.96,11,East,nan
ORD-005058,CUS-1002,2024-06-30,226.51,17,North,Widget B
ORD-005059,CUS-1001,2024-01-01,1320.75,35,North,nan
ORD-005060,CUS-1001,2024-03-15,1204.72,32,North,Widget A
ORD-005061,CUS-1001,01/02/2024,1649.55,15,East,Gadget C
ORD-005062,CUS-1001,not-a-date,1293.38,29,South,Gadget C
ORD-005063,CUS-1001,2024-01-01,1943.34,47,North,Widget A
ORD-005064,nan,2024-01-01,985.76,3,East,nan
ORD-005065,CUS-1002,2024-01-01,1108.3,28,  Central  ,Widget A
ORD-005066,CUS-1002,2024-01-01,160.95,28,East,Widget A
ORD-005067,CUS-1001,2024-01-01,225.41,42,East,Widget A
ORD-005068,CUS-1001,2024-06-30,355.27,13,South,Widget A
ORD-005069,CUS-1002,2024-01-01,245.61,9,North,Widget B
ORD-005070,CUS-1001,2024-01-01,283.24,22,North,Widget B
ORD-005071,CUS-1001,2024-01-01,528.34,16,South,Widget A
ORD-005072,CUS-1002,2024-01-01,-198.28,44,South,Widget A
ORD-005073,CUS-1002,01/02/2024,1394.18,38,  Central  ,Widget A
ORD-005074,nan,2024-01-01,978.0,20,South,Widget B
ORD-005075,CUS-1001,2024-03-15,1854.83,18,South,Widget A
ORD-005076,CUS-1002,2024-03-15,692.44,1,South,Widget B
ORD-005077,CUS-1001,2024-01-01,136.19,5,North,Widget B
ORD-005078,CUS-1001,2024-03-15,-395.51,28,South,Gadget C
ORD-005079,CUS-1002,2024-01-01,1686.92,33,West,Widget B
ORD-005080,CUS-1001,2024-01-01,732.94,39,West,nan
ORD-005081,CUS-1002,2024-06-30,150.11,6,North,Widget B
ORD-005082,CUS-1001,not-a-date,1762.94,8,West,Widget A
ORD-005083,CUS-1001,2024-01-01,1867.74,28,South,Gadget C
ORD-005084,nan,2024-01-01,1994.36,5,North,Widget B
ORD-005085,CUS-1001,2024-01-01,788.19,41,  Central  ,Widget A
ORD-005086,CUS-1003,01/02/2024,262.99,22,West,Widget B
ORD-005087,CUS-1001,01/02/2024,761.8,29,South,Widget A
ORD-005088,nan,2024-01-01,1175.28,39,East,Widget A
ORD-005089,CUS-1001,2024-06-30,96.11,25,East,Widget A
ORD-005090,CUS-1001,2024-03-15,555.69,4,  Central  ,Widget A
ORD-005091,CUS-1003,2024-01-01,1884.47,12,North,Widget A
ORD-005092,CUS-1001,not-a-date,97.93,18,North,Widget B
ORD-005093,CUS-1001,2024-03-15,310.39,8,East,Widget B
ORD-005094,nan,2024-01-01,1166.24,26,North,Widget A
ORD-005095,CUS-1002,01/02/2024,1915.89,1,West,Widget B
ORD-005096,CUS-1002,not-a-date,1881.23,8,North,Widget A
ORD-005097,CUS-1002,2024-06-30,522.47,40,West,Widget B
ORD-005098,CUS-1003,2024-01-01,1231.38,7,North,Widget B
ORD-005099,CUS-1003,01/02/2024,1930.37,2,West,Widget A
ORD-005100,CUS-1002,not-a-date,1263.06,22,North,Widget B
ORD-005101,CUS-1001,2024-06-30,450.92,43,North,Widget A
ORD-005102,CUS-1001,2024-01-01,1390.35,12,North,Widget B
ORD-005103,CUS-1002,01/02/2024,1027.36,20,East,Widget A
ORD-005104,CUS-1003,not-a-date,-302.47,38,North,Widget A
ORD-005105,CUS-1002,2024-01-01,981.87,45,South,Widget A
ORD-005106,CUS-1001,2024-01-01,233.93,15,West,Widget B
ORD-005107,CUS-1001,01/02/2024,1580.98,8,South,Widget B
ORD-005108,CUS-1002,01/02/2024,700.44,13,North,Widget A
ORD-005109,CUS-1003,2024-03-15,-126.84,40,East,Widget A
ORD-005110,CUS-1001,2024-01-01,887.31,17,North,Widget A
ORD-005111,CUS-1002,2024-03-15,1289.66,43,West,Gadget C
ORD-005112,CUS-1003,2024-01-01,1111.35,25,South,Gadget C
ORD-005113,nan,2024-03-15,1640.01,21,  Central  ,Gadget C
ORD-005114,CUS-1001,2024-01-01,1688.19,36,North,Gadget C
ORD-005115,nan,2024-01-01,1244.97,49,South,Widget A
ORD-005116,CUS-1002,2024-06-30,1107.9,37,West,Widget B
ORD-005117,CUS-1003,2024-03-15,1137.79,11,East,Widget B
ORD-005118,CUS-1001,2024-01-01,792.28,16,North,nan
ORD-005119,CUS-1002,2024-01-01,943.85,6,North,Widget B
ORD-005120,CUS-1002,01/02/2024,1058.16,29,East,Widget B
ORD-005121,CUS-1001,2024-06-30,1603.73,48,East,Widget B
ORD-005122,CUS-1002,2024-01-01,1494.27,16,North,nan
ORD-005123,CUS-1002,2024-06-30,399.21,13,West,Widget A
ORD-005124,CUS-1002,2024-01-01,1955.88,46,North,Gadget C
ORD-005125,CUS-1001,2024-03-15,1931.04,2,  Central  ,Widget A
ORD-005126,CUS-1002,2024-01-01,565.65,11,West,Widget A
ORD-005127,CUS-1001,2024-01-01,1997.72,20,East,Widget A
ORD-005128,nan,2024-06-30,1054.96,46,East,Widget A
ORD-005129,nan,2024-01-01,461.2,49,North,Widget B
ORD-005130,CUS-1001,2024-06-30,1443.79,44,South,Widget A
ORD-005131,CUS-1001,2024-01-01,105.43,42,West,Widget A
ORD-005132,CUS-1001,2024-01-01,1378.39,2,  Central  ,Widget A
ORD-005133,CUS-1002,2024-06-30,1671.66,5,North,Widget A
ORD-005134,CUS-1003,01/02/2024,707.59,44,West,Widget B
ORD-005135,CUS-1002,2024-01-01,675.9,18,South,Widget A
ORD-005136,CUS-1001,01/02/2024,552.12,8,East,Gadget C
ORD-005137,CUS-1001,2024-01-01,820.91,27,West,Widget A
ORD-005138,CUS-1001,not-a-date,1151.14,46,North,Widget B
ORD-005139,CUS-1003,2024-01-01,1526.5,40,North,Gadget C
ORD-005140,CUS-1002,01/02/2024,1774.37,21,South,Widget A
ORD-005141,CUS-1002,2024-01-01,1101.63,10,East,Widget B
ORD-005142,CUS-1001,01/02/2024,955.23,38,East,Widget B
ORD-005143,nan,2024-06-30,-95.64,5,East,Widget B
ORD-005144,CUS-1001,2024-03-15,1194.74,6,  Central  ,nan
ORD-005145,CUS-1003,2024-01-01,298.29,36,North,Widget A
ORD-005146,nan,2024-01-01,939.24,10,  Central  ,Widget B
ORD-005147,CUS-1002,2024-01-01,1022.49,2,North,Widget B
ORD-005148,nan,not-a-date,1262.29,49,  Central  ,Widget B
ORD-005149,CUS-1001,2024-01-01,146.36,26,West,Widget A
ORD-005150,CUS-1002,01/02/2024,865.06,39,West,Widget A
ORD-005151,CUS-1001,2024-01-01,1525.92,35,West,Widget A
ORD-005152,CUS-1002,2024-06-30,-325.56,41,North,Widget B
ORD-005153,CUS-1001,01/02/2024,1090.98,33,East,Widget B
ORD-005154,CUS-1001,01/02/2024,1745.06,35,South,Widget A
ORD-005155,CUS-1001,2024-06-30,1511.99,25,South,Widget A
ORD-005156,CUS-1001,2024-06-30,1596.62,8,East,Widget A
ORD-005157,CUS-1002,01/02/2024,1588.01,39,East,Widget A
ORD-005158,CUS-1002,2024-03-15,1459.91,24,West,Widget A
ORD-005159,CUS-1001,01/02/2024,1713.91,29,East,Widget B
ORD-005160,nan,2024-01-01,202.79,15,North,Widget B
ORD-005161,nan,2024-01-01,1012.48,41,South,Widget B
ORD-005162,CUS-1001,2024-03-15,1652.62,38,West,Widget A
ORD-005163,CUS-1001,2024-03-15,227.52,29,West,Widget A
ORD-005164,CUS-1002,2024-01-01,318.84,9,South,Widget A
ORD-005165,CUS-1002,2024-01-01,809.2,22,North,Widget A
ORD-005166,CUS-1001,2024-03-15,1132.47,13,West,Gadget C
ORD-005167,CUS-1002,2024-01-01,1450.57,30,North,nan
ORD-005168,CUS-1001,01/02/2024,1126.05,4,  Central  ,Widget A
ORD-005169,CUS-1001,2024-03-15,441.1,21,South,Gadget C
ORD-005170,CUS-1002,2024-01-01,1697.31,49,East,Widget A
ORD-005171,CUS-1002,2024-01-01,537.31,11,North,Widget B
ORD-005172,CUS-1003,2024-01-01,1717.47,25,North,Widget A
ORD-005173,CUS-1001,2024-01-01,995.19,24,North,Widget B
ORD-005174,CUS-1001,01/02/2024,90.55,43,East,Gadget C
ORD-005175,CUS-1001,2024-03-15,964.31,47,East,Gadget C
ORD-005176,CUS-1001,not-a-date,-405.8,41,South,Gadget C
ORD-005177,CUS-1001,2024-01-01,1761.12,29,West,Widget A
ORD-005178,CUS-1002,2024-03-15,-218.58,21,North,Gadget C
ORD-005179,CUS-1002,2024-01-01,1982.96,36,  Central  ,Widget A
ORD-005180,CUS-1002,2024-03-15,767.67,3,East,Widget A
ORD-005181,CUS-1001,2024-01-01,498.95,33,South,Widget A
ORD-005182,CUS-1001,01/02/2024,892.29,16,East,Widget A
ORD-005183,CUS-1002,01/02/2024,-126.96,23,South,Widget B
ORD-005184,CUS-1001,2024-01-01,199.01,32,West,Widget B
ORD-005185,CUS-1003,2024-06-30,189.11,20,South,Widget A
ORD-005186,CUS-1001,2024-01-01,1252.35,15,East,Gadget C
ORD-005187,CUS-1002,2024-01-01,-11.47,10,West,Widget A
ORD-005188,nan,01/02/2024,1568.61,20,  Central  ,Gadget C
ORD-005189,CUS-1002,01/02/2024,534.75,1,North,Widget B
ORD-005190,CUS-1002,2024-01-01,872.55,43,East,Widget A
ORD-005191,CUS-1002,2024-01-01,1034.89,43,South,Widget B
ORD-005192,CUS-1001,2024-01-01,1885.28,34,South,Widget A
ORD-005193,CUS-1002,not-a-date,24.61,14,South,Widget A
ORD-005194,nan,01/02/2024,441.82,38,South,nan
ORD-005195,nan,2024-01-01,193.14,29,East,Widget A
ORD-005196,CUS-1002,2024-01-01,1982.72,13,North,Gadget C
ORD-005197,CUS-1001,2024-06-30,273.1,23,West,Gadget C
ORD-005198,CUS-1003,not-a-date,1648.16,4,West,Gadget C
ORD-005199,CUS-1002,2024-01-01,1044.92,6,North,Widget A
ORD-005200,CUS-1001,01/02/2024,1567.05,19,North,Gadget C
ORD-005201,CUS-1001,2024-01-01,610.41,2,South,Widget B
ORD-005202,CUS-1001,2024-01-01,956.17,43,East,Gadget C
ORD-005203,CUS-1002,not-a-date,1955.98,47,East,Widget A
ORD-005204,CUS-1001,not-a-date,199.45,17,North,Widget B
ORD-005205,CUS-1001,2024-01-01,1245.1,18,East,Widget A
ORD-005206,CUS-1001,not-a-date,1917.07,38,North,Widget B
ORD-005207,nan,2024-03-15,262.08,16,North,nan
ORD-005208,CUS-1001,2024-03-15,1681.68,39,South,Widget A
ORD-005209,CUS-1001,2024-03-15,559.48,5,West,Widget A
ORD-005210,CUS-1002,01/02/2024,409.32,27,West,Widget B
ORD-005211,CUS-1001,2024-06-30,341.32,1,North,Widget B
ORD-005212,nan,2024-01-01,1473.9,36,North,Widget A
ORD-005213,nan,01/02/2024,81.25,36,North,nan
ORD-005214,CUS-1001,2024-01-01,846.82,23,East,Widget A
ORD-005215,CUS-1002,2024-03-15,1396.9,44,North,Gadget C
ORD-005216,CUS-1001,2024-01-01,287.86,33,West,Widget A
ORD-005217,CUS-1001,2024-01-01,455.92,13,East,Widget B
ORD-005218,CUS-1001,2024-03-15,-30.82,29,West,Widget A
ORD-005219,CUS-1001,2024-01-01,61.95,22,South,Widget B
ORD-005220,CUS-1001,2024-01-01,918.45,35,East,Widget B
ORD-005221,CUS-1002,2024-01-01,998.55,31,South,Widget A
ORD-005222,CUS-1001,2024-03-15,1891.94,39,South,Widget A
ORD-005223,CUS-1001,2024-01-01,1458.87,9,North,Widget B
ORD-005224,CUS-1002,2024-01-01,1940.61,2,North,Widget A
ORD-005225,CUS-1002,01/02/2024,1516.24,19,North,Widget A
ORD-005226,CUS-1001,2024-06-30,1957.74,4,East,Widget A
ORD-005227,CUS-1001,2024-03-15,503.93,24,West,Widget B
ORD-005228,CUS-1001,2024-01-01,343.52,18,  Central  ,Widget A
ORD-005229,CUS-1001,not-a-date,-343.4,32,East,Widget B
ORD-005230,CUS-1003,2024-03-15,988.64,34,West,Gadget C
ORD-005231,nan,2024-03-15,1651.07,49,South,Widget A
ORD-005232,CUS-1001,01/02/2024,1087.48,1,West,Widget B
ORD-005233,CUS-1001,2024-01-01,1905.42,25,North,Widget B
ORD-005234,CUS-1002,2024-03-15,584.16,40,East,Widget A
ORD-005235,CUS-1002,01/02/2024,1162.04,13,South,Widget B
ORD-005236,CUS-1001,2024-01-01,1306.79,43,East,Widget A
ORD-005237,CUS-1001,2024-01-01,320.17,33,East,Widget B
ORD-005238,CUS-1002,2024-01-01,-39.16,25,West,Gadget C
ORD-005239,CUS-1002,01/02/2024,1282.41,6,North,Widget B
ORD-005240,CUS-1001,2024-01-01,391.9,28,West,Widget A
ORD-005241,CUS-1001,01/02/2024,832.89,1,South,Widget B
ORD-005242,CUS-1001,2024-03-15,1285.1,16,North,Gadget C
ORD-005243,CUS-1001,2024-01-01,1469.45,19,South,Widget B
ORD-005244,CUS-1002,2024-01-01,840.56,5,North,Widget B
ORD-005245,CUS-1002,2024-01-01,1447.75,4,East,Widget A
ORD-005246,CUS-1002,2024-01-01,528.75,44,North,Gadget C
ORD-005247,CUS-1001,2024-03-15,616.96,24,West,Widget A
ORD-005248,CUS-1001,01/02/2024,33.42,5,  Central  ,Widget B
ORD-005249,CUS-1003,not-a-date,980.24,17,East,Widget B
ORD-005250,CUS-1002,2024-06-30,384.79,30,East,Widget A
ORD-005251,CUS-1001,2024-01-01,1208.08,44,South,Gadget C
ORD-005252,CUS-1001,01/02/2024,1931.66,22,North,Widget B
ORD-005253,CUS-1003,2024-01-01,1999.3,9,South,Widget B
ORD-005254,CUS-1003,2024-01-01,755.07,24,South,Widget B
ORD-005255,CUS-1003,2024-01-01,-245.52,34,South,Gadget C
ORD-005256,CUS-1002,2024-01-01,1921.81,7,East,Widget B
ORD-005257,CUS-1002,01/02/2024,1051.61,31,East,Gadget C
ORD-005258,CUS-1002,01/02/2024,674.52,17,  Central  ,Widget B
ORD-005259,CUS-1001,2024-01-01,320.02,49,West,Gadget C
ORD-005260,CUS-1002,2024-01-01,360.37,22,West,Gadget C
ORD-005261,CUS-1002,01/02/2024,1709.64,28,  Central  ,nan
ORD-005262,CUS-1001,2024-03-15,525.4,35,South,Widget B
ORD-005263,nan,01/02/2024,548.62,40,  Central  ,Widget A
ORD-005264,CUS-1001,2024-01-01,1495.85,3,South,Gadget C
ORD-005265,CUS-1001,2024-01-01,1675.25,18,South,Widget B
ORD-005266,CUS-1001,2024-03-15,424.8,1,West,Widget B
ORD-005267,CUS-1003,2024-03-15,1380.37,4,West,Widget B
ORD-005268,nan,2024-01-01,898.72,24,South,Widget B
ORD-005269,CUS-1002,2024-01-01,560.72,20,East,Widget B
ORD-005270,nan,2024-01-01,1045.27,36,West,nan
ORD-005271,CUS-1003,01/02/2024,1557.2,33,North,Widget B
ORD-005272,CUS-1003,2024-01-01,207.99,46,West,Gadget C
ORD-005273,CUS-1003,01/02/2024,151.54,13,South,Widget B
ORD-005274,CUS-1001,2024-06-30,1824.35,27,  Central  ,Widget B
ORD-005275,CUS-1003,2024-01-01,1927.18,7,North,Widget B
ORD-005276,CUS-1002,2024-01-01,1061.84,21,East,nan
ORD-005277,CUS-1002,2024-01-01,295.79,6,West,Widget B
ORD-005278,CUS-1001,2024-01-01,166.33,45,North,Widget A
ORD-005279,CUS-1002,2024-06-30,320.43,26,West,Widget A
ORD-005280,nan,2024-06-30,572.43,4,South,Widget A
ORD-005281,CUS-1001,2024-01-01,1370.88,17,North,Widget B
ORD-005282,nan,2024-06-30,229.39,38,East,Widget A
ORD-005283,CUS-1001,2024-01-01,282.51,38,North,Gadget C
ORD-005284,CUS-1001,01/02/2024,1428.94,37,  Central  ,Widget A
ORD-005285,CUS-1001,01/02/2024,522.24,32,East,Gadget C
ORD-005286,CUS-1003,2024-01-01,439.95,49,West,Gadget C
ORD-005287,CUS-1002,01/02/2024,1169.47,46,East,nan
ORD-005288,CUS-1001,01/02/2024,166.79,20,  Central  ,Widget A
ORD-005289,CUS-1002,2024-01-01,1261.92,49,East,Widget B
ORD-005290,CUS-1001,2024-06-30,48.26,34,South,Gadget C
ORD-005291,CUS-1002,2024-01-01,-462.28,1,North,Gadget C
ORD-005292,CUS-1003,2024-01-01,906.49,37,South,Widget B
ORD-005293,CUS-1002,2024-06-30,1265.57,12,  Central  ,Widget A
ORD-005294,CUS-1003,2024-01-01,415.66,43,  Central  ,Widget A
ORD-005295,CUS-1002,2024-01-01,1759.6,12,North,Widget A
ORD-005296,nan,2024-01-01,-437.1,24,South,Gadget C
ORD-005297,CUS-1001,2024-01-01,-447.46,44,North,Gadget C
ORD-005298,CUS-1001,2024-01-01,552.1,39,East,Widget B
ORD-005299,CUS-1001,2024-01-01,229.86,7,South,nan
ORD-005300,CUS-1002,01/02/2024,-352.99,48,  Central  ,Widget B
ORD-005301,CUS-1002,2024-01-01,275.81,21,South,Widget B
ORD-005302,CUS-1002,not-a-date,604.39,26,East,Widget A
ORD-005303,CUS-1001,2024-06-30,-132.34,3,West,Widget B
ORD-005304,CUS-1001,2024-01-01,544.03,2,North,Widget A
ORD-005305,CUS-1002,2024-06-30,14.09,24,West,Widget A
ORD-005306,nan,not-a-date,422.13,18,East,Gadget C
ORD-005307,CUS-1001,2024-06-30,-478.67,2,  Central  ,Widget A
ORD-005308,CUS-1001,2024-03-15,418.75,5,  Central  ,Gadget C
ORD-005309,CUS-1001,2024-01-01,1530.51,36,East,Widget A
ORD-005310,CUS-1002,2024-01-01,837.62,29,West,Widget A
ORD-005311,CUS-1001,2024-06-30,171.23,26,  Central  ,Widget B
ORD-005312,CUS-1001,01/02/2024,1655.69,28,West,nan
ORD-005313,CUS-1002,not-a-date,1273.95,49,East,Widget A
ORD-005314,CUS-1001,2024-03-15,1228.13,23,North,Widget A
ORD-005315,CUS-1001,2024-01-01,308.94,49,South,Widget B
ORD-005316,CUS-1001,2024-01-01,1250.47,15,West,Gadget C
ORD-005317,nan,2024-06-30,1595.13,39,North,Widget A
ORD-005318,CUS-1001,2024-01-01,1992.78,31,West,Widget B
ORD-005319,CUS-1001,2024-03-15,1344.97,15,East,Widget A
ORD-005320,CUS-1001,2024-06-30,870.03,6,West,Widget A
ORD-005321,CUS-1002,2024-01-01,1639.56,6,South,Widget A
ORD-005322,CUS-1003,2024-01-01,110.26,33,South,Widget B
ORD-005323,CUS-1001,01/02/2024,844.38,8,  Central  ,Gadget C
ORD-005324,CUS-1001,2024-03-15,1467.08,31,East,Widget A
ORD-005325,CUS-1001,01/02/2024,725.29,34,East,Widget B
ORD-005326,CUS-1002,2024-01-01,127.25,37,  Central  ,Widget B
ORD-005327,nan,2024-01-01,230.77,7,South,Widget A
ORD-005328,CUS-1002,2024-01-01,342.71,7,North,Widget A
ORD-005329,CUS-1001,2024-01-01,1664.24,14,North,Gadget C
ORD-005330,CUS-1003,2024-01-01,1444.46,24,East,Widget A
ORD-005331,CUS-1002,2024-03-15,1530.09,5,West,Widget A
ORD-005332,CUS-1001,2024-01-01,1819.57,25,East,Widget A
ORD-005333,CUS-1001,2024-03-15,612.18,3,East,Widget B
ORD-005334,CUS-1001,2024-06-30,-11.21,7,East,Widget B
ORD-005335,CUS-1003,01/02/2024,735.51,20,North,nan
ORD-005336,CUS-1002,01/02/2024,1573.52,29,South,Widget B
ORD-005337,CUS-1002,2024-01-01,1394.83,21,West,Widget A
ORD-005338,CUS-1003,01/02/2024,1979.7,35,North,Widget A
ORD-005339,CUS-1001,2024-01-01,1516.57,10,East,Gadget C
ORD-005340,CUS-1001,2024-01-01,21.75,5,East,Widget B
ORD-005341,CUS-1001,01/02/2024,1402.62,46,West,Widget B
ORD-005342,CUS-1003,2024-01-01,212.27,22,West,Widget B
ORD-005343,CUS-1002,2024-01-01,1096.73,30,West,Widget A
ORD-005344,CUS-1001,01/02/2024,323.07,36,West,Widget B
ORD-005345,CUS-1001,2024-01-01,994.51,15,South,Widget A
ORD-005346,CUS-1002,2024-01-01,1587.32,4,North,Gadget C
ORD-005347,CUS-1002,2024-01-01,585.33,41,West,Gadget C
ORD-005348,CUS-1002,2024-01-01,313.85,34,West,Gadget C
ORD-005349,CUS-1001,01/02/2024,635.84,28,North,Widget A
ORD-005350,nan,01/02/2024,355.57,43,West,Widget A
ORD-005351,CUS-1003,2024-01-01,375.29,22,West,Widget B
ORD-005352,CUS-1002,01/02/2024,1397.48,3,East,Widget B
ORD-005353,CUS-1002,2024-06-30,1411.6,37,West,Widget B
ORD-005354,nan,01/02/2024,1062.99,40,  Central  ,Widget B
ORD-005355,nan,01/02/2024,511.92,18,North,Widget A
ORD-005356,CUS-1002,01/02/2024,1064.0,10,North,Widget A
ORD-005357,CUS-1001,not-a-date,1897.6,40,North,Widget B
ORD-005358,CUS-1001,2024-06-30,773.55,3,  Central  ,Gadget C
ORD-005359,CUS-1003,2024-01-01,852.89,1,North,Widget A
ORD-005360,CUS-1002,2024-01-01,993.58,41,East,Widget A
ORD-005361,CUS-1001,2024-01-01,365.04,13,North,Widget A
ORD-005362,CUS-1001,2024-03-15,496.98,39,East,Gadget C
ORD-005363,nan,2024-01-01,1384.98,26,South,Widget A
ORD-005364,nan,2024-06-30,331.53,46,North,Widget A
ORD-005365,nan,2024-01-01,1212.98,41,East,Widget B
ORD-005366,CUS-1002,01/02/2024,777.92,24,South,Widget A
ORD-005367,CUS-1003,2024-01-01,619.5,37,South,Widget A
ORD-005368,CUS-1003,2024-01-01,1104.0,8,  Central  ,Gadget C
ORD-005369,CUS-1001,2024-01-01,459.11,46,South,Widget B
ORD-005370,CUS-1001,2024-03-15,626.24,45,  Central  ,Widget B
ORD-005371,nan,2024-01-01,1053.83,13,West,Widget B
ORD-005372,CUS-1001,2024-01-01,1318.01,26,North,Widget B
ORD-005373,CUS-1002,2024-03-15,1674.34,46,South,Widget A
ORD-005374,CUS-1002,2024-06-30,1651.07,17,South,Gadget C
ORD-005375,CUS-1002,2024-03-15,1000.5,6,West,Widget A
ORD-005376,CUS-1001,2024-03-15,157.69,49,South,Widget A
ORD-005377,CUS-1002,2024-01-01,384.24,10,South,Widget A
ORD-005378,CUS-1001,2024-06-30,10.93,8,West,Widget B
ORD-005379,CUS-1003,2024-01-01,379.34,23,West,Widget B
ORD-005380,CUS-1001,2024-06-30,71.17,23,West,Widget B
ORD-005381,CUS-1002,2024-03-15,1432.32,11,South,Gadget C
ORD-005382,CUS-1003,2024-01-01,1096.85,44,West,Widget A
ORD-005383,CUS-1001,2024-01-01,81.1,2,East,Widget B
ORD-005384,CUS-1001,2024-03-15,1239.12,46,West,Widget A
ORD-005385,CUS-1003,01/02/2024,1630.16,32,West,Gadget C
ORD-005386,CUS-1001,01/02/2024,66.79,13,East,Widget B
ORD-005387,CUS-1001,2024-06-30,262.83,20,East,Widget A
ORD-005388,CUS-1002,01/02/2024,947.7,4,South,Widget A
ORD-005389,nan,2024-01-01,94.19,46,East,Widget A
ORD-005390,CUS-1002,01/02/2024,52.34,35,  Central  ,Widget A
ORD-005391,CUS-1001,2024-01-01,1169.01,49,  Central  ,Widget B
ORD-005392,nan,01/02/2024,1129.53,3,North,Widget A
ORD-005393,CUS-1002,2024-06-30,1615.24,46,South,Widget A
ORD-005394,CUS-1002,2024-01-01,165.02,41,North,Widget A
ORD-005395,CUS-1001,2024-03-15,1795.42,26,West,Widget A
ORD-005396,CUS-1001,2024-03-15,47.08,31,East,Widget A
ORD-005397,CUS-1001,2024-01-01,-153.97,16,West,Gadget C
ORD-005398,CUS-1002,2024-03-15,106.86,25,North,Gadget C
ORD-005399,CUS-1001,2024-03-15,496.08,47,East,Widget B
ORD-005400,CUS-1002,2024-01-01,1632.19,40,South,Widget B
ORD-005401,CUS-1001,2024-01-01,259.03,19,East,Gadget C
ORD-005402,CUS-1001,2024-01-01,411.74,27,West,Widget A
ORD-005403,CUS-1001,01/02/2024,1226.62,19,West,Gadget C
ORD-005404,CUS-1002,2024-01-01,53.11,18,North,Gadget C
ORD-005405,CUS-1002,2024-01-01,1208.82,32,West,Widget B
ORD-005406,CUS-1001,2024-06-30,-222.48,21,  Central  ,Widget A
ORD-005407,CUS-1001,2024-03-15,148.42,32,West,Widget B
ORD-005408,CUS-1001,2024-03-15,21.75,48,North,Widget A
ORD-005409,CUS-1003,2024-06-30,817.84,6,South,Gadget C
ORD-005410,CUS-1001,2024-01-01,1699.63,20,North,Widget B
ORD-005411,CUS-1003,2024-01-01,1871.03,10,  Central  ,Widget B
ORD-005412,CUS-1001,01/02/2024,1604.33,4,South,Gadget C
ORD-005413,CUS-1001,2024-01-01,1302.17,1,  Central  ,Widget A
ORD-005414,CUS-1002,2024-01-01,858.85,19,West,Widget B
ORD-005415,CUS-1002,2024-03-15,1580.06,5,South,Widget A
ORD-005416,CUS-1001,2024-01-01,1515.82,36,South,Widget B
ORD-005417,nan,01/02/2024,375.41,17,South,Widget A
ORD-005418,CUS-1001,01/02/2024,1434.4,11,South,Widget A
ORD-005419,CUS-1001,01/02/2024,1587.23,47,East,Widget A
ORD-005420,CUS-1001,2024-01-01,1802.74,31,North,Widget A
ORD-005421,CUS-1002,2024-01-01,-215.79,40,East,Gadget C
ORD-005422,CUS-1003,not-a-date,1467.46,38,West,Widget A
ORD-005423,CUS-1001,2024-06-30,1804.22,12,North,Gadget C
ORD-005424,nan,2024-01-01,396.61,31,South,Widget B
ORD-005425,CUS-1002,2024-01-01,1104.57,6,  Central  ,Gadget C
ORD-005426,nan,01/02/2024,1788.06,27,East,Gadget C
ORD-005427,CUS-1003,2024-01-01,1266.98,49,North,Widget A
ORD-005428,nan,2024-01-01,1863.37,11,South,Widget A
ORD-005429,CUS-1002,2024-01-01,110.35,36,North,Widget A
ORD-005430,CUS-1001,2024-01-01,435.77,3,North,Widget B
ORD-005431,CUS-1002,2024-01-01,450.48,26,West,Widget B
ORD-005432,CUS-1002,2024-01-01,166.28,7,North,Gadget C
ORD-005433,CUS-1002,2024-03-15,1249.22,48,South,Widget B
ORD-005434,CUS-1002,2024-01-01,808.89,22,North,Widget A
ORD-005435,CUS-1001,2024-01-01,492.51,47,West,Widget A
ORD-005436,CUS-1003,2024-01-01,1458.19,45,South,Gadget C
ORD-005437,CUS-1001,not-a-date,1355.58,6,South,Widget B
ORD-005438,nan,2024-01-01,88.04,25,North,Widget A
ORD-005439,CUS-1001,2024-01-01,884.61,32,  Central  ,Gadget C
ORD-005440,CUS-1001,01/02/2024,1443.24,22,West,Widget A
ORD-005441,CUS-1003,2024-03-15,215.71,34,West,Widget A
ORD-005442,CUS-1003,2024-03-15,1591.95,22,West,Widget A
ORD-005443,CUS-1002,2024-01-01,1235.94,43,  Central  ,Widget A
ORD-005444,nan,2024-01-01,1439.08,31,East,Widget A
ORD-005445,CUS-1001,2024-01-01,508.3,25,West,Widget B
ORD-005446,CUS-1003,01/02/2024,1497.92,42,West,Widget B
ORD-005447,CUS-1001,2024-01-01,355.66,34,South,nan
ORD-005448,CUS-1002,2024-01-01,1722.08,14,North,Widget A
ORD-005449,CUS-1002,2024-01-01,-242.81,18,East,Widget A
ORD-005450,CUS-1001,2024-06-30,543.77,5,West,Widget B
ORD-005451,CUS-1002,2024-01-01,1345.0,20,East,Widget B
ORD-005452,CUS-1002,2024-01-01,673.76,28,West,Widget B
ORD-005453,CUS-1001,2024-06-30,625.01,28,North,Widget A
ORD-005454,nan,2024-03-15,134.47,39,North,Widget A
ORD-005455,CUS-1002,01/02/2024,1642.01,11,South,Widget B
ORD-005456,CUS-1001,01/02/2024,924.13,20,East,Widget B
ORD-005457,CUS-1002,2024-01-01,792.17,39,North,Widget A
ORD-005458,CUS-1001,2024-03-15,498.62,36,North,Gadget C
ORD-005459,CUS-1001,2024-01-01,1114.9,25,  Central  ,Gadget C
ORD-005460,CUS-1002,2024-06-30,1123.57,39,West,Widget A
ORD-005461,CUS-1001,2024-01-01,14.68,42,South,Widget B
ORD-005462,CUS-1001,01/02/2024,180.35,21,North,Widget A
ORD-005463,CUS-1002,01/02/2024,1229.72,39,North,Gadget C
ORD-005464,CUS-1001,2024-01-01,575.1,11,South,Widget A
ORD-005465,CUS-1003,2024-01-01,1967.78,28,North,Gadget C
ORD-005466,CUS-1003,2024-03-15,504.68,13,North,Widget B
ORD-005467,CUS-1001,2024-01-01,312.58,34,West,Widget A
ORD-005468,CUS-1002,2024-06-30,98.83,18,South,Gadget C
ORD-005469,CUS-1001,2024-01-01,1376.17,42,West,Gadget C
ORD-005470,CUS-1002,01/02/2024,588.33,45,  Central  ,Widget B
ORD-005471,CUS-1001,01/02/2024,555.2,17,South,Widget B
ORD-005472,nan,2024-01-01,229.77,2,South,Widget B
ORD-005473,CUS-1001,01/02/2024,-120.01,36,East,Widget B
ORD-005474,CUS-1002,2024-03-15,468.42,45,  Central  ,Widget A
ORD-005475,CUS-1001,01/02/2024,799.27,46,West,Widget A
ORD-005476,CUS-1001,01/02/2024,1327.5,12,North,Gadget C
ORD-005477,CUS-1002,01/02/2024,211.38,2,West,Gadget C
ORD-005478,CUS-1002,2024-01-01,738.67,4,East,Widget A
ORD-005479,nan,2024-01-01,1984.9,25,South,Gadget C
ORD-005480,CUS-1001,2024-01-01,1365.43,14,North,Widget A
ORD-005481,CUS-1001,01/02/2024,1998.4,8,East,Widget B
ORD-005482,CUS-1001,2024-06-30,168.02,10,West,Widget A
ORD-005483,CUS-1001,2024-01-01,815.7,19,South,Widget A
ORD-005484,nan,01/02/2024,468.16,3,  Central  ,Widget B
ORD-005485,nan,2024-01-01,1883.71,41,North,Widget A
ORD-005486,nan,01/02/2024,1811.52,47,North,nan
ORD-005487,CUS-1001,2024-03-15,1142.34,10,East,nan
ORD-005488,CUS-1001,2024-03-15,621.19,29,North,Widget A
ORD-005489,CUS-1002,2024-03-15,1094.26,2,East,nan
ORD-005490,CUS-1001,2024-03-15,1743.53,5,South,nan
ORD-005491,CUS-1002,2024-01-01,1152.0,14,South,Widget A
ORD-005492,CUS-1001,01/02/2024,1532.88,42,South,Widget A
ORD-005493,CUS-1001,2024-01-01,1378.65,39,North,Widget B
ORD-005494,CUS-1003,2024-06-30,204.09,35,South,Widget A
ORD-005495,CUS-1001,2024-03-15,1518.16,6,South,Widget B
ORD-005496,nan,2024-01-01,425.09,11,West,Widget B
ORD-005497,CUS-1001,2024-01-01,1742.39,29,West,Gadget C
ORD-005498,CUS-1001,2024-01-01,626.2,19,South,Widget B
ORD-005499,CUS-1001,2024-06-30,1132.87,37,North,Widget B
ORD-005500,CUS-1001,2024-01-01,578.63,28,South,Widget B
ORD-005501,CUS-1002,01/02/2024,26.97,28,South,Gadget C
ORD-005502,CUS-1001,2024-01-01,1562.47,29,South,Widget A
ORD-005503,CUS-1002,01/02/2024,1432.59,46,East,Widget A
ORD-005504,CUS-1003,01/02/2024,1848.06,28,South,Widget A
ORD-005505,CUS-1001,2024-01-01,1149.28,38,South,Gadget C
ORD-005506,CUS-1001,2024-03-15,384.41,24,North,Widget A
ORD-005507,CUS-1001,2024-01-01,349.97,5,West,Widget B
ORD-005508,CUS-1003,2024-03-15,784.7,27,West,Widget A
ORD-005509,CUS-1002,2024-01-01,668.01,42,West,Widget A
ORD-005510,CUS-1001,01/02/2024,-158.62,38,North,Widget B
ORD-005511,CUS-1002,2024-01-01,457.67,27,West,Widget A
ORD-005512,CUS-1002,01/02/2024,1977.41,47,  Central  ,Widget B
ORD-005513,CUS-1001,2024-01-01,-59.34,48,West,Widget B
ORD-005514,CUS-1001,01/02/2024,1480.93,47,North,Gadget C
ORD-005515,nan,2024-01-01,1139.59,49,South,Gadget C
ORD-005516,CUS-1001,2024-01-01,1115.68,17,  Central  ,Widget A
ORD-005517,CUS-1001,2024-03-15,1230.54,9,East,Widget A
ORD-005518,CUS-1001,2024-01-01,1809.05,22,West,Widget A
ORD-005519,CUS-1002,2024-01-01,1353.55,13,South,nan
ORD-005520,CUS-1002,01/02/2024,549.03,8,South,Widget B
ORD-005521,CUS-1001,2024-01-01,545.8,33,South,Gadget C
ORD-005522,CUS-1002,not-a-date,1657.94,6,West,nan
ORD-005523,CUS-1002,2024-01-01,961.37,3,North,Gadget C
ORD-005524,CUS-1001,2024-06-30,1412.7,10,South,Widget A
ORD-005525,nan,not-a-date,758.07,20,West,Widget B
ORD-005526,CUS-1001,2024-01-01,1478.99,33,West,Widget A
ORD-005527,CUS-1001,2024-01-01,853.96,49,West,Widget A
ORD-005528,nan,01/02/2024,991.38,31,North,Widget A
ORD-005529,CUS-1003,2024-03-15,1857.59,26,East,Gadget C
ORD-005530,CUS-1001,2024-01-01,994.79,15,South,Widget B
ORD-005531,CUS-1003,2024-01-01,457.41,17,  Central  ,Widget B
ORD-005532,CUS-1002,2024-01-01,1067.54,31,East,Widget B
ORD-005533,CUS-1001,2024-03-15,27.0,10,  Central  ,Widget B
ORD-005534,CUS-1003,2024-03-15,565.09,4,North,Widget A
ORD-005535,CUS-1003,2024-01-01,1212.26,37,West,Gadget C
ORD-005536,CUS-1001,01/02/2024,151.19,49,South,Widget A
ORD-005537,CUS-1002,2024-03-15,916.24,46,South,Widget B
ORD-005538,CUS-1001,2024-06-30,1201.71,33,West,Widget A
ORD-005539,CUS-1001,2024-01-01,460.74,46,North,Widget B
ORD-005540,nan,2024-01-01,443.46,38,North,Widget B
ORD-005541,CUS-1002,2024-01-01,1340.9,4,North,Gadget C
ORD-005542,CUS-1002,01/02/2024,1948.65,20,East,Widget A
ORD-005543,CUS-1002,2024-01-01,621.62,4,East,Widget A
ORD-005544,CUS-1002,2024-01-01,423.36,13,  Central  ,Widget A
ORD-005545,CUS-1001,2024-03-15,1968.19,49,West,Widget B
ORD-005546,nan,01/02/2024,1670.96,41,East,Gadget C
ORD-005547,CUS-1002,2024-01-01,-470.95,47,East,Widget B
ORD-005548,CUS-1002,2024-01-01,101.73,24,South,Widget A
ORD-005549,CUS-1002,2024-01-01,1867.87,11,South,Widget A
ORD-005550,CUS-1001,2024-01-01,1678.28,19,West,Widget A
ORD-005551,CUS-1001,2024-01-01,606.37,10,South,Widget B
ORD-005552,CUS-1001,2024-01-01,1252.2,48,South,Gadget C
ORD-005553,CUS-1001,2024-01-01,352.61,29,West,nan
ORD-005554,CUS-1002,not-a-date,841.24,3,West,Widget A
ORD-005555,CUS-1003,not-a-date,1208.87,16,West,Widget A
ORD-005556,CUS-1001,2024-01-01,229.53,25,East,Widget A
ORD-005557,CUS-1001,01/02/2024,1933.31,36,South,Widget B
ORD-005558,CUS-1002,2024-01-01,1859.03,44,West,Widget B
ORD-005559,CUS-1001,2024-03-15,1736.07,11,West,Gadget C
ORD-005560,nan,not-a-date,265.83,35,East,Widget A
ORD-005561,CUS-1001,01/02/2024,1341.63,40,South,Gadget C
ORD-005562,CUS-1001,01/02/2024,1781.96,39,North,Widget B
ORD-005563,CUS-1001,2024-01-01,283.87,14,East,Widget A
ORD-005564,nan,2024-01-01,1298.12,17,East,nan
ORD-005565,CUS-1001,2024-01-01,416.32,7,East,Widget A
ORD-005566,CUS-1002,2024-01-01,1382.8,29,North,Widget A
ORD-005567,CUS-1001,01/02/2024,1298.57,17,East,Widget A
ORD-005568,CUS-1001,2024-01-01,1744.5,21,West,Widget B
ORD-005569,CUS-1003,2024-01-01,976.58,1,East,Widget B
ORD-005570,CUS-1001,01/02/2024,1520.14,47,South,Gadget C
ORD-005571,CUS-1001,2024-03-15,391.73,32,  Central  ,Widget A
ORD-005572,CUS-1002,01/02/2024,1288.83,12,East,Gadget C
ORD-005573,CUS-1003,01/02/2024,1754.91,4,West,Widget B
ORD-005574,CUS-1001,2024-03-15,-410.53,20,North,Widget A
ORD-005575,CUS-1001,2024-01-01,1758.39,8,North,nan
ORD-005576,nan,01/02/2024,1263.27,10,  Central  ,Gadget C
ORD-005577,CUS-1002,2024-01-01,1107.31,39,  Central  ,Widget A
ORD-005578,CUS-1003,2024-01-01,1830.94,3,North,Widget B
ORD-005579,CUS-1003,2024-06-30,653.57,25,  Central  ,Widget A
ORD-005580,CUS-1002,2024-01-01,1499.23,38,West,Widget B
ORD-005581,CUS-1001,2024-01-01,1389.17,30,South,Widget A
ORD-005582,CUS-1001,2024-01-01,1630.37,7,North,Widget A
ORD-005583,CUS-1002,2024-06-30,1000.28,14,East,Widget A
ORD-005584,CUS-1002,not-a-date,992.27,9,North,Widget A
ORD-005585,nan,2024-01-01,78.03,48,West,Widget A
ORD-005586,CUS-1002,01/02/2024,1863.49,34,West,Widget B
ORD-005587,CUS-1001,2024-01-01,780.75,49,East,Widget A
ORD-005588,CUS-1002,2024-03-15,1108.52,7,West,Widget A
ORD-005589,CUS-1002,2024-01-01,404.46,18,East,Widget A
ORD-005590,CUS-1002,2024-01-01,1236.26,18,East,Widget B
ORD-005591,CUS-1003,01/02/2024,698.77,39,South,Widget A
ORD-005592,CUS-1002,2024-06-30,1174.26,4,East,Gadget C
ORD-005593,CUS-1001,2024-01-01,1473.32,40,  Central  ,nan
ORD-005594,CUS-1002,2024-01-01,1223.88,23,North,Gadget C
ORD-005595,CUS-1002,2024-06-30,70.95,45,North,Widget A
ORD-005596,nan,2024-01-01,1614.1,17,East,Gadget C
ORD-005597,CUS-1001,2024-01-01,1126.13,43,  Central  ,Gadget C
ORD-005598,CUS-1002,01/02/2024,484.41,44,South,Widget A
ORD-005599,CUS-1002,2024-01-01,654.09,22,South,nan
ORD-005600,CUS-1002,2024-01-01,1623.97,45,  Central  ,nan
ORD-005601,CUS-1001,2024-01-01,1873.2,18,South,Widget B
ORD-005602,nan,2024-01-01,1628.79,33,South,Widget B
ORD-005603,nan,01/02/2024,-420.24,46,South,nan
ORD-005604,CUS-1002,2024-03-15,984.86,9,East,Widget A
ORD-005605,CUS-1002,2024-01-01,839.36,20,North,Gadget C
ORD-005606,CUS-1001,2024-03-15,1639.47,3,South,Gadget C
ORD-005607,CUS-1002,2024-01-01,795.2,26,East,Widget B
ORD-005608,CUS-1002,2024-01-01,1414.66,14,North,Widget A
ORD-005609,CUS-1002,01/02/2024,1229.96,5,South,Widget A
ORD-005610,CUS-1001,2024-01-01,314.23,45,South,nan
ORD-005611,CUS-1002,01/02/2024,624.25,15,North,Widget B
ORD-005612,CUS-1001,2024-01-01,432.81,36,  Central  ,Widget B
ORD-005613,CUS-1002,01/02/2024,259.7,8,South,Widget A
ORD-005614,CUS-1002,2024-06-30,846.16,14,South,Widget B
ORD-005615,CUS-1001,2024-01-01,404.84,5,East,Widget A
ORD-005616,CUS-1002,2024-06-30,152.2,35,North,nan
ORD-005617,CUS-1003,2024-01-01,-282.79,19,East,Widget B
ORD-005618,CUS-1002,2024-01-01,1241.59,45,North,Widget B
ORD-005619,CUS-1001,2024-01-01,1618.77,26,East,nan
ORD-005620,CUS-1002,2024-03-15,931.21,10,North,Gadget C
ORD-005621,CUS-1001,01/02/2024,-373.49,39,West,Widget B
ORD-005622,CUS-1002,2024-06-30,1304.41,43,West,Widget B
ORD-005623,CUS-1002,2024-03-15,1306.38,30,  Central  ,Gadget C
ORD-005624,CUS-1001,2024-01-01,1973.85,35,West,Gadget C
ORD-005625,CUS-1002,not-a-date,1221.85,41,East,Widget B
ORD-005626,CUS-1002,2024-06-30,1097.01,6,North,Widget A
ORD-005627,CUS-1003,2024-03-15,1734.8,12,North,Gadget C
ORD-005628,CUS-1001,01/02/2024,1245.69,39,North,Widget A
ORD-005629,CUS-1001,2024-03-15,921.7,39,West,Widget A
ORD-005630,CUS-1002,2024-01-01,1487.41,10,West,Widget A
ORD-005631,CUS-1001,2024-06-30,456.23,3,North,Gadget C
ORD-005632,CUS-1002,2024-06-30,1348.37,27,North,Widget A
ORD-005633,CUS-1001,01/02/2024,1536.78,14,North,Widget B
ORD-005634,CUS-1001,2024-01-01,1280.74,9,  Central  ,nan
ORD-005635,CUS-1002,2024-01-01,383.6,22,South,Widget A
ORD-005636,CUS-1001,2024-06-30,1034.86,14,West,Gadget C
ORD-005637,CUS-1002,not-a-date,1621.79,47,West,Widget A
ORD-005638,CUS-1001,2024-03-15,811.46,40,West,Widget A
ORD-005639,CUS-1002,2024-06-30,1856.26,5,East,Widget A
ORD-005640,CUS-1001,01/02/2024,105.83,48,North,Gadget C
ORD-005641,CUS-1003,not-a-date,1333.48,13,North,Widget B
ORD-005642,CUS-1003,2024-01-01,473.39,9,  Central  ,Gadget C
ORD-005643,CUS-1001,2024-01-01,1300.95,8,East,Widget A
ORD-005644,CUS-1002,01/02/2024,1899.2,19,East,Widget A
ORD-005645,CUS-1001,2024-01-01,1154.21,21,East,Widget B
ORD-005646,CUS-1002,2024-01-01,879.45,45,South,Widget A
ORD-005647,CUS-1001,2024-03-15,1718.72,17,West,Widget B
ORD-005648,CUS-1002,2024-01-01,932.57,34,West,nan
ORD-005649,CUS-1001,2024-03-15,1132.85,5,North,Widget B
ORD-005650,nan,2024-01-01,621.09,41,North,Widget B
ORD-005651,CUS-1002,2024-03-15,1103.18,24,North,Widget A
ORD-005652,CUS-1002,2024-01-01,1434.45,29,  Central  ,Widget B
ORD-005653,CUS-1001,2024-03-15,1023.49,24,East,Widget B
ORD-005654,CUS-1001,01/02/2024,429.58,37,West,Widget B
ORD-005655,CUS-1001,2024-01-01,49.09,31,North,Widget B
ORD-005656,nan,2024-01-01,-417.09,18,South,nan
ORD-005657,CUS-1003,2024-01-01,1702.01,42,North,Widget A
ORD-005658,CUS-1001,2024-01-01,1918.89,6,East,Widget A
ORD-005659,CUS-1002,2024-01-01,1129.22,48,South,Widget A
ORD-005660,CUS-1001,2024-01-01,1659.86,31,  Central  ,Widget A
ORD-005661,CUS-1001,2024-03-15,103.49,6,West,Widget A
ORD-005662,CUS-1002,2024-01-01,1708.64,25,North,Widget A
ORD-005663,CUS-1001,2024-01-01,581.53,17,North,Widget A
ORD-005664,CUS-1001,2024-01-01,359.16,3,North,Widget B
ORD-005665,CUS-1002,2024-01-01,561.4,48,North,Gadget C
ORD-005666,CUS-1001,01/02/2024,1001.06,43,  Central  ,Widget B
ORD-005667,nan,01/02/2024,1179.23,28,  Central  ,Gadget C
ORD-005668,CUS-1002,01/02/2024,23.85,7,South,Widget A
ORD-005669,CUS-1003,2024-01-01,692.58,20,North,Widget A
ORD-005670,CUS-1002,2024-01-01,1411.89,36,South,Widget A
ORD-005671,CUS-1003,2024-01-01,1503.12,22,East,Widget A
ORD-005672,CUS-1001,2024-03-15,476.42,27,South,Gadget C
ORD-005673,CUS-1002,2024-01-01,500.48,42,South,Widget B
ORD-005674,CUS-1002,2024-03-15,1362.54,9,North,Widget A
ORD-005675,nan,01/02/2024,1223.05,43,South,Widget B
ORD-005676,CUS-1001,01/02/2024,999.36,49,South,Widget A
ORD-005677,CUS-1002,01/02/2024,1097.61,15,North,Widget A
ORD-005678,CUS-1003,2024-06-30,1003.92,46,East,Widget A
ORD-005679,CUS-1001,2024-01-01,820.36,16,North,Widget B
ORD-005680,CUS-1003,2024-01-01,1577.87,35,South,Widget A
ORD-005681,CUS-1001,not-a-date,1778.28,35,West,Gadget C
ORD-005682,CUS-1001,01/02/2024,1283.29,46,East,Widget A
ORD-005683,CUS-1002,2024-01-01,546.79,4,  Central  ,Gadget C
ORD-005684,CUS-1002,2024-01-01,1949.11,30,South,Widget A
ORD-005685,CUS-1001,2024-01-01,185.56,42,North,Gadget C
ORD-005686,CUS-1001,2024-03-15,-153.0,5,East,Widget A
ORD-005687,CUS-1001,2024-01-01,1116.43,1,North,Widget A
ORD-005688,CUS-1003,2024-01-01,-253.72,4,North,Widget A
ORD-005689,nan,2024-01-01,-496.64,23,North,Widget A
ORD-005690,CUS-1002,2024-06-30,-408.04,28,East,Widget B
ORD-005691,CUS-1001,01/02/2024,454.37,39,South,Gadget C
ORD-005692,CUS-1002,2024-01-01,233.36,21,South,Widget A
ORD-005693,CUS-1003,2024-06-30,632.42,45,South,Widget A
ORD-005694,CUS-1002,2024-01-01,516.48,6,West,Widget A
ORD-005695,CUS-1001,2024-03-15,1072.07,31,North,Gadget C
ORD-005696,CUS-1001,2024-03-15,1715.9,23,East,Widget A
ORD-005697,nan,2024-01-01,176.36,27,  Central  ,Widget A
ORD-005698,CUS-1003,2024-03-15,1496.5,25,North,Widget A
ORD-005699,CUS-1001,2024-06-30,542.43,35,East,Widget A
ORD-005700,CUS-1003,2024-01-01,1285.76,36,East,Widget A
ORD-005701,CUS-1001,2024-01-01,1258.25,42,South,Gadget C
ORD-005702,CUS-1001,2024-03-15,1477.63,18,West,Widget A
ORD-005703,CUS-1003,2024-01-01,40.32,1,East,Gadget C
ORD-005704,CUS-1002,01/02/2024,12.74,8,West,Widget B
ORD-005705,CUS-1001,2024-01-01,345.78,30,North,Widget A
ORD-005706,nan,2024-03-15,1960.96,8,East,Widget A
ORD-005707,CUS-1003,2024-03-15,689.93,38,North,Widget A
ORD-005708,CUS-1001,2024-06-30,1254.25,1,North,Widget B
ORD-005709,CUS-1002,2024-01-01,622.94,46,South,Gadget C
ORD-005710,CUS-1003,2024-06-30,980.77,49,North,Widget A
ORD-005711,CUS-1002,01/02/2024,881.42,20,North,Widget A
ORD-005712,nan,01/02/2024,384.23,43,  Central  ,Gadget C
ORD-005713,CUS-1002,01/02/2024,722.87,45,West,Widget A
ORD-005714,CUS-1001,2024-01-01,389.38,40,North,Widget A
ORD-005715,CUS-1001,01/02/2024,566.56,31,North,Widget A
ORD-005716,CUS-1003,2024-01-01,840.4,11,South,Gadget C
ORD-005717,nan,2024-01-01,1593.13,17,North,Widget B
ORD-005718,CUS-1001,2024-03-15,400.88,18,South,Gadget C
ORD-005719,CUS-1001,2024-01-01,399.53,49,West,Widget B
ORD-005720,CUS-1003,2024-03-15,502.25,32,North,Widget A
ORD-005721,CUS-1001,2024-01-01,1580.79,3,West,Widget A
ORD-005722,CUS-1001,2024-01-01,502.15,8,  Central  ,Widget A
ORD-005723,nan,01/02/2024,1640.71,43,North,Widget A
ORD-005724,CUS-1003,2024-01-01,652.1,24,East,Widget B
ORD-005725,nan,2024-06-30,612.81,26,North,Gadget C
ORD-005726,CUS-1002,2024-06-30,762.77,46,East,Widget B
ORD-005727,CUS-1001,2024-01-01,901.77,29,North,Gadget C
ORD-005728,nan,2024-01-01,845.36,21,South,Gadget C
ORD-005729,CUS-1001,2024-01-01,794.8,41,South,Gadget C
ORD-005730,CUS-1001,2024-03-15,-493.74,17,  Central  ,Gadget C
ORD-005731,nan,2024-01-01,1389.31,46,North,Widget B
ORD-005732,CUS-1002,2024-06-30,1764.43,4,North,Widget A
ORD-005733,nan,2024-06-30,1788.32,44,North,Widget A
ORD-005734,CUS-1001,2024-01-01,859.6,6,North,Gadget C
ORD-005735,nan,01/02/2024,1552.66,23,East,Widget A
ORD-005736,CUS-1002,2024-01-01,946.81,11,  Central  ,Widget A
ORD-005737,CUS-1002,01/02/2024,1193.42,35,East,Widget A
ORD-005738,nan,2024-01-01,1471.67,23,East,Widget A
ORD-005739,CUS-1001,2024-03-15,1167.8,37,East,Gadget C
ORD-005740,CUS-1002,2024-01-01,1019.42,28,North,Gadget C
ORD-005741,CUS-1002,not-a-date,33.56,17,  Central  ,Widget A
ORD-005742,CUS-1003,2024-01-01,1939.83,36,  Central  ,Gadget C
ORD-005743,nan,01/02/2024,85.59,15,North,Widget B
ORD-005744,CUS-1002,2024-06-30,249.39,12,North,Widget A
ORD-005745,CUS-1001,2024-03-15,94.52,41,East,Widget A
ORD-005746,CUS-1001,01/02/2024,1256.14,49,  Central  ,Widget A
ORD-005747,nan,2024-01-01,612.24,27,East,Widget A
ORD-005748,nan,2024-01-01,1788.61,47,South,Widget B
ORD-005749,nan,2024-01-01,1189.47,11,South,Widget A
ORD-005750,CUS-1001,2024-06-30,1565.24,1,South,Gadget C
ORD-005751,CUS-1001,2024-01-01,298.98,44,  Central  ,Gadget C
ORD-005752,CUS-1003,2024-01-01,827.15,41,West,Widget A
ORD-005753,CUS-1003,2024-03-15,1252.65,25,West,Widget B
ORD-005754,CUS-1001,2024-01-01,383.68,42,North,Widget A
ORD-005755,CUS-1002,not-a-date,770.2,43,South,nan
ORD-005756,CUS-1001,2024-01-01,1511.37,18,West,Widget B
ORD-005757,CUS-1002,2024-01-01,1367.56,9,North,Gadget C
ORD-005758,CUS-1001,01/02/2024,1804.79,31,South,Gadget C
ORD-005759,CUS-1001,01/02/2024,1120.81,44,West,Gadget C
ORD-005760,CUS-1001,2024-06-30,421.65,29,East,Widget B
ORD-005761,nan,2024-01-01,1758.69,20,East,Widget B
ORD-005762,CUS-1002,2024-01-01,1924.43,12,South,Widget A
ORD-005763,nan,2024-01-01,976.36,15,North,Widget A
ORD-005764,CUS-1002,2024-01-01,178.1,38,West,Widget B
ORD-005765,CUS-1001,01/02/2024,513.28,19,North,Gadget C
ORD-005766,CUS-1001,2024-01-01,1506.79,25,East,Widget A
ORD-005767,CUS-1002,01/02/2024,10.46,30,East,Widget B
ORD-005768,CUS-1001,2024-06-30,596.58,15,South,Widget A
ORD-005769,CUS-1002,2024-01-01,744.29,15,West,Widget B
ORD-005770,CUS-1003,01/02/2024,1578.91,36,North,Widget A
ORD-005771,CUS-1003,2024-01-01,879.72,32,South,Widget B
ORD-005772,CUS-1001,2024-03-15,1055.84,39,West,Widget B
ORD-005773,CUS-1002,2024-01-01,1346.48,25,North,Widget A
ORD-005774,CUS-1001,01/02/2024,1572.0,1,  Central  ,Widget A
ORD-005775,CUS-1001,2024-01-01,-105.55,33,South,Widget A
ORD-005776,CUS-1002,2024-01-01,351.95,1,East,Widget A
ORD-005777,CUS-1002,2024-01-01,372.14,17,North,nan
ORD-005778,CUS-1002,2024-01-01,328.7,37,East,Widget A
ORD-005779,CUS-1001,not-a-date,237.74,13,North,Widget A
ORD-005780,nan,2024-01-01,887.38,43,South,Widget B
ORD-005781,nan,2024-06-30,374.4,34,  Central  ,Widget B
ORD-005782,CUS-1002,2024-01-01,1567.21,45,West,Gadget C
ORD-005783,CUS-1003,2024-01-01,10.11,26,East,Widget A
ORD-005784,CUS-1001,2024-01-01,1907.51,23,  Central  ,Widget B
ORD-005785,CUS-1002,2024-01-01,36.31,7,North,Gadget C
ORD-005786,CUS-1003,2024-03-15,657.41,45,North,Widget A
ORD-005787,CUS-1003,2024-01-01,1510.58,32,West,Widget A
ORD-005788,CUS-1003,not-a-date,1745.41,40,North,Widget A
ORD-005789,CUS-1002,2024-01-01,183.57,14,West,Widget A
ORD-005790,CUS-1003,2024-01-01,1604.15,11,East,Widget A
ORD-005791,CUS-1002,2024-01-01,1505.51,18,North,Widget A
ORD-005792,CUS-1001,01/02/2024,925.14,24,East,Widget B
ORD-005793,CUS-1001,01/02/2024,1257.55,42,South,Gadget C
ORD-005794,CUS-1003,2024-06-30,740.64,14,North,Gadget C
ORD-005795,CUS-1002,2024-01-01,630.54,10,West,nan
ORD-005796,CUS-1002,2024-01-01,75.75,6,South,Gadget C
ORD-005797,nan,2024-03-15,23.6,22,North,Widget B
ORD-005798,CUS-1002,01/02/2024,1057.06,6,East,Widget A
ORD-005799,CUS-1001,2024-03-15,33.06,5,South,Widget B
ORD-005800,CUS-1001,2024-01-01,254.46,18,South,nan
ORD-005801,CUS-1002,2024-03-15,202.08,23,East,Widget B
ORD-005802,CUS-1003,2024-01-01,1269.84,21,East,Widget B
ORD-005803,CUS-1002,2024-06-30,1341.21,46,North,Widget A
ORD-005804,CUS-1002,2024-01-01,1511.08,45,West,nan
ORD-005805,CUS-1002,2024-03-15,1946.65,28,South,Widget B
ORD-005806,CUS-1002,2024-01-01,1959.97,47,North,Widget B
ORD-005807,CUS-1003,2024-03-15,423.08,43,North,Gadget C
ORD-005808,CUS-1001,not-a-date,709.92,3,West,Widget A
ORD-005809,CUS-1003,not-a-date,1127.39,27,North,Widget A
ORD-005810,CUS-1002,2024-01-01,97.95,18,West,nan
ORD-005811,CUS-1001,2024-01-01,392.93,3,North,Widget A
ORD-005812,CUS-1002,2024-03-15,1708.62,33,West,Widget A
ORD-005813,CUS-1002,01/02/2024,822.22,25,  Central  ,Gadget C
ORD-005814,CUS-1002,01/02/2024,974.39,30,South,Widget A
ORD-005815,CUS-1003,2024-01-01,1475.7,12,North,Gadget C
ORD-005816,CUS-1001,2024-01-01,1619.39,42,North,Gadget C
ORD-005817,CUS-1001,2024-01-01,1731.16,22,  Central  ,Widget A
ORD-005818,CUS-1001,01/02/2024,1790.8,12,East,Widget A
ORD-005819,CUS-1001,2024-01-01,596.12,12,  Central  ,Widget A
ORD-005820,CUS-1002,2024-01-01,1301.61,14,South,Widget A
ORD-005821,CUS-1003,2024-03-15,-206.62,6,West,Widget A
ORD-005822,CUS-1002,01/02/2024,1938.1,43,  Central  ,Gadget C
ORD-005823,CUS-1001,not-a-date,542.6,11,South,Gadget C
ORD-005824,CUS-1001,2024-01-01,786.85,37,North,Widget A
ORD-005825,CUS-1001,2024-01-01,1862.06,20,South,Widget A
ORD-005826,CUS-1002,01/02/2024,1264.0,6,East,Widget A
ORD-005827,CUS-1001,2024-01-01,583.71,41,East,Gadget C
ORD-005828,CUS-1002,01/02/2024,181.67,40,  Central  ,Widget A
ORD-005829,CUS-1003,2024-01-01,982.52,38,West,Widget A
ORD-005830,CUS-1002,01/02/2024,1185.53,18,North,Widget A
ORD-005831,CUS-1001,2024-01-01,1340.11,2,  Central  ,Widget B
ORD-005832,CUS-1001,01/02/2024,337.7,39,West,Widget B
ORD-005833,CUS-1002,2024-03-15,1414.78,39,North,nan
ORD-005834,CUS-1002,2024-01-01,731.55,43,West,Widget A
ORD-005835,CUS-1001,2024-01-01,1888.58,2,North,Widget A
ORD-005836,CUS-1003,2024-01-01,1310.37,42,East,Widget A
ORD-005837,CUS-1002,2024-03-15,1836.96,4,West,Widget A
ORD-005838,CUS-1002,2024-01-01,69.96,2,North,Gadget C
ORD-005839,CUS-1001,2024-01-01,1807.71,38,West,Widget A
ORD-005840,CUS-1001,2024-03-15,1756.96,37,East,Widget B
ORD-005841,CUS-1001,01/02/2024,1026.47,20,East,Widget B
ORD-005842,CUS-1001,2024-03-15,1953.05,36,East,Widget A
ORD-005843,CUS-1002,2024-01-01,1500.95,16,North,Widget A
ORD-005844,CUS-1002,2024-06-30,-170.56,6,North,Gadget C
ORD-005845,nan,2024-01-01,1515.11,19,North,Widget A
ORD-005846,nan,2024-01-01,1831.22,44,North,Widget B
ORD-005847,CUS-1001,01/02/2024,402.32,26,South,nan
ORD-005848,CUS-1001,2024-01-01,402.01,36,East,Widget A
ORD-005849,CUS-1003,01/02/2024,1020.4,30,North,Widget B
ORD-005850,nan,2024-01-01,1461.25,33,West,Widget B
ORD-005851,CUS-1003,2024-01-01,537.35,33,West,Widget A
ORD-005852,CUS-1001,2024-03-15,839.72,6,North,Widget A
ORD-005853,CUS-1001,2024-01-01,353.11,5,North,Widget A
ORD-005854,CUS-1001,2024-03-15,1851.8,6,South,Widget A
ORD-005855,CUS-1003,01/02/2024,1491.38,9,East,Widget A
ORD-005856,CUS-1002,2024-01-01,-260.38,34,North,Widget B
ORD-005857,CUS-1002,2024-03-15,54.77,22,South,Widget A
ORD-005858,CUS-1002,not-a-date,1987.65,18,  Central  ,Gadget C
ORD-005859,CUS-1001,2024-03-15,798.21,43,East,Widget A
ORD-005860,CUS-1002,2024-01-01,1208.55,24,North,Widget B
ORD-005861,CUS-1001,01/02/2024,1896.22,38,East,Widget A
ORD-005862,CUS-1002,2024-06-30,1912.06,31,South,Widget B
ORD-005863,CUS-1002,01/02/2024,200.91,10,West,Gadget C
ORD-005864,CUS-1002,2024-01-01,1274.53,19,  Central  ,Widget A
ORD-005865,CUS-1001,2024-01-01,1985.73,15,North,Gadget C
ORD-005866,CUS-1003,01/02/2024,367.51,36,  Central  ,Widget B
ORD-005867,CUS-1002,2024-03-15,1329.02,19,West,Widget B
ORD-005868,CUS-1001,2024-06-30,1550.27,28,North,Widget B
ORD-005869,CUS-1001,2024-06-30,160.37,43,West,Widget A
ORD-005870,CUS-1002,2024-01-01,780.18,19,North,Widget A
ORD-005871,CUS-1001,01/02/2024,418.53,48,North,Widget A
ORD-005872,CUS-1001,2024-01-01,122.99,10,West,Widget B
ORD-005873,CUS-1001,2024-01-01,207.61,4,South,Gadget C
ORD-005874,CUS-1001,2024-01-01,690.14,10,  Central  ,Widget B
ORD-005875,CUS-1002,2024-06-30,1162.55,24,South,Widget A
ORD-005876,CUS-1002,2024-01-01,1907.7,2,East,Widget B
ORD-005877,CUS-1001,2024-01-01,-400.64,18,West,Widget A
ORD-005878,CUS-1002,2024-01-01,1746.06,16,West,Gadget C
ORD-005879,CUS-1001,2024-01-01,1545.16,16,North,Widget A
ORD-005880,CUS-1001,01/02/2024,90.98,10,North,Gadget C
ORD-005881,CUS-1001,2024-01-01,817.21,25,West,Widget B
ORD-005882,CUS-1003,2024-01-01,1560.91,14,South,Widget A
ORD-005883,nan,2024-01-01,1935.31,36,East,Widget B
ORD-005884,CUS-1002,2024-03-15,929.87,29,North,Widget A
ORD-005885,CUS-1001,2024-03-15,1405.54,29,East,Gadget C
ORD-005886,CUS-1001,2024-03-15,1990.71,38,North,Gadget C
ORD-005887,CUS-1001,2024-01-01,1249.79,21,West,Widget B
ORD-005888,CUS-1003,2024-01-01,1559.78,9,West,Widget A
ORD-005889,CUS-1001,2024-01-01,1932.97,36,East,Widget A
ORD-005890,nan,2024-06-30,1423.07,47,North,Widget B
ORD-005891,CUS-1002,2024-01-01,272.48,21,South,Widget A
ORD-005892,CUS-1002,2024-01-01,1958.43,36,North,Widget B
ORD-005893,CUS-1003,2024-06-30,1609.9,32,South,Gadget C
ORD-005894,CUS-1001,2024-06-30,536.53,3,South,Gadget C
ORD-005895,CUS-1003,2024-01-01,1974.77,9,South,Widget A
ORD-005896,CUS-1001,2024-03-15,168.49,34,  Central  ,Widget B
ORD-005897,CUS-1003,2024-01-01,1880.3,17,West,Widget A
ORD-005898,CUS-1002,2024-01-01,1683.82,13,South,Widget A
ORD-005899,CUS-1001,2024-01-01,557.16,28,West,Widget A
ORD-005900,CUS-1003,2024-06-30,1722.22,28,South,Widget B
ORD-005901,CUS-1001,2024-01-01,-432.16,45,South,Widget B
ORD-005902,CUS-1001,2024-03-15,1904.92,49,North,nan
ORD-005903,CUS-1003,2024-01-01,1213.61,1,West,Widget A
ORD-005904,CUS-1002,01/02/2024,1046.97,23,North,Widget B
ORD-005905,nan,01/02/2024,1982.17,36,North,Widget A
ORD-005906,CUS-1002,2024-03-15,62.46,17,South,Widget A
ORD-005907,CUS-1002,2024-06-30,1029.74,24,West,Gadget C
ORD-005908,CUS-1001,2024-03-15,1473.09,34,West,Widget A
ORD-005909,CUS-1001,2024-03-15,233.41,37,East,Widget A
ORD-005910,nan,2024-01-01,39.78,47,  Central  ,Widget A
ORD-005911,CUS-1001,2024-06-30,1234.28,6,South,Widget A
ORD-005912,CUS-1002,2024-01-01,682.67,22,East,Widget A
ORD-005913,CUS-1001,2024-01-01,968.79,29,  Central  ,Widget B
ORD-005914,CUS-1001,01/02/2024,1248.38,44,East,Widget B
ORD-005915,CUS-1002,2024-01-01,778.49,21,South,Widget B
ORD-005916,CUS-1003,01/02/2024,436.96,3,North,Widget B
ORD-005917,CUS-1003,2024-01-01,484.78,16,West,Widget B
ORD-005918,CUS-1003,2024-01-01,382.87,46,North,Widget A
ORD-005919,CUS-1001,2024-06-30,1434.83,2,South,Widget A
ORD-005920,CUS-1002,2024-06-30,277.24,47,West,nan
ORD-005921,CUS-1001,2024-01-01,1944.64,26,East,Widget B
ORD-005922,CUS-1002,2024-06-30,-130.6,11,West,Widget A
ORD-005923,CUS-1001,2024-01-01,614.18,17,West,Widget B
ORD-005924,CUS-1002,2024-01-01,1607.36,18,West,Widget B
ORD-005925,CUS-1001,2024-06-30,189.29,46,North,Widget A
ORD-005926,CUS-1003,01/02/2024,1180.08,40,North,Widget B
ORD-005927,CUS-1003,2024-03-15,-324.93,37,  Central  ,Widget A
ORD-005928,CUS-1003,2024-01-01,1931.2,1,South,nan
ORD-005929,CUS-1001,2024-01-01,445.77,5,West,Widget A
ORD-005930,nan,2024-01-01,151.23,44,East,Widget B
ORD-005931,CUS-1001,2024-06-30,1231.34,16,  Central  ,Widget A
ORD-005932,CUS-1001,2024-01-01,758.32,10,South,Gadget C
ORD-005933,CUS-1001,2024-01-01,1808.76,13,West,Widget B
ORD-005934,CUS-1001,2024-01-01,1830.81,33,South,Widget A
ORD-005935,CUS-1002,01/02/2024,1592.15,34,North,Widget A
ORD-005936,CUS-1001,2024-01-01,-429.15,14,South,Widget A
ORD-005937,CUS-1001,2024-03-15,1319.55,29,East,Widget B
ORD-005938,CUS-1002,01/02/2024,193.46,41,North,Widget A
ORD-005939,CUS-1003,2024-01-01,60.23,18,North,Gadget C
ORD-005940,CUS-1002,2024-01-01,402.4,7,  Central  ,Widget B
ORD-005941,CUS-1002,2024-01-01,993.96,11,East,Widget A
ORD-005942,CUS-1001,2024-03-15,907.68,49,West,Widget A
ORD-005943,CUS-1003,2024-03-15,-26.27,22,South,Gadget C
ORD-005944,CUS-1001,2024-01-01,-454.3,36,East,Widget A
ORD-005945,CUS-1001,01/02/2024,535.81,13,North,Widget A
ORD-005946,CUS-1001,2024-01-01,288.03,43,North,Widget A
ORD-005947,CUS-1002,not-a-date,1143.73,10,  Central  ,Widget A
ORD-005948,CUS-1001,2024-06-30,-415.96,6,North,Widget A
ORD-005949,CUS-1002,2024-03-15,433.71,40,South,Gadget C
ORD-005950,CUS-1001,2024-01-01,1267.35,31,  Central  ,Widget A
ORD-005951,CUS-1002,2024-01-01,1721.82,48,East,Widget B
ORD-005952,CUS-1002,2024-06-30,491.97,27,North,Gadget C
ORD-005953,CUS-1001,2024-01-01,1640.68,37,South,Widget B
ORD-005954,CUS-1002,01/02/2024,-359.94,26,South,Widget B
ORD-005955,CUS-1002,2024-06-30,1873.62,4,South,Widget B
ORD-005956,CUS-1002,2024-03-15,290.97,19,West,Widget A
ORD-005957,CUS-1001,01/02/2024,107.39,46,East,Widget B
ORD-005958,CUS-1002,01/02/2024,1455.89,47,West,nan
ORD-005959,CUS-1001,2024-06-30,770.27,23,South,Widget A
ORD-005960,CUS-1001,2024-01-01,363.69,43,East,Gadget C
ORD-005961,CUS-1001,2024-06-30,899.68,14,South,Widget B
ORD-005962,CUS-1002,2024-01-01,1089.94,16,West,nan
ORD-005963,CUS-1001,2024-03-15,331.92,38,West,Widget A
ORD-005964,CUS-1002,2024-06-30,85.33,4,South,Widget A
ORD-005965,CUS-1001,01/02/2024,1565.79,1,South,Widget A
ORD-005966,CUS-1003,2024-01-01,917.63,12,West,Widget A
ORD-005967,CUS-1001,2024-01-01,496.31,2,East,Widget B
ORD-005968,CUS-1002,2024-03-15,1910.84,28,East,Widget A
ORD-005969,CUS-1003,01/02/2024,1520.52,38,  Central  ,Widget B
ORD-005970,CUS-1001,2024-01-01,811.28,32,North,Widget B
ORD-005971,CUS-1001,not-a-date,552.97,8,East,Gadget C
ORD-005972,CUS-1002,2024-06-30,1461.12,42,North,Gadget C
ORD-005973,nan,not-a-date,1451.46,24,North,Widget A
ORD-005974,nan,01/02/2024,1769.15,15,East,Gadget C
ORD-005975,CUS-1001,2024-06-30,-487.0,26,North,Widget A
ORD-005976,CUS-1003,not-a-date,1262.93,8,North,Widget B
ORD-005977,CUS-1001,2024-01-01,570.68,49,North,Widget B
ORD-005978,CUS-1001,2024-06-30,1949.49,23,East,Widget A
ORD-005979,CUS-1002,01/02/2024,59.39,17,  Central  ,Gadget C
ORD-005980,CUS-1002,2024-06-30,980.01,34,East,Widget A
ORD-005981,CUS-1002,2024-03-15,1424.51,15,East,Widget B
ORD-005982,CUS-1003,01/02/2024,1505.01,38,South,Widget B
ORD-005983,CUS-1001,2024-01-01,1269.82,24,North,Widget A
ORD-005984,CUS-1002,2024-01-01,949.52,43,West,Widget A
ORD-005985,CUS-1001,2024-01-01,1819.77,24,North,Widget B
ORD-005986,CUS-1001,01/02/2024,1157.75,32,West,Widget A
ORD-005987,CUS-1001,not-a-date,1047.2,27,South,Widget A
ORD-005988,nan,2024-01-01,1715.66,48,South,Widget A
ORD-005989,CUS-1002,2024-01-01,891.96,44,East,Widget B
ORD-005990,CUS-1001,01/02/2024,1219.69,23,North,Widget A
ORD-005991,CUS-1002,2024-01-01,664.74,35,East,Widget B
ORD-005992,nan,2024-01-01,432.22,11,South,Widget B
ORD-005993,nan,2024-01-01,926.07,43,North,Widget B
ORD-005994,CUS-1002,01/02/2024,678.7,31,South,Gadget C
ORD-005995,CUS-1001,01/02/2024,85.09,19,West,Widget B
ORD-005996,CUS-1002,not-a-date,978.53,44,South,Widget A
ORD-005997,CUS-1003,2024-01-01,1315.91,38,  Central  ,nan
ORD-005998,CUS-1003,2024-01-01,113.49,9,North,Widget A
ORD-005999,CUS-1003,2024-03-15,1138.96,48,North,Widget B
ORD-006000,CUS-1002,2024-06-30,626.97,14,West,Widget A
ORD-006001,CUS-1001,2024-01-01,91.16,4,North,Widget B
ORD-006002,CUS-1002,not-a-date,202.81,18,North,Widget B
ORD-006003,CUS-1001,2024-03-15,1435.48,22,West,Widget A
ORD-006004,CUS-1001,2024-06-30,1082.88,4,North,Widget B
ORD-006005,CUS-1002,2024-01-01,1912.23,30,East,Widget B
ORD-006006,CUS-1002,2024-01-01,1366.35,22,North,Widget A
ORD-006007,CUS-1003,2024-01-01,1925.52,29,West,Widget B
ORD-006008,CUS-1003,2024-03-15,577.4,25,East,Widget A
ORD-006009,CUS-1003,not-a-date,1169.14,26,South,nan
ORD-006010,CUS-1003,2024-01-01,1121.69,8,South,Widget B
ORD-006011,CUS-1002,2024-01-01,1051.99,41,South,Widget A
ORD-006012,CUS-1001,2024-01-01,1795.85,31,South,Widget A
ORD-006013,CUS-1002,01/02/2024,-226.19,11,  Central  ,Widget A
ORD-006014,CUS-1001,2024-06-30,534.64,6,South,Widget B
ORD-006015,CUS-1001,2024-01-01,1406.91,48,North,Gadget C
ORD-006016,CUS-1001,01/02/2024,537.05,26,South,Widget B
ORD-006017,CUS-1003,01/02/2024,175.88,40,South,Gadget C
ORD-006018,CUS-1002,not-a-date,1181.39,24,South,Widget A
ORD-006019,nan,2024-03-15,283.58,15,South,Widget A
ORD-006020,nan,2024-01-01,1431.29,15,North,Gadget C
ORD-006021,nan,01/02/2024,882.01,2,West,Widget A
ORD-006022,CUS-1001,2024-03-15,1733.74,27,North,Gadget C
ORD-006023,CUS-1003,2024-06-30,815.42,36,North,Widget A
ORD-006024,CUS-1003,01/02/2024,798.43,6,West,Widget B
ORD-006025,CUS-1003,2024-01-01,863.43,2,South,Widget B
ORD-006026,CUS-1001,01/02/2024,1430.31,9,South,Gadget C
ORD-006027,CUS-1001,01/02/2024,318.81,24,East,Widget A
ORD-006028,nan,2024-01-01,689.2,26,East,Widget A
ORD-006029,CUS-1001,2024-06-30,543.08,29,South,Widget B
ORD-006030,CUS-1001,2024-01-01,782.04,42,West,Widget B
ORD-006031,CUS-1002,2024-06-30,1824.22,48,West,Widget A
ORD-006032,CUS-1001,2024-01-01,-41.18,44,South,Gadget C
ORD-006033,CUS-1001,2024-01-01,1011.51,16,North,Gadget C
ORD-006034,nan,01/02/2024,266.73,23,South,Widget A
ORD-006035,CUS-1003,01/02/2024,1156.77,36,North,Gadget C
ORD-006036,nan,not-a-date,1599.48,14,South,Gadget C
ORD-006037,CUS-1001,01/02/2024,728.28,47,South,Widget A
ORD-006038,CUS-1001,2024-01-01,1806.72,7,South,Gadget C
ORD-006039,CUS-1002,2024-06-30,709.42,23,North,Widget B
ORD-006040,CUS-1002,01/02/2024,329.31,37,East,Gadget C
ORD-006041,CUS-1001,2024-01-01,1657.17,6,East,Widget B
ORD-006042,CUS-1003,not-a-date,1135.52,49,East,Widget A
ORD-006043,nan,2024-01-01,1038.42,7,West,Widget B
ORD-006044,CUS-1002,2024-01-01,1852.12,13,North,Widget B
ORD-006045,CUS-1001,01/02/2024,1651.32,20,North,Widget B
ORD-006046,CUS-1001,01/02/2024,1985.55,32,South,Gadget C
ORD-006047,CUS-1001,01/02/2024,1386.4,16,South,Widget B
ORD-006048,CUS-1001,2024-06-30,1163.42,28,North,Widget A
ORD-006049,CUS-1002,2024-01-01,1082.29,16,South,Widget A
ORD-006050,CUS-1002,2024-06-30,718.42,18,North,Gadget C
ORD-006051,CUS-1002,2024-01-01,370.05,24,East,Gadget C
ORD-006052,CUS-1003,2024-01-01,1652.0,15,South,Gadget C
ORD-006053,CUS-1001,2024-01-01,23.2,27,East,Widget A
ORD-006054,CUS-1001,2024-01-01,1776.83,21,East,Widget A
ORD-006055,CUS-1001,2024-01-01,532.33,14,South,Widget A
ORD-006056,CUS-1001,not-a-date,486.41,20,West,Gadget C
ORD-006057,CUS-1002,2024-03-15,24.05,22,North,Widget A
ORD-006058,CUS-1003,2024-03-15,726.39,24,East,Gadget C
ORD-006059,nan,2024-01-01,186.73,32,East,Gadget C
ORD-006060,CUS-1002,not-a-date,377.24,15,North,Gadget C
ORD-006061,CUS-1001,2024-01-01,-94.19,28,North,Widget A
ORD-006062,CUS-1001,2024-03-15,836.51,22,North,nan
ORD-006063,CUS-1001,2024-03-15,31.77,37,East,Widget A
ORD-006064,CUS-1001,2024-01-01,640.59,31,South,Widget A
ORD-006065,CUS-1003,01/02/2024,22.2,14,  Central  ,Widget B
ORD-006066,CUS-1002,2024-06-30,-468.99,11,East,Gadget C
ORD-006067,CUS-1001,2024-01-01,-96.02,19,North,Widget B
ORD-006068,CUS-1001,2024-03-15,713.02,18,South,Widget B
ORD-006069,CUS-1001,2024-06-30,488.49,28,North,Gadget C
ORD-006070,nan,2024-01-01,222.77,13,East,nan
ORD-006071,CUS-1001,2024-01-01,1413.33,45,  Central  ,Gadget C
ORD-006072,CUS-1001,2024-01-01,249.67,41,West,Gadget C
ORD-006073,CUS-1001,2024-03-15,1342.39,30,South,Widget A
ORD-006074,CUS-1003,2024-01-01,524.12,33,North,Widget B
ORD-006075,CUS-1002,2024-01-01,1461.3,15,West,Widget B
ORD-006076,CUS-1002,2024-01-01,792.55,28,North,Widget B
ORD-006077,CUS-1001,2024-06-30,282.31,2,West,Gadget C
ORD-006078,CUS-1001,not-a-date,561.99,7,North,nan
ORD-006079,CUS-1003,01/02/2024,1383.22,26,South,Widget A
ORD-006080,CUS-1001,2024-06-30,1373.33,5,North,Gadget C
ORD-006081,CUS-1001,01/02/2024,1198.54,47,North,Widget B
ORD-006082,CUS-1002,2024-06-30,653.26,37,North,Widget B
ORD-006083,CUS-1001,2024-01-01,1274.16,33,East,Widget B
ORD-006084,CUS-1001,2024-01-01,94.0,44,South,Widget B
ORD-006085,CUS-1003,not-a-date,1212.5,21,East,Widget B
ORD-006086,CUS-1002,2024-01-01,1564.75,43,North,Widget B
ORD-006087,CUS-1001,2024-01-01,285.04,4,West,nan
ORD-006088,CUS-1001,2024-03-15,1634.8,40,North,Widget A
ORD-006089,CUS-1002,01/02/2024,1810.96,6,West,Widget A
ORD-006090,CUS-1001,2024-01-01,1918.45,7,South,Widget B
ORD-006091,CUS-1001,2024-01-01,69.78,37,South,Widget A
ORD-006092,CUS-1002,2024-01-01,1792.3,35,East,Widget A
ORD-006093,CUS-1002,2024-01-01,136.26,16,East,Widget A
ORD-006094,nan,2024-01-01,765.05,8,East,Gadget C
ORD-006095,CUS-1001,01/02/2024,1101.27,15,South,Widget A
ORD-006096,CUS-1001,2024-03-15,451.21,23,South,Widget A
ORD-006097,CUS-1002,2024-01-01,695.71,12,North,Widget B
ORD-006098,CUS-1002,2024-01-01,1817.06,46,North,Widget A
ORD-006099,CUS-1001,01/02/2024,358.41,44,West,Widget A
ORD-006100,CUS-1002,2024-01-01,1082.2,20,East,Gadget C
ORD-006101,CUS-1001,2024-01-01,1655.7,15,South,Widget A
ORD-006102,CUS-1003,2024-01-01,489.8,10,West,Gadget C
ORD-006103,CUS-1003,01/02/2024,1870.8,9,West,Gadget C
ORD-006104,CUS-1002,2024-01-01,1960.42,5,East,Widget A
ORD-006105,nan,2024-01-01,539.51,18,  Central  ,Widget B
ORD-006106,nan,01/02/2024,951.27,44,South,Widget A
ORD-006107,CUS-1001,2024-03-15,32.33,35,South,Widget A
ORD-006108,CUS-1001,2024-03-15,1921.91,3,North,Widget B
ORD-006109,CUS-1002,2024-06-30,283.22,21,North,Widget B
ORD-006110,CUS-1001,01/02/2024,861.33,17,West,Gadget C
ORD-006111,CUS-1001,2024-01-01,-359.67,38,East,Widget B
ORD-006112,CUS-1001,2024-01-01,1304.59,26,North,Widget B
ORD-006113,nan,2024-01-01,1308.59,34,East,Gadget C
ORD-006114,CUS-1001,2024-01-01,44.07,4,North,Widget A
ORD-006115,CUS-1003,2024-01-01,1471.02,18,South,Widget A
ORD-006116,CUS-1001,2024-01-01,1494.55,18,  Central  ,Widget B
ORD-006117,CUS-1001,2024-03-15,1095.28,43,South,Gadget C
ORD-006118,CUS-1003,01/02/2024,1465.42,38,East,Gadget C
ORD-006119,CUS-1001,2024-01-01,11.19,4,North,Gadget C
ORD-006120,CUS-1001,01/02/2024,340.77,9,South,Widget B
ORD-006121,CUS-1001,2024-01-01,157.74,37,South,Widget A
ORD-006122,CUS-1002,01/02/2024,632.63,18,West,Widget A
ORD-006123,CUS-1001,01/02/2024,415.17,25,North,Widget B
ORD-006124,CUS-1001,2024-01-01,380.3,19,South,Widget B
ORD-006125,CUS-1001,2024-01-01,844.95,16,North,Widget A
ORD-006126,CUS-1001,2024-06-30,1251.02,7,South,Widget B
ORD-006127,CUS-1001,01/02/2024,1091.4,21,South,nan
ORD-006128,CUS-1002,01/02/2024,1675.46,40,North,Widget A
ORD-006129,CUS-1001,2024-01-01,793.67,29,South,Widget A
ORD-006130,CUS-1001,2024-01-01,821.43,9,South,Widget B
ORD-006131,CUS-1002,2024-01-01,31.32,14,South,Gadget C
ORD-006132,CUS-1002,2024-06-30,1522.82,35,  Central  ,Widget A
ORD-006133,CUS-1001,2024-01-01,1208.47,30,North,Gadget C
ORD-006134,CUS-1001,2024-01-01,260.35,49,West,Widget A
ORD-006135,CUS-1001,2024-06-30,391.39,26,East,Widget A
ORD-006136,nan,2024-01-01,350.59,47,South,Widget A
ORD-006137,CUS-1001,2024-01-01,820.98,38,East,Gadget C
ORD-006138,CUS-1001,01/02/2024,85.63,43,North,Widget A
ORD-006139,CUS-1002,2024-01-01,1559.54,9,  Central  ,Widget A
ORD-006140,CUS-1001,2024-06-30,643.11,20,West,Gadget C
ORD-006141,CUS-1001,2024-01-01,1838.21,18,West,Gadget C
ORD-006142,CUS-1001,2024-03-15,550.52,5,  Central  ,Widget A
ORD-006143,CUS-1002,2024-01-01,739.04,26,  Central  ,nan
ORD-006144,CUS-1002,2024-03-15,1842.75,3,North,Gadget C
ORD-006145,CUS-1002,2024-03-15,345.24,36,West,Widget A
ORD-006146,CUS-1003,2024-03-15,1692.89,14,West,Widget A
ORD-006147,CUS-1001,not-a-date,311.39,17,South,Widget A
ORD-006148,nan,2024-03-15,-213.34,13,East,Widget B
ORD-006149,CUS-1002,2024-01-01,1749.24,15,East,Widget A
ORD-006150,CUS-1003,2024-01-01,327.91,23,East,Widget B
ORD-006151,CUS-1002,2024-01-01,84.52,44,South,Gadget C
ORD-006152,CUS-1001,2024-01-01,486.36,7,East,Widget B
ORD-006153,CUS-1001,2024-01-01,531.63,6,West,Widget A
ORD-006154,CUS-1002,2024-03-15,820.11,16,  Central  ,Widget A
ORD-006155,CUS-1001,2024-03-15,1490.13,36,East,Widget B
ORD-006156,CUS-1002,2024-06-30,105.39,37,  Central  ,Widget B
ORD-006157,CUS-1001,2024-01-01,1148.04,40,  Central  ,Widget A
ORD-006158,CUS-1001,2024-03-15,-99.02,34,East,Widget B
ORD-006159,nan,2024-03-15,1616.3,13,South,Widget A
ORD-006160,CUS-1002,2024-06-30,1933.49,33,East,Widget A
ORD-006161,CUS-1002,2024-03-15,1652.47,22,  Central  ,Widget B
ORD-006162,CUS-1001,2024-01-01,-212.64,34,North,Widget B
ORD-006163,CUS-1002,2024-01-01,-150.19,26,West,Widget A
ORD-006164,nan,2024-06-30,1443.94,46,  Central  ,Gadget C
ORD-006165,CUS-1002,2024-03-15,431.36,38,West,Widget A
ORD-006166,CUS-1002,2024-03-15,501.55,49,  Central  ,Widget A
ORD-006167,CUS-1002,2024-03-15,1699.85,43,West,Widget A
ORD-006168,CUS-1001,2024-03-15,928.6,25,  Central  ,Widget B
ORD-006169,CUS-1002,2024-03-15,799.74,20,  Central  ,Widget B
ORD-006170,nan,2024-06-30,943.95,14,East,Widget A
ORD-006171,CUS-1002,2024-06-30,520.8,18,East,Widget A
ORD-006172,CUS-1001,2024-01-01,184.18,10,West,nan
ORD-006173,CUS-1002,2024-01-01,1954.62,18,West,Widget A
ORD-006174,CUS-1002,2024-01-01,590.97,43,East,Widget A
ORD-006175,nan,2024-01-01,1028.99,10,West,Widget B
ORD-006176,CUS-1002,2024-03-15,126.73,43,North,Widget A
ORD-006177,CUS-1001,2024-03-15,306.91,3,  Central  ,Widget B
ORD-006178,CUS-1001,2024-01-01,213.27,9,South,Widget B
ORD-006179,CUS-1002,2024-01-01,111.75,44,North,Widget B
ORD-006180,CUS-1001,01/02/2024,1305.45,26,South,Widget A
ORD-006181,CUS-1002,2024-03-15,43.67,16,East,Widget B
ORD-006182,CUS-1003,01/02/2024,-266.94,10,  Central  ,Widget B
ORD-006183,CUS-1002,2024-01-01,1333.31,1,East,Widget A
ORD-006184,CUS-1001,2024-01-01,732.57,11,North,Widget A
ORD-006185,CUS-1002,01/02/2024,308.87,8,North,Widget A
ORD-006186,CUS-1002,01/02/2024,454.53,34,South,Widget B
ORD-006187,CUS-1001,2024-03-15,315.7,47,West,Widget B
ORD-006188,CUS-1002,2024-06-30,597.83,13,South,Widget B
ORD-006189,CUS-1002,2024-01-01,718.95,3,  Central  ,Widget A
ORD-006190,CUS-1003,2024-01-01,799.33,49,North,nan
ORD-006191,CUS-1001,2024-01-01,453.94,34,East,Widget B
ORD-006192,CUS-1001,2024-01-01,476.06,20,  Central  ,Widget A
ORD-006193,CUS-1002,2024-01-01,1282.39,39,South,Widget A
ORD-006194,CUS-1001,2024-01-01,55.87,35,East,Gadget C
ORD-006195,CUS-1001,2024-01-01,888.49,37,South,Widget A
ORD-006196,CUS-1003,2024-03-15,1859.08,9,West,Widget A
ORD-006197,CUS-1001,2024-01-01,1525.26,17,  Central  ,Gadget C
ORD-006198,CUS-1002,2024-03-15,672.48,26,South,Gadget C
ORD-006199,nan,2024-01-01,1101.53,32,  Central  ,Widget A
ORD-006200,CUS-1002,2024-01-01,1964.05,28,North,Widget A
ORD-006201,CUS-1002,2024-01-01,1435.49,14,East,Widget B
ORD-006202,CUS-1002,2024-01-01,1183.37,19,South,Widget A
ORD-006203,CUS-1001,2024-01-01,1122.91,21,North,Gadget C
ORD-006204,CUS-1001,2024-03-15,1789.56,4,East,Gadget C
ORD-006205,CUS-1002,2024-06-30,397.63,41,East,Gadget C
ORD-006206,CUS-1001,2024-01-01,1161.58,32,East,Widget A
ORD-006207,CUS-1001,2024-01-01,706.83,30,West,Gadget C
ORD-006208,CUS-1001,2024-01-01,941.68,38,South,Widget B
ORD-006209,CUS-1003,2024-03-15,89.43,23,South,Widget A
ORD-006210,CUS-1001,2024-01-01,1588.5,29,West,Widget B
ORD-006211,CUS-1002,2024-01-01,376.74,34,West,Gadget C
ORD-006212,CUS-1001,not-a-date,1129.78,32,East,Widget A
ORD-006213,CUS-1002,not-a-date,-484.11,37,East,Widget B
ORD-006214,CUS-1001,01/02/2024,522.35,4,East,Widget A
ORD-006215,CUS-1001,2024-01-01,662.19,46,East,Widget B
ORD-006216,CUS-1002,2024-01-01,818.17,26,South,Widget B
ORD-006217,CUS-1002,2024-01-01,1092.52,38,West,Widget A
ORD-006218,CUS-1001,01/02/2024,467.92,2,West,Widget A
ORD-006219,CUS-1002,2024-03-15,1479.48,24,West,Gadget C
ORD-006220,CUS-1002,2024-01-01,1263.11,23,  Central  ,Widget A
ORD-006221,CUS-1001,not-a-date,195.53,11,East,Widget A
ORD-006222,CUS-1002,2024-01-01,1024.15,44,  Central  ,Gadget C
ORD-006223,CUS-1001,2024-03-15,726.01,24,South,Gadget C
ORD-006224,CUS-1002,2024-01-01,707.74,44,  Central  ,Widget B
ORD-006225,CUS-1001,2024-01-01,1966.34,22,East,Widget A
ORD-006226,CUS-1002,2024-01-01,816.9,30,East,Widget A
ORD-006227,CUS-1001,2024-03-15,57.72,30,West,Widget A
ORD-006228,CUS-1002,2024-01-01,716.31,32,  Central  ,Gadget C
ORD-006229,CUS-1002,2024-01-01,1203.15,31,North,Widget B
ORD-006230,nan,2024-03-15,1060.28,40,North,Widget A
ORD-006231,CUS-1002,2024-03-15,163.4,11,West,Gadget C
ORD-006232,CUS-1003,01/02/2024,344.69,36,South,Widget B
ORD-006233,CUS-1001,01/02/2024,1541.04,40,North,Widget A
ORD-006234,CUS-1001,01/02/2024,24.41,41,North,Widget A
ORD-006235,CUS-1001,01/02/2024,468.76,21,South,Widget A
ORD-006236,CUS-1002,2024-01-01,-338.39,21,West,Widget B
ORD-006237,CUS-1002,2024-01-01,-99.6,39,North,Widget A
ORD-006238,CUS-1003,2024-01-01,498.6,26,East,Widget A
ORD-006239,CUS-1002,2024-01-01,396.08,1,North,nan
ORD-006240,CUS-1002,2024-01-01,838.88,37,East,Widget B
ORD-006241,CUS-1001,2024-01-01,1294.68,38,  Central  ,Gadget C
ORD-006242,CUS-1001,2024-01-01,350.38,26,South,Widget A
ORD-006243,CUS-1003,2024-03-15,1498.41,27,  Central  ,nan
ORD-006244,CUS-1001,2024-03-15,93.44,26,West,Widget B
ORD-006245,CUS-1001,01/02/2024,396.05,21,South,Widget A
ORD-006246,nan,2024-06-30,1184.65,35,North,Gadget C
ORD-006247,nan,2024-01-01,1415.31,7,South,Widget A
ORD-006248,CUS-1002,2024-01-01,1347.71,15,  Central  ,Gadget C
ORD-006249,CUS-1001,2024-01-01,531.01,44,South,Widget B
ORD-006250,CUS-1003,01/02/2024,-317.18,40,South,Widget B
ORD-006251,CUS-1001,2024-01-01,84.88,3,North,Gadget C
ORD-006252,CUS-1002,not-a-date,10.94,9,North,Widget A
ORD-006253,CUS-1001,2024-01-01,838.8,6,  Central  ,Widget B
ORD-006254,nan,2024-01-01,1091.27,47,  Central  ,Widget B
ORD-006255,nan,01/02/2024,1644.04,42,South,Widget A
ORD-006256,CUS-1002,2024-01-01,1925.71,29,West,Widget A
ORD-006257,CUS-1001,2024-03-15,1202.3,34,East,Widget A
ORD-006258,CUS-1002,01/02/2024,1634.94,31,South,Widget A
ORD-006259,CUS-1001,2024-03-15,269.65,42,West,Widget B
ORD-006260,nan,01/02/2024,1635.16,46,West,nan
ORD-006261,CUS-1001,2024-01-01,514.25,48,West,Widget B
ORD-006262,CUS-1001,2024-01-01,825.41,17,East,Widget B
ORD-006263,CUS-1002,2024-03-15,52.44,17,East,Widget B
ORD-006264,CUS-1002,2024-01-01,941.41,6,West,Widget A
ORD-006265,CUS-1003,2024-01-01,1306.08,40,West,Gadget C
ORD-006266,CUS-1001,2024-01-01,511.59,21,  Central  ,Gadget C
ORD-006267,CUS-1003,01/02/2024,1619.26,2,West,Widget A
ORD-006268,CUS-1001,2024-01-01,1853.13,41,North,Widget A
ORD-006269,CUS-1001,2024-06-30,1145.65,45,West,Widget B
ORD-006270,CUS-1002,2024-01-01,495.68,42,North,Widget B
ORD-006271,CUS-1001,2024-01-01,1413.49,32,West,Widget A
ORD-006272,CUS-1002,2024-01-01,596.27,43,North,Widget A
ORD-006273,CUS-1001,2024-01-01,333.96,45,South,Widget A
ORD-006274,CUS-1001,2024-01-01,577.53,27,South,Widget A
ORD-006275,CUS-1002,2024-03-15,883.63,28,  Central  ,Widget A
ORD-006276,CUS-1001,2024-01-01,459.12,16,  Central  ,Widget B
ORD-006277,CUS-1002,2024-01-01,681.16,31,East,Gadget C
ORD-006278,CUS-1002,2024-01-01,797.29,49,East,Widget B
ORD-006279,CUS-1001,2024-01-01,-377.75,46,East,Widget A
ORD-006280,CUS-1003,2024-06-30,-227.81,42,East,Widget A
ORD-006281,CUS-1001,2024-01-01,1651.55,15,North,nan
ORD-006282,CUS-1001,2024-03-15,394.51,38,South,Widget A
ORD-006283,CUS-1001,2024-01-01,1621.41,17,East,Gadget C
ORD-006284,CUS-1003,2024-01-01,1284.67,1,North,Widget B
ORD-006285,CUS-1002,2024-03-15,-85.03,42,East,Widget A
ORD-006286,CUS-1002,2024-01-01,758.25,15,  Central  ,Widget A
ORD-006287,nan,not-a-date,697.54,48,West,Widget B
ORD-006288,CUS-1001,2024-01-01,875.94,27,East,Widget A
ORD-006289,nan,2024-01-01,1691.24,33,South,Gadget C
ORD-006290,CUS-1002,2024-06-30,829.1,29,South,Widget A
ORD-006291,nan,2024-01-01,118.78,22,North,Widget A
ORD-006292,nan,2024-06-30,1477.29,45,North,Widget A
ORD-006293,nan,2024-06-30,1576.18,6,  Central  ,Widget B
ORD-006294,CUS-1001,2024-01-01,1148.84,8,  Central  ,nan
ORD-006295,CUS-1003,2024-01-01,955.5,30,East,Gadget C
ORD-006296,CUS-1003,2024-03-15,1546.49,48,East,Widget A
ORD-006297,CUS-1002,2024-01-01,53.94,41,South,Widget B
ORD-006298,CUS-1001,2024-03-15,1172.56,35,South,Gadget C
ORD-006299,nan,2024-01-01,1904.36,6,North,Gadget C
ORD-006300,CUS-1001,2024-01-01,1590.65,3,  Central  ,Widget A
ORD-006301,CUS-1002,01/02/2024,-426.2,15,West,Gadget C
ORD-006302,CUS-1002,2024-03-15,1836.19,36,South,Widget A
ORD-006303,CUS-1001,2024-03-15,412.9,5,South,Widget A
ORD-006304,CUS-1002,01/02/2024,1098.4,18,North,Widget A
ORD-006305,CUS-1001,2024-01-01,1253.74,17,South,Gadget C
ORD-006306,CUS-1002,2024-01-01,77.73,8,South,Gadget C
ORD-006307,CUS-1003,2024-01-01,263.21,29,North,Gadget C
ORD-006308,CUS-1001,2024-01-01,1093.25,12,  Central  ,Widget A
ORD-006309,CUS-1002,2024-01-01,370.0,7,North,Widget A
ORD-006310,CUS-1001,01/02/2024,-33.12,22,East,Widget A
ORD-006311,CUS-1003,2024-01-01,1414.54,24,South,Widget A
ORD-006312,nan,2024-01-01,1254.47,11,South,Widget A
ORD-006313,CUS-1001,01/02/2024,1749.75,1,North,Widget B
ORD-006314,CUS-1002,2024-01-01,1843.13,4,West,nan
ORD-006315,CUS-1002,2024-06-30,1853.93,41,South,Widget A
ORD-006316,CUS-1002,2024-01-01,790.86,41,East,Widget A
ORD-006317,CUS-1002,2024-01-01,252.63,34,South,Widget A
ORD-006318,CUS-1002,not-a-date,1337.64,14,  Central  ,Widget B
ORD-006319,CUS-1002,01/02/2024,1838.83,32,North,Widget B
ORD-006320,CUS-1001,2024-03-15,1540.84,46,West,Widget B
ORD-006321,CUS-1001,2024-01-01,1397.08,42,West,Gadget C
ORD-006322,CUS-1003,2024-01-01,1607.17,35,West,Widget A
ORD-006323,CUS-1001,01/02/2024,825.53,7,  Central  ,Widget B
ORD-006324,CUS-1002,2024-01-01,1008.51,22,East,Widget B
ORD-006325,CUS-1001,01/02/2024,407.76,48,West,Gadget C
ORD-006326,CUS-1003,2024-01-01,1346.37,39,East,Widget A
ORD-006327,CUS-1002,2024-01-01,702.48,3,West,Widget A
ORD-006328,CUS-1001,2024-01-01,542.25,44,East,Widget B
ORD-006329,CUS-1001,2024-03-15,508.85,22,West,Widget B
ORD-006330,CUS-1002,2024-01-01,1026.32,8,South,Widget A
ORD-006331,nan,2024-06-30,1084.55,1,North,Widget B
ORD-006332,CUS-1002,2024-01-01,1654.22,20,North,Widget A
ORD-006333,CUS-1002,2024-01-01,1833.5,46,East,Widget A
ORD-006334,CUS-1002,2024-01-01,625.21,30,West,Gadget C
ORD-006335,CUS-1001,01/02/2024,670.33,24,North,Widget A
ORD-006336,CUS-1002,2024-03-15,569.57,26,East,Widget A
ORD-006337,CUS-1001,2024-01-01,611.09,14,East,Widget A
ORD-006338,CUS-1001,2024-01-01,1459.69,1,East,Widget B
ORD-006339,CUS-1002,2024-03-15,1261.91,22,North,Widget B
ORD-006340,CUS-1003,2024-01-01,164.89,10,North,Widget A
ORD-006341,nan,01/02/2024,1149.35,47,West,Widget A
ORD-006342,nan,2024-03-15,1696.97,13,North,Widget A
ORD-006343,CUS-1002,2024-01-01,129.79,12,East,Widget B
ORD-006344,CUS-1001,01/02/2024,1811.89,23,North,Widget A
ORD-006345,CUS-1002,2024-03-15,521.03,17,North,Gadget C
ORD-006346,nan,2024-01-01,662.25,30,North,Widget A
ORD-006347,CUS-1002,2024-01-01,805.0,1,South,Widget B
ORD-006348,CUS-1002,2024-01-01,293.14,48,  Central  ,Gadget C
ORD-006349,CUS-1002,2024-03-15,205.95,11,South,Widget B
ORD-006350,CUS-1003,01/02/2024,488.84,33,South,Widget A
ORD-006351,nan,2024-01-01,20.73,44,West,Widget A
ORD-006352,CUS-1003,2024-01-01,1158.73,3,South,Widget B
ORD-006353,CUS-1002,2024-01-01,-49.03,24,East,Widget A
ORD-006354,CUS-1001,2024-01-01,195.77,30,East,Widget A
ORD-006355,CUS-1002,2024-01-01,1130.83,5,West,Widget B
ORD-006356,CUS-1001,2024-01-01,1189.32,33,North,Widget A
ORD-006357,nan,2024-01-01,-175.39,41,East,Widget B
ORD-006358,CUS-1002,01/02/2024,1012.51,7,North,Widget A
ORD-006359,CUS-1002,01/02/2024,1769.8,42,South,Widget B
ORD-006360,CUS-1001,2024-01-01,258.47,24,South,Widget A
ORD-006361,CUS-1002,01/02/2024,1574.72,48,West,Widget B
ORD-006362,CUS-1002,2024-01-01,828.29,15,West,Gadget C
ORD-006363,CUS-1001,2024-01-01,1807.88,3,East,Widget A
ORD-006364,CUS-1003,2024-06-30,476.72,33,North,Gadget C
ORD-006365,CUS-1001,01/02/2024,1896.03,22,South,Widget A
ORD-006366,CUS-1002,2024-01-01,1735.68,32,South,Gadget C
ORD-006367,CUS-1001,2024-01-01,354.61,44,North,Gadget C
ORD-006368,CUS-1002,01/02/2024,875.49,43,South,Widget A
ORD-006369,CUS-1002,2024-01-01,493.72,6,South,Widget A
ORD-006370,nan,2024-06-30,292.67,4,South,nan
ORD-006371,CUS-1001,2024-01-01,782.16,18,West,Widget A
ORD-006372,nan,2024-01-01,1074.97,7,East,Widget A
ORD-006373,CUS-1002,01/02/2024,809.14,45,West,Widget A
ORD-006374,CUS-1001,01/02/2024,670.07,27,West,Widget A
ORD-006375,CUS-1001,2024-01-01,662.49,5,North,Widget B
ORD-006376,CUS-1001,2024-06-30,330.45,28,  Central  ,Widget A
ORD-006377,CUS-1003,2024-06-30,453.26,36,East,nan
ORD-006378,CUS-1001,2024-01-01,1063.54,38,West,Widget B
ORD-006379,CUS-1002,2024-01-01,326.54,47,  Central  ,Widget B
ORD-006380,CUS-1002,2024-01-01,1660.68,31,West,Widget A
ORD-006381,CUS-1003,01/02/2024,1474.97,30,East,Widget B
ORD-006382,CUS-1002,01/02/2024,1977.82,3,South,Widget A
ORD-006383,CUS-1003,2024-01-01,640.31,44,East,Gadget C
ORD-006384,CUS-1001,2024-06-30,372.97,38,West,Gadget C
ORD-006385,CUS-1003,2024-01-01,160.28,40,North,Widget A
ORD-006386,CUS-1001,2024-03-15,706.41,48,South,Widget A
ORD-006387,CUS-1001,2024-03-15,1842.68,40,South,Widget A
ORD-006388,nan,2024-01-01,1186.48,22,South,Widget B
ORD-006389,CUS-1001,2024-01-01,1917.5,31,East,Gadget C
ORD-006390,CUS-1001,2024-01-01,1828.89,44,West,Gadget C
ORD-006391,CUS-1002,2024-06-30,765.69,4,North,Widget B
ORD-006392,CUS-1001,2024-01-01,881.46,8,South,Widget B
ORD-006393,CUS-1001,2024-03-15,-308.11,20,South,Widget A
ORD-006394,CUS-1002,2024-01-01,1486.4,33,West,Widget A
ORD-006395,CUS-1003,2024-01-01,1143.09,41,South,Widget A
ORD-006396,CUS-1003,2024-06-30,136.21,16,North,Widget A
ORD-006397,CUS-1001,2024-01-01,1838.17,10,North,Widget B
ORD-006398,CUS-1002,2024-03-15,1573.12,10,East,Widget A
ORD-006399,CUS-1003,2024-01-01,1866.6,15,North,Widget B
ORD-006400,CUS-1001,2024-01-01,506.42,3,East,Widget A
ORD-006401,CUS-1001,2024-01-01,1508.45,26,West,Gadget C
ORD-006402,CUS-1001,2024-01-01,1271.37,43,North,Widget B
ORD-006403,CUS-1002,2024-03-15,255.13,21,South,Widget A
ORD-006404,CUS-1001,2024-01-01,526.55,24,West,Gadget C
ORD-006405,CUS-1002,2024-01-01,391.61,41,West,Widget B
ORD-006406,nan,2024-01-01,315.22,1,West,Gadget C
ORD-006407,CUS-1001,01/02/2024,1302.28,48,North,Widget B
ORD-006408,CUS-1002,2024-03-15,1733.45,11,South,Widget A
ORD-006409,CUS-1001,01/02/2024,1975.86,6,  Central  ,Widget B
ORD-006410,CUS-1001,2024-06-30,437.91,29,North,Widget B
ORD-006411,CUS-1003,2024-01-01,1351.71,1,North,Gadget C
ORD-006412,CUS-1002,2024-01-01,165.84,22,South,Widget A
ORD-006413,nan,01/02/2024,485.68,38,North,Widget A
ORD-006414,CUS-1002,2024-01-01,1696.28,34,South,Widget A
ORD-006415,CUS-1001,01/02/2024,1883.62,4,East,Widget B
ORD-006416,CUS-1002,2024-03-15,1941.61,36,South,Widget A
ORD-006417,CUS-1001,2024-01-01,934.29,12,South,Widget B
ORD-006418,CUS-1003,2024-06-30,1474.26,10,South,Widget A
ORD-006419,CUS-1002,2024-01-01,744.57,18,West,Widget A
ORD-006420,CUS-1001,01/02/2024,1404.99,22,West,Widget A
ORD-006421,CUS-1002,2024-01-01,312.86,15,North,Widget B
ORD-006422,CUS-1002,01/02/2024,253.01,27,North,Widget A
ORD-006423,CUS-1003,2024-01-01,1967.78,32,  Central  ,Widget A
ORD-006424,CUS-1001,2024-06-30,629.94,4,North,Widget A
ORD-006425,CUS-1001,2024-06-30,1795.37,14,South,Widget B
ORD-006426,CUS-1001,01/02/2024,55.23,16,North,Widget A
ORD-006427,CUS-1001,01/02/2024,1664.63,30,South,Widget A
ORD-006428,CUS-1002,01/02/2024,1874.01,13,West,Widget A
ORD-006429,CUS-1001,01/02/2024,40.95,35,North,Widget A
ORD-006430,CUS-1001,01/02/2024,784.63,36,South,Widget A
ORD-006431,CUS-1002,01/02/2024,1618.46,2,East,Widget A
ORD-006432,CUS-1001,not-a-date,18.91,31,South,Gadget C
ORD-006433,nan,01/02/2024,616.68,19,West,Widget B
ORD-006434,CUS-1002,2024-01-01,523.87,15,North,Widget A
ORD-006435,CUS-1001,2024-06-30,276.11,3,South,Widget B
ORD-006436,CUS-1002,2024-01-01,185.06,24,West,Widget A
ORD-006437,CUS-1001,2024-01-01,505.45,38,North,Widget B
ORD-006438,CUS-1003,2024-06-30,407.89,8,North,Widget B
ORD-006439,CUS-1002,2024-01-01,1949.06,3,East,Widget B
ORD-006440,CUS-1002,2024-01-01,53.98,7,South,Widget A
ORD-006441,nan,01/02/2024,267.74,43,North,Widget A
ORD-006442,CUS-1003,2024-03-15,1616.22,11,East,Widget B
ORD-006443,CUS-1003,2024-01-01,1527.36,42,East,Widget A
ORD-006444,CUS-1001,2024-01-01,941.82,10,West,Widget B
ORD-006445,CUS-1001,2024-01-01,776.7,26,South,Widget A
ORD-006446,CUS-1002,2024-01-01,699.23,22,East,Gadget C
ORD-006447,CUS-1002,2024-01-01,1947.23,47,  Central  ,Gadget C
ORD-006448,CUS-1002,2024-01-01,1735.35,14,  Central  ,Gadget C
ORD-006449,CUS-1003,2024-06-30,530.9,18,East,Widget A
ORD-006450,CUS-1001,01/02/2024,927.66,22,East,Widget B
ORD-006451,CUS-1001,2024-03-15,1494.45,15,West,Widget A
ORD-006452,CUS-1002,2024-06-30,1651.39,9,  Central  ,Widget A
ORD-006453,CUS-1001,2024-06-30,252.75,6,North,Gadget C
ORD-006454,CUS-1002,2024-03-15,1912.07,30,South,Widget B
ORD-006455,CUS-1002,2024-01-01,1640.52,36,North,Widget B
ORD-006456,CUS-1002,2024-03-15,1012.06,9,  Central  ,Gadget C
ORD-006457,CUS-1002,01/02/2024,1006.23,21,West,Widget B
ORD-006458,CUS-1002,2024-01-01,-488.27,35,North,Gadget C
ORD-006459,CUS-1002,2024-01-01,1633.41,48,West,Widget B
ORD-006460,CUS-1001,2024-01-01,1097.43,7,West,Widget A
ORD-006461,CUS-1002,2024-01-01,1626.97,43,West,Widget A
ORD-006462,CUS-1002,2024-03-15,1728.44,19,West,Gadget C
ORD-006463,CUS-1001,2024-01-01,1407.93,26,North,Widget B
ORD-006464,CUS-1002,2024-01-01,103.28,4,South,Widget A
ORD-006465,CUS-1003,2024-01-01,901.21,23,South,Widget B
ORD-006466,CUS-1001,not-a-date,518.73,15,East,Widget A
ORD-006467,CUS-1002,2024-01-01,96.52,12,East,Widget A
ORD-006468,nan,2024-01-01,1300.7,43,South,Widget A
ORD-006469,CUS-1003,2024-03-15,1030.54,8,East,Widget B
ORD-006470,CUS-1001,2024-03-15,131.61,12,South,Widget B
ORD-006471,CUS-1002,01/02/2024,1247.38,12,South,Gadget C
ORD-006472,nan,01/02/2024,388.21,38,West,Gadget C
ORD-006473,CUS-1002,2024-01-01,-57.96,27,East,Widget B
ORD-006474,CUS-1001,2024-06-30,1397.29,23,West,Gadget C
ORD-006475,CUS-1001,01/02/2024,17.47,7,North,Widget A
ORD-006476,CUS-1003,2024-03-15,1744.1,20,North,nan
ORD-006477,CUS-1002,2024-01-01,139.49,44,South,nan
ORD-006478,CUS-1001,01/02/2024,33.09,25,North,Widget A
ORD-006479,CUS-1001,2024-01-01,796.5,48,East,Gadget C
ORD-006480,CUS-1003,2024-01-01,319.85,3,West,Widget A
ORD-006481,CUS-1002,01/02/2024,1637.59,14,North,Widget B
ORD-006482,CUS-1003,2024-03-15,1889.92,8,North,Widget A
ORD-006483,CUS-1002,2024-01-01,1569.0,32,East,Gadget C
ORD-006484,nan,not-a-date,742.73,6,  Central  ,Gadget C
ORD-006485,nan,2024-01-01,591.35,21,South,Gadget C
ORD-006486,CUS-1001,01/02/2024,691.85,2,East,Widget A
ORD-006487,CUS-1002,2024-01-01,182.29,26,North,Widget A
ORD-006488,CUS-1001,2024-01-01,1808.16,10,East,Widget B
ORD-006489,nan,not-a-date,495.65,38,East,Gadget C
ORD-006490,CUS-1001,2024-01-01,507.86,23,East,Widget A
ORD-006491,CUS-1002,2024-06-30,1434.6,30,South,Widget A
ORD-006492,CUS-1003,2024-01-01,1239.28,10,South,Widget B
ORD-006493,CUS-1001,01/02/2024,1918.11,33,West,Gadget C
ORD-006494,CUS-1003,2024-01-01,1962.73,2,North,Gadget C
ORD-006495,CUS-1001,01/02/2024,840.39,8,South,Gadget C
ORD-006496,CUS-1002,2024-06-30,1842.64,41,South,Widget B
ORD-006497,CUS-1002,01/02/2024,1910.72,12,West,Gadget C
ORD-006498,CUS-1001,2024-01-01,1713.68,37,South,nan
ORD-006499,CUS-1002,2024-03-15,1865.72,43,North,Gadget C
ORD-006500,nan,2024-03-15,1203.99,7,North,Widget A
ORD-006501,CUS-1001,2024-01-01,237.51,48,North,Widget A
ORD-006502,CUS-1002,01/02/2024,1720.55,40,East,Gadget C
ORD-006503,CUS-1003,01/02/2024,622.02,28,East,Widget A
ORD-006504,CUS-1003,2024-03-15,1851.03,16,North,Widget A
ORD-006505,CUS-1001,2024-01-01,1043.29,11,North,Widget B
ORD-006506,nan,2024-01-01,984.53,12,  Central  ,Gadget C
ORD-006507,CUS-1001,2024-06-30,1664.31,26,East,Widget B
ORD-006508,CUS-1002,01/02/2024,782.65,8,West,Widget A
ORD-006509,CUS-1002,01/02/2024,221.38,24,South,Widget B
ORD-006510,CUS-1003,2024-06-30,1569.64,25,South,Widget A
ORD-006511,CUS-1001,2024-01-01,588.31,33,South,Widget A
ORD-006512,CUS-1001,2024-01-01,1693.36,1,North,Widget A
ORD-006513,CUS-1003,2024-03-15,1832.47,17,South,Widget B
ORD-006514,CUS-1001,2024-03-15,789.91,7,North,Widget A
ORD-006515,CUS-1002,2024-06-30,1344.12,44,West,Widget B
ORD-006516,CUS-1002,01/02/2024,45.03,42,South,Widget B
ORD-006517,CUS-1002,2024-01-01,1590.1,48,North,Widget B
ORD-006518,CUS-1001,2024-01-01,924.14,45,South,Widget A
ORD-006519,CUS-1001,2024-01-01,536.08,45,West,Widget A
ORD-006520,nan,2024-06-30,1751.81,16,  Central  ,Widget B
ORD-006521,CUS-1002,2024-01-01,824.49,49,North,Widget A
ORD-006522,CUS-1001,01/02/2024,1648.59,1,  Central  ,Widget B
ORD-006523,CUS-1001,2024-01-01,846.92,7,South,Widget B
ORD-006524,CUS-1001,2024-01-01,1899.52,15,West,Widget B
ORD-006525,nan,2024-01-01,1344.1,13,West,Widget B
ORD-006526,CUS-1001,01/02/2024,1337.72,39,  Central  ,nan
ORD-006527,CUS-1001,2024-01-01,256.3,38,South,Widget B
ORD-006528,CUS-1002,2024-06-30,1497.55,9,West,Widget A
ORD-006529,CUS-1001,2024-06-30,1045.28,23,East,Widget A
ORD-006530,CUS-1001,2024-01-01,1439.53,5,South,nan
ORD-006531,nan,not-a-date,1736.25,48,West,nan
ORD-006532,CUS-1002,2024-01-01,1409.31,35,West,Widget B
ORD-006533,CUS-1001,2024-01-01,1003.28,8,East,Gadget C
ORD-006534,CUS-1002,2024-01-01,1705.59,38,West,Widget B
ORD-006535,CUS-1001,2024-03-15,1478.94,16,East,Widget A
ORD-006536,CUS-1001,01/02/2024,1531.86,12,West,Gadget C
ORD-006537,CUS-1002,2024-01-01,1823.92,32,East,Widget A
ORD-006538,CUS-1002,2024-03-15,284.85,11,East,Widget B
ORD-006539,CUS-1002,2024-03-15,1003.07,21,North,Gadget C
ORD-006540,nan,2024-03-15,256.59,44,North,Widget B
ORD-006541,CUS-1001,01/02/2024,1501.76,18,South,Widget B
ORD-006542,nan,2024-03-15,869.67,8,West,Gadget C
ORD-006543,CUS-1002,01/02/2024,1443.47,28,North,Gadget C
ORD-006544,CUS-1001,2024-01-01,252.29,8,North,Widget B
ORD-006545,CUS-1003,2024-03-15,1244.19,40,North,Widget A
ORD-006546,CUS-1001,2024-01-01,234.53,37,West,Gadget C
ORD-006547,CUS-1002,2024-03-15,712.78,22,West,Widget B
ORD-006548,CUS-1002,01/02/2024,1076.01,27,South,Widget B
ORD-006549,CUS-1001,2024-01-01,1386.29,2,East,Gadget C
ORD-006550,CUS-1003,2024-01-01,1007.15,32,West,Widget A
ORD-006551,CUS-1001,01/02/2024,1464.17,39,North,Widget A
ORD-006552,CUS-1003,2024-03-15,-373.33,45,South,Widget A
ORD-006553,CUS-1001,2024-03-15,1287.48,36,North,Gadget C
ORD-006554,CUS-1001,01/02/2024,777.68,15,South,Gadget C
ORD-006555,CUS-1001,2024-01-01,316.9,25,South,Widget B
ORD-006556,CUS-1003,2024-01-01,1708.26,16,North,Gadget C
ORD-006557,CUS-1001,2024-03-15,1952.03,30,  Central  ,Gadget C
ORD-006558,CUS-1003,2024-01-01,486.79,43,East,Gadget C
ORD-006559,CUS-1001,2024-03-15,323.5,19,North,nan
ORD-006560,CUS-1002,2024-01-01,1531.3,40,North,nan
ORD-006561,CUS-1001,2024-01-01,1981.34,6,North,Widget B
ORD-006562,CUS-1001,01/02/2024,842.97,36,South,Widget B
ORD-006563,nan,01/02/2024,1583.93,40,North,nan
ORD-006564,CUS-1002,01/02/2024,302.83,39,North,Gadget C
ORD-006565,CUS-1002,2024-01-01,463.84,20,South,Widget B
ORD-006566,CUS-1002,2024-03-15,290.42,37,East,Widget A
ORD-006567,CUS-1002,2024-01-01,1335.6,49,West,Widget A
ORD-006568,CUS-1002,2024-03-15,1179.13,4,North,Widget A
ORD-006569,nan,01/02/2024,1327.17,48,North,Widget A
ORD-006570,CUS-1002,2024-01-01,346.1,18,North,Gadget C
ORD-006571,CUS-1002,01/02/2024,171.66,16,South,Widget B
ORD-006572,CUS-1002,01/02/2024,1072.6,6,North,Widget B
ORD-006573,CUS-1002,01/02/2024,1064.31,10,North,Widget A
ORD-006574,CUS-1002,01/02/2024,848.96,26,  Central  ,Widget B
ORD-006575,CUS-1002,2024-01-01,1369.09,38,East,Widget A
ORD-006576,CUS-1002,2024-06-30,843.35,36,West,Widget B
ORD-006577,CUS-1003,2024-01-01,1714.4,38,East,nan
ORD-006578,nan,2024-01-01,1557.62,36,West,Gadget C
ORD-006579,nan,2024-03-15,678.19,2,South,Widget A
ORD-006580,CUS-1003,2024-01-01,1789.49,23,North,Widget B
ORD-006581,CUS-1002,2024-06-30,989.17,27,East,Widget A
ORD-006582,CUS-1002,2024-01-01,934.16,3,  Central  ,Widget B
ORD-006583,CUS-1001,2024-01-01,1444.77,14,West,Widget B
ORD-006584,CUS-1002,2024-01-01,1913.01,14,North,Widget A
ORD-006585,CUS-1001,2024-01-01,76.27,3,  Central  ,Widget B
ORD-006586,CUS-1001,2024-01-01,358.72,23,East,Widget B
ORD-006587,nan,2024-01-01,1612.52,22,South,Widget B
ORD-006588,CUS-1003,2024-01-01,889.12,27,South,Widget A
ORD-006589,CUS-1002,2024-01-01,1718.77,7,East,Widget A
ORD-006590,CUS-1001,2024-01-01,709.41,48,East,Gadget C
ORD-006591,CUS-1002,2024-01-01,-21.48,14,West,Widget B
ORD-006592,CUS-1002,2024-01-01,439.76,31,  Central  ,Widget B
ORD-006593,CUS-1003,2024-01-01,1898.33,28,West,Widget B
ORD-006594,nan,2024-01-01,1581.56,1,North,Gadget C
ORD-006595,CUS-1001,2024-01-01,1948.47,13,North,Widget A
ORD-006596,CUS-1001,2024-01-01,331.92,35,East,Widget A
ORD-006597,CUS-1001,2024-01-01,713.01,18,North,Widget B
ORD-006598,CUS-1001,2024-06-30,403.23,17,East,Widget B
ORD-006599,CUS-1001,2024-01-01,1661.22,35,North,Widget B
ORD-006600,CUS-1001,2024-01-01,543.95,40,North,Widget B
ORD-006601,CUS-1001,01/02/2024,1056.34,40,North,Widget A
ORD-006602,CUS-1001,2024-01-01,394.58,22,West,Widget A
ORD-006603,CUS-1001,2024-01-01,1417.74,23,East,Widget A
ORD-006604,CUS-1002,2024-03-15,1488.61,34,South,Widget A
ORD-006605,CUS-1001,2024-03-15,-482.61,29,South,Widget A
ORD-006606,CUS-1003,2024-06-30,1374.91,19,North,nan
ORD-006607,CUS-1001,2024-06-30,339.31,17,West,Gadget C
ORD-006608,CUS-1001,01/02/2024,1908.89,48,South,Widget B
ORD-006609,CUS-1001,01/02/2024,1761.05,44,North,Widget A
ORD-006610,CUS-1002,2024-01-01,411.12,15,South,Widget B
ORD-006611,CUS-1001,not-a-date,686.7,4,North,nan
ORD-006612,CUS-1002,01/02/2024,1195.6,47,South,Widget A
ORD-006613,CUS-1001,2024-01-01,1615.58,5,West,Widget A
ORD-006614,nan,2024-01-01,1887.14,12,West,Gadget C
ORD-006615,CUS-1001,01/02/2024,843.86,2,North,Widget A
ORD-006616,CUS-1001,01/02/2024,-351.08,38,South,Gadget C
ORD-006617,CUS-1003,2024-03-15,321.55,5,South,Widget A
ORD-006618,CUS-1001,2024-01-01,705.42,16,North,Gadget C
ORD-006619,CUS-1001,2024-03-15,1984.0,31,South,Widget A
ORD-006620,CUS-1003,2024-01-01,1875.52,3,South,Widget B
ORD-006621,CUS-1001,01/02/2024,833.45,49,North,Widget A
ORD-006622,CUS-1001,2024-01-01,454.39,39,South,Gadget C
ORD-006623,CUS-1002,2024-01-01,1150.17,30,South,Widget A
ORD-006624,CUS-1001,2024-01-01,852.33,28,West,Widget B
ORD-006625,nan,2024-01-01,1507.65,13,East,Widget B
ORD-006626,CUS-1002,2024-01-01,1263.52,29,North,Widget A
ORD-006627,CUS-1002,2024-03-15,1324.93,41,East,Widget B
ORD-006628,CUS-1001,2024-01-01,754.89,25,North,nan
ORD-006629,CUS-1002,2024-03-15,1238.11,18,North,Gadget C
ORD-006630,CUS-1002,2024-03-15,1382.31,15,East,Widget A
ORD-006631,CUS-1001,2024-01-01,1299.53,30,North,nan
ORD-006632,nan,not-a-date,1394.05,44,East,Widget B
ORD-006633,CUS-1002,2024-03-15,-464.18,22,South,Widget A
ORD-006634,CUS-1003,2024-03-15,543.68,33,North,nan
ORD-006635,CUS-1001,2024-03-15,320.97,26,East,Widget B
ORD-006636,CUS-1001,01/02/2024,78.96,24,East,Widget B
ORD-006637,CUS-1002,2024-06-30,-52.09,6,West,Widget A
ORD-006638,CUS-1003,2024-01-01,677.47,17,North,nan
ORD-006639,CUS-1001,2024-01-01,1016.73,46,  Central  ,Widget A
ORD-006640,CUS-1001,2024-03-15,-471.28,44,South,Widget B
ORD-006641,CUS-1003,2024-01-01,1854.59,15,  Central  ,Widget B
ORD-006642,CUS-1001,01/02/2024,1181.1,29,North,Widget B
ORD-006643,CUS-1001,2024-01-01,258.13,30,  Central  ,Widget A
ORD-006644,CUS-1002,2024-01-01,818.6,44,  Central  ,Widget B
ORD-006645,CUS-1001,not-a-date,632.62,1,South,Widget A
ORD-006646,CUS-1001,2024-01-01,1734.69,15,North,Widget A
ORD-006647,CUS-1001,2024-01-01,1753.65,23,East,Widget B
ORD-006648,nan,01/02/2024,1583.04,26,North,Widget B
ORD-006649,CUS-1001,2024-03-15,782.42,38,South,Widget B
ORD-006650,CUS-1002,2024-03-15,1886.92,17,  Central  ,Widget A
ORD-006651,nan,2024-01-01,557.82,31,West,Widget A
ORD-006652,CUS-1002,not-a-date,1326.42,42,West,Widget A
ORD-006653,CUS-1002,01/02/2024,1051.7,16,West,Widget B
ORD-006654,CUS-1002,2024-03-15,880.98,25,East,Gadget C
ORD-006655,CUS-1001,2024-01-01,-241.59,32,West,Widget B
ORD-006656,CUS-1002,2024-01-01,487.44,40,West,Widget A
ORD-006657,nan,01/02/2024,1645.31,39,South,Widget A
ORD-006658,CUS-1003,01/02/2024,1340.74,20,North,Widget A
ORD-006659,CUS-1002,2024-01-01,1863.06,8,East,Widget A
ORD-006660,CUS-1001,01/02/2024,1365.76,6,West,Widget A
ORD-006661,nan,01/02/2024,130.94,4,North,Widget A
ORD-006662,CUS-1001,2024-01-01,241.42,24,North,Gadget C
ORD-006663,CUS-1003,01/02/2024,1449.78,23,  Central  ,Widget B
ORD-006664,CUS-1001,2024-01-01,509.34,13,North,Widget A
ORD-006665,CUS-1002,not-a-date,504.85,22,East,Widget A
ORD-006666,CUS-1003,01/02/2024,818.59,34,West,nan
ORD-006667,CUS-1002,01/02/2024,1493.04,3,North,Gadget C
ORD-006668,CUS-1001,2024-06-30,1281.24,13,East,Widget A
ORD-006669,CUS-1003,01/02/2024,-213.14,34,East,Widget A
ORD-006670,CUS-1001,2024-01-01,1793.58,12,North,Gadget C
ORD-006671,CUS-1001,01/02/2024,1944.78,29,South,Widget B
ORD-006672,CUS-1002,2024-06-30,1586.0,39,South,Widget B
ORD-006673,CUS-1002,2024-01-01,394.2,16,East,Widget A
ORD-006674,CUS-1002,01/02/2024,1589.48,5,North,Gadget C
ORD-006675,CUS-1001,2024-01-01,1048.01,14,West,Widget B
ORD-006676,CUS-1002,2024-03-15,66.83,32,West,Widget B
ORD-006677,nan,01/02/2024,1338.38,15,West,Widget A
ORD-006678,CUS-1001,2024-06-30,1954.12,45,East,Widget A
ORD-006679,CUS-1002,01/02/2024,868.86,6,West,Widget A
ORD-006680,CUS-1002,2024-01-01,135.98,23,West,Widget A
ORD-006681,nan,01/02/2024,468.91,46,  Central  ,Widget A
ORD-006682,CUS-1002,2024-06-30,1121.35,37,West,Widget B
ORD-006683,CUS-1003,2024-01-01,1584.28,3,North,Widget B
ORD-006684,CUS-1001,2024-01-01,379.18,14,North,Widget B
ORD-006685,CUS-1001,2024-03-15,446.57,3,East,Widget B
ORD-006686,nan,01/02/2024,1845.45,47,West,nan
ORD-006687,nan,2024-01-01,1764.59,39,West,Widget A
ORD-006688,CUS-1002,2024-01-01,1832.19,13,North,Widget B
ORD-006689,CUS-1002,2024-01-01,359.8,23,South,Gadget C
ORD-006690,CUS-1002,01/02/2024,1866.06,22,South,Widget A
ORD-006691,CUS-1001,2024-01-01,686.48,40,East,Widget A
ORD-006692,nan,2024-01-01,1038.55,6,East,Widget B
ORD-006693,CUS-1003,2024-03-15,918.25,25,West,Gadget C
ORD-006694,CUS-1002,2024-01-01,1955.91,36,West,Gadget C
ORD-006695,CUS-1001,01/02/2024,532.71,45,South,Widget B
ORD-006696,CUS-1001,2024-01-01,1915.98,18,North,Widget B
ORD-006697,CUS-1001,2024-01-01,1918.71,18,East,Gadget C
ORD-006698,CUS-1002,01/02/2024,1835.72,32,North,Widget B
ORD-006699,CUS-1002,01/02/2024,720.87,29,East,Widget A
ORD-006700,CUS-1001,2024-06-30,756.32,45,North,Widget A
ORD-006701,CUS-1002,2024-01-01,416.09,11,North,Widget A
ORD-006702,nan,2024-01-01,956.24,20,South,Widget A
ORD-006703,CUS-1001,2024-01-01,504.78,22,East,Widget A
ORD-006704,CUS-1002,01/02/2024,1257.98,26,  Central  ,Widget B
ORD-006705,CUS-1002,2024-01-01,1736.7,7,East,Gadget C
ORD-006706,CUS-1001,not-a-date,1899.84,8,South,Widget B
ORD-006707,CUS-1002,2024-03-15,880.84,25,West,nan
ORD-006708,CUS-1002,2024-01-01,868.76,5,North,Gadget C
ORD-006709,CUS-1001,2024-01-01,1034.01,23,North,Widget B
ORD-006710,CUS-1001,2024-01-01,1824.19,8,South,Widget A
ORD-006711,CUS-1003,01/02/2024,166.63,2,East,Widget A
ORD-006712,CUS-1001,01/02/2024,619.48,21,East,Widget A
ORD-006713,CUS-1002,not-a-date,402.27,5,West,Widget A
ORD-006714,CUS-1002,01/02/2024,1552.64,32,East,Widget A
ORD-006715,CUS-1003,2024-01-01,762.75,28,North,nan
ORD-006716,CUS-1002,2024-01-01,1928.98,8,West,nan
ORD-006717,CUS-1003,2024-01-01,1958.61,36,North,Gadget C
ORD-006718,CUS-1002,2024-06-30,1762.9,15,West,Widget B
ORD-006719,CUS-1002,2024-03-15,1022.84,33,East,Gadget C
ORD-006720,CUS-1001,2024-03-15,1862.55,47,South,nan
ORD-006721,CUS-1001,2024-03-15,760.07,36,West,Gadget C
ORD-006722,CUS-1001,2024-01-01,791.7,15,North,Widget B
ORD-006723,CUS-1001,2024-03-15,951.13,24,South,Widget B
ORD-006724,CUS-1002,2024-03-15,1397.33,15,  Central  ,Widget A
ORD-006725,CUS-1001,2024-01-01,136.33,17,North,Widget A
ORD-006726,CUS-1001,2024-01-01,1076.38,44,West,Widget A
ORD-006727,CUS-1001,01/02/2024,1932.03,34,East,Widget A
ORD-006728,CUS-1003,not-a-date,143.96,27,  Central  ,Gadget C
ORD-006729,CUS-1002,2024-01-01,181.74,14,North,Widget B
ORD-006730,CUS-1003,not-a-date,1888.16,26,West,Widget A
ORD-006731,CUS-1002,2024-06-30,1664.1,31,East,Widget B
ORD-006732,CUS-1003,2024-06-30,11.27,35,North,Widget A
ORD-006733,CUS-1003,2024-01-01,908.2,5,South,Widget A
ORD-006734,CUS-1001,2024-01-01,625.94,43,  Central  ,Widget A
ORD-006735,nan,01/02/2024,343.45,27,South,Widget B
ORD-006736,CUS-1001,2024-01-01,114.02,18,North,Widget B
ORD-006737,CUS-1002,2024-01-01,507.32,36,North,Widget A
ORD-006738,CUS-1003,2024-03-15,1308.94,27,North,Widget A
ORD-006739,CUS-1001,2024-01-01,614.76,16,North,Widget A
ORD-006740,CUS-1002,2024-01-01,622.19,45,East,Gadget C
ORD-006741,CUS-1001,2024-06-30,532.4,46,South,Widget B
ORD-006742,CUS-1001,2024-01-01,203.25,45,West,Widget A
ORD-006743,CUS-1001,2024-06-30,1190.08,4,West,nan
ORD-006744,CUS-1001,2024-01-01,1465.4,45,South,Widget B
ORD-006745,CUS-1001,2024-01-01,1960.24,14,North,Widget B
ORD-006746,CUS-1002,2024-01-01,460.93,18,South,Widget B
ORD-006747,CUS-1002,2024-01-01,334.23,34,East,Gadget C
ORD-006748,CUS-1002,2024-01-01,1417.47,24,North,Widget A
ORD-006749,CUS-1002,2024-03-15,653.13,41,West,Widget A
ORD-006750,CUS-1001,2024-06-30,-453.47,33,East,Widget B
ORD-006751,CUS-1001,2024-01-01,1419.96,6,  Central  ,Widget B
ORD-006752,CUS-1003,2024-01-01,844.92,7,East,Gadget C
ORD-006753,nan,01/02/2024,749.02,5,South,Widget B
ORD-006754,CUS-1002,2024-01-01,884.83,17,South,Widget A
ORD-006755,CUS-1001,2024-01-01,919.33,23,North,Widget A
ORD-006756,CUS-1003,2024-01-01,11.5,44,North,Gadget C
ORD-006757,nan,2024-01-01,385.33,17,North,Widget A
ORD-006758,CUS-1001,01/02/2024,1222.56,5,South,Gadget C
ORD-006759,CUS-1001,2024-01-01,-386.39,27,South,Widget A
ORD-006760,CUS-1001,2024-03-15,560.12,21,South,Widget A
ORD-006761,CUS-1002,2024-01-01,886.45,42,South,Widget B
ORD-006762,nan,2024-01-01,889.24,2,South,Widget A
ORD-006763,CUS-1002,01/02/2024,105.11,15,East,Widget B
ORD-006764,CUS-1001,2024-01-01,1751.96,35,  Central  ,nan
ORD-006765,CUS-1002,not-a-date,190.05,1,East,Widget A
ORD-006766,CUS-1003,01/02/2024,1752.7,28,West,Widget A
ORD-006767,CUS-1002,not-a-date,1981.72,33,West,Widget B
ORD-006768,CUS-1003,2024-01-01,365.49,2,South,nan
ORD-006769,CUS-1001,2024-01-01,150.45,28,North,Widget B
ORD-006770,CUS-1001,2024-01-01,251.01,46,North,Widget B
ORD-006771,CUS-1002,01/02/2024,1706.55,26,North,Widget A
ORD-006772,CUS-1002,01/02/2024,1944.99,9,North,Widget A
ORD-006773,nan,2024-01-01,1187.02,39,West,Widget A
ORD-006774,CUS-1002,2024-01-01,1895.05,3,North,Widget B
ORD-006775,CUS-1001,2024-01-01,-444.04,42,West,Gadget C
ORD-006776,CUS-1001,2024-01-01,1141.72,47,South,Gadget C
ORD-006777,CUS-1002,2024-01-01,1829.45,8,East,Widget A
ORD-006778,CUS-1001,01/02/2024,941.82,14,North,Widget A
ORD-006779,CUS-1002,2024-06-30,829.17,41,West,Widget B
ORD-006780,CUS-1001,2024-01-01,1442.61,37,North,Gadget C
ORD-006781,CUS-1001,2024-01-01,1499.85,27,East,Widget B
ORD-006782,CUS-1002,2024-01-01,715.47,34,North,Widget B
ORD-006783,CUS-1001,2024-01-01,956.45,43,West,Gadget C
ORD-006784,CUS-1002,01/02/2024,439.49,36,East,nan
ORD-006785,CUS-1002,2024-01-01,248.4,28,East,Widget B
ORD-006786,CUS-1002,2024-06-30,710.11,19,South,Gadget C
ORD-006787,CUS-1002,not-a-date,990.66,44,East,Gadget C
ORD-006788,CUS-1003,2024-01-01,323.0,29,North,Widget B
ORD-006789,CUS-1003,2024-06-30,-364.39,41,South,Widget A
ORD-006790,CUS-1001,01/02/2024,256.71,42,North,Widget B
ORD-006791,CUS-1001,2024-06-30,1752.76,16,West,Widget A
ORD-006792,CUS-1002,2024-01-01,1391.26,37,South,Widget A
ORD-006793,CUS-1002,2024-06-30,299.6,32,East,Widget A
ORD-006794,CUS-1002,2024-01-01,1325.93,12,North,Gadget C
ORD-006795,CUS-1002,2024-01-01,976.79,28,West,Widget A
ORD-006796,CUS-1003,2024-06-30,1135.41,47,North,Widget B
ORD-006797,CUS-1001,2024-01-01,1658.93,27,  Central  ,Gadget C
ORD-006798,CUS-1002,2024-01-01,957.27,34,South,Widget A
ORD-006799,CUS-1001,2024-01-01,583.33,6,East,Widget B
ORD-006800,CUS-1001,2024-01-01,1562.48,20,  Central  ,Widget B
ORD-006801,CUS-1002,2024-01-01,327.23,2,West,Widget B
ORD-006802,CUS-1002,2024-01-01,1850.22,18,South,Gadget C
ORD-006803,CUS-1001,01/02/2024,1883.63,17,  Central  ,Widget B
ORD-006804,nan,2024-03-15,696.39,10,North,Widget A
ORD-006805,CUS-1003,2024-01-01,1546.78,25,East,Widget B
ORD-006806,CUS-1002,2024-03-15,1844.79,25,West,Widget A
ORD-006807,nan,01/02/2024,1839.26,28,South,nan
ORD-006808,CUS-1002,2024-03-15,237.61,20,West,Gadget C
ORD-006809,CUS-1003,2024-03-15,343.87,26,South,Widget A
ORD-006810,CUS-1001,2024-06-30,985.91,29,West,Widget A
ORD-006811,CUS-1001,2024-01-01,1108.64,8,North,Widget A
ORD-006812,CUS-1001,01/02/2024,694.76,24,West,Gadget C
ORD-006813,CUS-1001,2024-06-30,162.48,41,East,Widget A
ORD-006814,CUS-1002,2024-03-15,864.66,35,South,Widget A
ORD-006815,CUS-1001,2024-01-01,569.44,36,North,Widget A
ORD-006816,CUS-1002,01/02/2024,900.84,15,North,Widget B
ORD-006817,CUS-1001,2024-03-15,553.88,43,South,Gadget C
ORD-006818,CUS-1001,2024-01-01,877.48,24,South,Widget A
ORD-006819,nan,01/02/2024,1180.33,44,East,Widget A
ORD-006820,CUS-1002,2024-03-15,727.12,8,West,Gadget C
ORD-006821,nan,01/02/2024,429.2,41,North,Widget A
ORD-006822,CUS-1002,2024-01-01,799.2,15,  Central  ,Widget A
ORD-006823,CUS-1001,01/02/2024,528.39,33,North,Widget A
ORD-006824,CUS-1002,01/02/2024,-97.23,1,East,Widget B
ORD-006825,CUS-1002,2024-01-01,1271.3,22,West,Gadget C
ORD-006826,CUS-1001,01/02/2024,1271.38,39,South,Widget A
ORD-006827,CUS-1003,2024-01-01,642.88,32,South,nan
ORD-006828,CUS-1002,not-a-date,1918.89,16,North,Widget A
ORD-006829,CUS-1002,2024-03-15,1580.17,13,South,Gadget C
ORD-006830,CUS-1002,2024-03-15,1805.79,12,  Central  ,Widget A
ORD-006831,CUS-1002,01/02/2024,944.14,46,South,Widget A
ORD-006832,CUS-1001,2024-01-01,1052.32,15,West,Widget B
ORD-006833,nan,2024-03-15,1385.9,31,West,Widget A
ORD-006834,CUS-1001,2024-01-01,1180.3,1,West,Widget A
ORD-006835,CUS-1001,01/02/2024,1339.77,30,North,Widget B
ORD-006836,CUS-1001,2024-01-01,870.55,32,East,Widget A
ORD-006837,CUS-1002,01/02/2024,-355.3,29,North,Widget B
ORD-006838,nan,01/02/2024,1625.97,41,South,Gadget C
ORD-006839,nan,2024-01-01,780.82,34,West,Widget A
ORD-006840,CUS-1002,2024-01-01,1220.67,11,North,Widget A
ORD-006841,nan,2024-01-01,744.35,34,  Central  ,Widget B
ORD-006842,CUS-1002,2024-01-01,969.53,12,South,Widget B
ORD-006843,CUS-1001,2024-01-01,1281.54,3,South,Widget B
ORD-006844,CUS-1002,not-a-date,1161.23,46,West,Widget A
ORD-006845,CUS-1001,not-a-date,290.45,21,West,Widget B
ORD-006846,CUS-1001,2024-06-30,478.47,22,  Central  ,Widget B
ORD-006847,CUS-1001,2024-01-01,356.01,48,East,Widget B
ORD-006848,CUS-1001,2024-01-01,1156.03,30,East,Widget A
ORD-006849,nan,2024-01-01,795.2,38,North,Widget A
ORD-006850,nan,01/02/2024,500.39,43,West,Widget B
ORD-006851,CUS-1001,2024-03-15,97.72,10,East,Widget A
ORD-006852,CUS-1002,2024-03-15,1537.39,8,South,Widget A
ORD-006853,CUS-1001,2024-01-01,117.54,21,  Central  ,Widget A
ORD-006854,CUS-1001,01/02/2024,767.71,4,South,Widget A
ORD-006855,CUS-1001,2024-06-30,917.0,23,West,Widget A
ORD-006856,CUS-1001,2024-01-01,-179.12,27,East,Widget B
ORD-006857,CUS-1001,2024-03-15,285.61,48,North,Widget A
ORD-006858,CUS-1001,2024-03-15,1421.82,9,South,Widget A
ORD-006859,CUS-1001,2024-01-01,462.05,47,East,Widget B
ORD-006860,CUS-1001,2024-06-30,1261.84,12,  Central  ,Widget B
ORD-006861,nan,not-a-date,762.29,4,North,nan
ORD-006862,CUS-1001,2024-03-15,1047.12,42,East,nan
ORD-006863,CUS-1001,2024-01-01,909.92,13,South,Widget B
ORD-006864,CUS-1002,2024-01-01,1910.97,15,South,Widget A
ORD-006865,CUS-1001,01/02/2024,699.48,4,North,Gadget C
ORD-006866,CUS-1002,2024-01-01,314.47,27,East,Widget A
ORD-006867,CUS-1001,2024-01-01,728.05,10,North,Widget A
ORD-006868,CUS-1002,2024-01-01,1003.1,30,South,Widget A
ORD-006869,CUS-1002,2024-01-01,141.82,23,South,Widget A
ORD-006870,CUS-1002,2024-03-15,1837.71,14,North,Widget A
ORD-006871,CUS-1002,01/02/2024,405.46,30,  Central  ,Gadget C
ORD-006872,CUS-1002,2024-01-01,1861.91,8,West,Widget A
ORD-006873,CUS-1001,01/02/2024,814.32,40,  Central  ,Widget A
ORD-006874,CUS-1001,2024-01-01,1115.28,34,West,Widget A
ORD-006875,CUS-1002,2024-01-01,1369.21,5,South,Widget A
ORD-006876,CUS-1001,2024-01-01,139.25,49,East,Widget B
ORD-006877,CUS-1001,2024-01-01,833.71,14,North,Widget A
ORD-006878,CUS-1002,2024-01-01,570.42,48,North,Widget A
ORD-006879,CUS-1001,01/02/2024,345.38,30,South,Widget B
ORD-006880,CUS-1001,2024-01-01,1341.3,46,North,Widget A
ORD-006881,CUS-1002,01/02/2024,339.58,23,West,Widget A
ORD-006882,CUS-1001,2024-01-01,1169.94,38,South,Gadget C
ORD-006883,CUS-1003,2024-03-15,-131.66,16,North,Widget A
ORD-006884,nan,01/02/2024,1952.71,35,East,Gadget C
ORD-006885,nan,2024-01-01,1814.1,9,East,Gadget C
ORD-006886,CUS-1002,01/02/2024,25.06,8,South,Gadget C
ORD-006887,CUS-1001,2024-03-15,1623.59,35,North,Widget B
ORD-006888,CUS-1002,2024-01-01,345.63,2,East,Widget B
ORD-006889,CUS-1002,01/02/2024,-215.7,12,West,Widget A
ORD-006890,CUS-1002,2024-03-15,1625.89,24,North,Widget A
ORD-006891,CUS-1001,2024-01-01,582.06,34,West,Widget B
ORD-006892,CUS-1001,2024-06-30,1470.36,29,East,Widget A
ORD-006893,CUS-1001,2024-01-01,489.44,45,West,Gadget C
ORD-006894,CUS-1001,2024-03-15,1747.2,36,North,Widget B
ORD-006895,CUS-1001,not-a-date,883.65,11,  Central  ,Widget A
ORD-006896,nan,2024-06-30,406.58,35,East,Widget B
ORD-006897,CUS-1001,01/02/2024,116.23,36,South,Widget B
ORD-006898,CUS-1002,2024-03-15,1216.98,42,West,Widget B
ORD-006899,nan,2024-01-01,1368.94,40,East,Widget B
ORD-006900,CUS-1001,2024-01-01,1364.25,31,North,Gadget C
ORD-006901,CUS-1002,not-a-date,-499.52,32,West,Widget A
ORD-006902,CUS-1002,2024-01-01,811.49,23,West,Widget A
ORD-006903,CUS-1001,2024-03-15,1241.84,16,South,Widget A
ORD-006904,CUS-1002,2024-01-01,76.33,47,East,Widget A
ORD-006905,CUS-1003,2024-01-01,486.5,12,South,Gadget C
ORD-006906,CUS-1002,2024-01-01,518.49,42,North,Widget B
ORD-006907,CUS-1003,01/02/2024,1559.06,39,South,Widget A
ORD-006908,nan,2024-01-01,888.25,31,North,Gadget C
ORD-006909,CUS-1001,2024-01-01,101.16,16,North,Widget A
ORD-006910,CUS-1002,2024-06-30,1791.17,35,North,Widget A
ORD-006911,CUS-1002,2024-03-15,776.9,40,North,Gadget C
ORD-006912,CUS-1002,2024-03-15,163.18,30,West,Widget A
ORD-006913,CUS-1002,2024-01-01,842.74,42,South,Widget A
ORD-006914,CUS-1002,2024-01-01,1899.57,26,North,Widget A
ORD-006915,nan,01/02/2024,1604.91,43,North,Widget A
ORD-006916,CUS-1001,2024-01-01,1191.06,20,East,Widget A
ORD-006917,CUS-1002,2024-01-01,1520.63,41,South,Gadget C
ORD-006918,CUS-1001,2024-06-30,1037.7,4,East,Widget B
ORD-006919,CUS-1002,2024-01-01,1609.93,45,North,Widget A
ORD-006920,CUS-1003,2024-06-30,1681.97,33,West,Gadget C
ORD-006921,CUS-1003,2024-01-01,681.4,46,  Central  ,Widget A
ORD-006922,CUS-1002,2024-01-01,896.33,46,West,Widget A
ORD-006923,CUS-1002,2024-01-01,460.68,25,West,Gadget C
ORD-006924,CUS-1001,2024-06-30,1373.21,33,North,Widget A
ORD-006925,CUS-1001,01/02/2024,282.7,15,South,Gadget C
ORD-006926,CUS-1001,2024-03-15,949.37,48,North,Widget A
ORD-006927,nan,2024-01-01,1933.43,10,West,Gadget C
ORD-006928,CUS-1001,not-a-date,937.26,10,West,Widget A
ORD-006929,nan,01/02/2024,145.9,20,North,Widget A
ORD-006930,CUS-1001,01/02/2024,46.49,22,West,Widget B
ORD-006931,CUS-1002,2024-03-15,1900.78,13,East,Widget A
ORD-006932,CUS-1002,2024-03-15,1417.25,48,  Central  ,Widget A
ORD-006933,CUS-1002,01/02/2024,1422.12,42,  Central  ,Widget A
ORD-006934,CUS-1002,2024-01-01,746.12,10,North,Widget A
ORD-006935,CUS-1002,not-a-date,1007.26,42,West,Widget A
ORD-006936,nan,2024-01-01,1121.22,16,North,Gadget C
ORD-006937,CUS-1002,2024-06-30,1536.39,22,East,Widget A
ORD-006938,CUS-1001,2024-01-01,1023.69,49,East,Widget A
ORD-006939,CUS-1001,2024-01-01,620.38,40,South,Widget B
ORD-006940,CUS-1002,2024-01-01,1069.83,18,West,Gadget C
ORD-006941,CUS-1002,01/02/2024,-253.96,32,East,Widget B
ORD-006942,CUS-1002,2024-01-01,125.24,40,East,Widget A
ORD-006943,CUS-1002,2024-03-15,952.51,29,East,Widget B
ORD-006944,CUS-1001,01/02/2024,695.73,13,South,Widget A
ORD-006945,CUS-1003,2024-01-01,1793.31,40,North,Widget A
ORD-006946,CUS-1002,01/02/2024,782.87,18,South,Widget B
ORD-006947,CUS-1002,2024-03-15,1261.57,40,North,nan
ORD-006948,CUS-1002,not-a-date,916.44,27,West,Widget A
ORD-006949,nan,2024-01-01,1628.39,40,North,Widget A
ORD-006950,CUS-1002,2024-06-30,1860.23,41,South,Widget A
ORD-006951,nan,2024-01-01,176.38,27,South,Gadget C
ORD-006952,CUS-1001,01/02/2024,49.14,16,West,Gadget C
ORD-006953,CUS-1002,2024-03-15,1412.22,16,West,Widget B
ORD-006954,CUS-1002,2024-01-01,1266.66,2,North,Widget B
ORD-006955,CUS-1002,2024-01-01,1113.33,20,South,Widget B
ORD-006956,CUS-1001,01/02/2024,867.23,11,North,nan
ORD-006957,CUS-1002,2024-01-01,1502.07,34,  Central  ,Widget A
ORD-006958,CUS-1001,2024-01-01,1410.27,33,East,Gadget C
ORD-006959,nan,2024-01-01,839.08,45,North,Gadget C
ORD-006960,CUS-1001,2024-03-15,656.72,9,North,Widget A
ORD-006961,CUS-1001,2024-01-01,1924.14,36,West,Widget A
ORD-006962,CUS-1002,2024-01-01,817.47,12,South,Widget B
ORD-006963,CUS-1001,2024-06-30,425.92,39,  Central  ,Widget A
ORD-006964,CUS-1001,2024-03-15,1920.67,40,East,Widget A
ORD-006965,CUS-1002,01/02/2024,1415.41,15,East,Widget A
ORD-006966,CUS-1002,01/02/2024,1121.16,48,West,nan
ORD-006967,CUS-1001,2024-01-01,1537.79,22,West,Widget B
ORD-006968,CUS-1002,2024-01-01,451.7,32,East,Widget B
ORD-006969,CUS-1002,2024-01-01,1120.42,37,North,Widget A
ORD-006970,CUS-1003,2024-01-01,554.37,30,West,Widget B
ORD-006971,CUS-1001,2024-01-01,1727.29,43,West,Gadget C
ORD-006972,CUS-1001,01/02/2024,282.08,4,West,Widget A
ORD-006973,nan,2024-01-01,442.84,26,North,Widget B
ORD-006974,CUS-1002,2024-01-01,495.13,39,  Central  ,Widget A
ORD-006975,CUS-1001,not-a-date,880.88,1,South,Gadget C
ORD-006976,CUS-1003,2024-01-01,-278.84,24,North,Widget B
ORD-006977,CUS-1001,2024-03-15,1093.43,44,West,Widget B
ORD-006978,CUS-1003,2024-01-01,1468.28,17,West,Widget A
ORD-006979,CUS-1002,01/02/2024,26.14,5,North,nan
ORD-006980,nan,2024-01-01,1775.58,19,South,Widget A
ORD-006981,nan,2024-01-01,1705.95,26,South,Gadget C
ORD-006982,CUS-1001,2024-03-15,111.14,5,West,Widget A
ORD-006983,CUS-1003,2024-01-01,146.02,24,North,Widget A
ORD-006984,CUS-1001,2024-01-01,1152.07,33,West,Widget A
ORD-006985,CUS-1002,2024-01-01,634.0,48,  Central  ,Widget A
ORD-006986,CUS-1002,01/02/2024,985.97,33,  Central  ,Widget A
ORD-006987,CUS-1001,2024-01-01,1139.24,7,North,Gadget C
ORD-006988,CUS-1001,01/02/2024,1279.15,46,East,Widget B
ORD-006989,CUS-1001,01/02/2024,1465.93,33,South,Widget B
ORD-006990,CUS-1001,01/02/2024,1715.53,42,East,Widget A
ORD-006991,CUS-1001,2024-03-15,1217.26,16,East,Gadget C
ORD-006992,nan,2024-01-01,219.05,2,  Central  ,Widget A
ORD-006993,CUS-1002,not-a-date,281.07,22,West,Widget B
ORD-006994,CUS-1003,2024-01-01,1231.3,18,East,Gadget C
ORD-006995,CUS-1003,2024-01-01,1420.49,21,  Central  ,Widget A
ORD-006996,CUS-1002,01/02/2024,1510.62,47,  Central  ,Widget A
ORD-006997,CUS-1001,01/02/2024,1042.14,18,North,nan
ORD-006998,CUS-1003,2024-01-01,1204.77,14,East,Widget A
ORD-006999,CUS-1002,2024-06-30,1949.36,44,  Central  ,Widget A
ORD-007000,CUS-1002,2024-06-30,702.99,44,West,Gadget C
ORD-007001,nan,2024-01-01,436.2,36,West,Widget A
ORD-007002,CUS-1002,01/02/2024,1938.29,7,East,Widget B
ORD-007003,CUS-1002,2024-03-15,1838.34,45,North,Widget B
ORD-007004,nan,2024-06-30,24.1,3,North,Widget A
ORD-007005,CUS-1002,01/02/2024,809.74,40,South,Widget A
ORD-007006,CUS-1003,2024-01-01,1472.34,37,East,Gadget C
ORD-007007,CUS-1001,01/02/2024,363.15,21,  Central  ,Widget A
ORD-007008,CUS-1001,2024-01-01,73.48,10,South,Gadget C
ORD-007009,CUS-1002,01/02/2024,82.49,4,East,Gadget C
ORD-007010,CUS-1001,01/02/2024,1133.94,2,East,Widget A
ORD-007011,nan,01/02/2024,-428.47,15,North,Widget A
ORD-007012,CUS-1001,2024-01-01,523.2,24,South,Widget B
ORD-007013,CUS-1002,2024-01-01,40.15,17,South,Widget B
ORD-007014,CUS-1001,01/02/2024,1454.55,30,West,Widget B
ORD-007015,nan,2024-01-01,1688.82,5,East,Widget B
ORD-007016,CUS-1001,2024-01-01,1469.71,35,South,nan
ORD-007017,CUS-1001,2024-01-01,281.2,8,  Central  ,Gadget C
ORD-007018,CUS-1001,not-a-date,1914.88,22,South,Widget B
ORD-007019,CUS-1002,2024-01-01,1924.65,2,West,Widget A
ORD-007020,nan,01/02/2024,525.67,46,North,Widget A
ORD-007021,nan,01/02/2024,1966.31,22,South,Widget B
ORD-007022,CUS-1001,2024-03-15,893.94,19,West,Widget A
ORD-007023,CUS-1002,01/02/2024,92.94,9,South,Widget A
ORD-007024,CUS-1001,2024-01-01,-71.9,12,East,Widget A
ORD-007025,CUS-1002,2024-01-01,1058.14,14,South,Gadget C
ORD-007026,CUS-1002,2024-01-01,1718.01,5,North,Widget B
ORD-007027,CUS-1001,2024-03-15,717.79,24,West,Gadget C
ORD-007028,CUS-1002,01/02/2024,1535.6,8,East,Widget A
ORD-007029,nan,2024-03-15,1575.58,9,West,Widget B
ORD-007030,CUS-1001,2024-03-15,79.55,5,  Central  ,Widget B
ORD-007031,CUS-1001,2024-03-15,1349.55,4,East,Gadget C
ORD-007032,CUS-1001,2024-06-30,-324.25,41,North,Widget B
ORD-007033,CUS-1001,01/02/2024,412.83,38,East,Widget A
ORD-007034,CUS-1001,2024-01-01,839.62,34,East,Widget B
ORD-007035,CUS-1002,2024-01-01,1715.86,44,North,Widget A
ORD-007036,CUS-1001,01/02/2024,1382.65,23,East,Widget A
ORD-007037,CUS-1002,2024-03-15,1258.12,17,East,Gadget C
ORD-007038,nan,01/02/2024,-261.96,22,East,Widget B
ORD-007039,nan,2024-01-01,1336.68,23,North,Widget B
ORD-007040,CUS-1002,2024-03-15,1519.46,6,East,Gadget C
ORD-007041,CUS-1001,2024-01-01,1900.47,15,North,Gadget C
ORD-007042,CUS-1001,2024-01-01,-158.78,23,North,Widget B
ORD-007043,CUS-1001,2024-03-15,169.09,23,West,Gadget C
ORD-007044,nan,01/02/2024,1887.62,20,South,Widget A
ORD-007045,nan,2024-01-01,1585.93,5,East,Gadget C
ORD-007046,CUS-1001,2024-01-01,-175.15,14,South,Widget B
ORD-007047,CUS-1001,01/02/2024,1428.24,23,East,Gadget C
ORD-007048,CUS-1002,2024-01-01,614.9,11,North,Gadget C
ORD-007049,CUS-1001,2024-01-01,1214.01,23,North,Widget A
ORD-007050,nan,01/02/2024,572.75,16,  Central  ,Gadget C
ORD-007051,CUS-1001,01/02/2024,1462.79,16,South,Widget B
ORD-007052,CUS-1001,2024-01-01,381.59,46,West,Gadget C
ORD-007053,CUS-1002,01/02/2024,1670.72,43,East,Widget B
ORD-007054,CUS-1001,01/02/2024,155.07,35,North,Gadget C
ORD-007055,CUS-1001,2024-01-01,57.95,21,North,Widget B
ORD-007056,CUS-1003,2024-01-01,272.53,40,North,Widget B
ORD-007057,CUS-1001,2024-01-01,775.24,8,East,nan
ORD-007058,CUS-1002,2024-01-01,1316.8,10,South,Gadget C
ORD-007059,CUS-1001,2024-03-15,-176.31,37,  Central  ,Widget B
ORD-007060,CUS-1001,2024-01-01,956.66,45,North,Gadget C
ORD-007061,CUS-1001,2024-06-30,1732.5,8,South,Widget A
ORD-007062,CUS-1001,2024-01-01,1122.94,25,North,Widget B
ORD-007063,CUS-1001,01/02/2024,1020.14,5,East,nan
ORD-007064,CUS-1001,01/02/2024,844.67,48,North,Widget A
ORD-007065,CUS-1003,2024-03-15,1957.04,19,East,Gadget C
ORD-007066,CUS-1002,not-a-date,493.19,40,West,Widget B
ORD-007067,nan,01/02/2024,319.58,40,  Central  ,Widget A
ORD-007068,CUS-1002,2024-01-01,989.81,8,North,Gadget C
ORD-007069,CUS-1002,2024-06-30,1358.75,47,East,Widget A
ORD-007070,CUS-1002,2024-06-30,53.12,48,South,Widget B
ORD-007071,CUS-1001,2024-06-30,1715.41,33,South,Widget B
ORD-007072,CUS-1001,2024-01-01,573.4,48,West,Widget A
ORD-007073,CUS-1002,2024-01-01,1294.31,44,West,Widget B
ORD-007074,CUS-1003,2024-01-01,354.84,28,South,Widget B
ORD-007075,CUS-1002,2024-03-15,1745.12,28,East,nan
ORD-007076,CUS-1001,2024-01-01,724.19,49,West,Gadget C
ORD-007077,nan,2024-01-01,382.05,10,South,Widget A
ORD-007078,CUS-1001,01/02/2024,49.29,24,North,Gadget C
ORD-007079,nan,2024-01-01,624.48,28,West,Gadget C
ORD-007080,CUS-1003,2024-03-15,764.63,5,East,Widget B
ORD-007081,CUS-1003,2024-01-01,79.88,37,South,nan
ORD-007082,CUS-1003,2024-03-15,1115.17,31,North,Widget B
ORD-007083,CUS-1001,2024-01-01,914.86,4,West,Widget A
ORD-007084,CUS-1002,01/02/2024,991.19,42,South,Widget B
ORD-007085,CUS-1003,01/02/2024,275.61,21,East,Widget B
ORD-007086,CUS-1002,2024-01-01,772.32,6,North,Widget B
ORD-007087,CUS-1001,2024-01-01,1936.01,5,North,Widget A
ORD-007088,CUS-1001,2024-03-15,721.26,14,South,Widget A
ORD-007089,CUS-1001,01/02/2024,1587.99,20,North,Widget A
ORD-007090,CUS-1002,2024-01-01,257.09,20,North,Gadget C
ORD-007091,CUS-1002,2024-03-15,254.41,28,North,Widget A
ORD-007092,CUS-1003,2024-01-01,1997.86,33,East,Widget A
ORD-007093,CUS-1003,2024-01-01,1300.24,36,South,Widget A
ORD-007094,CUS-1002,2024-01-01,1333.02,22,  Central  ,Widget A
ORD-007095,CUS-1001,2024-01-01,857.59,18,  Central  ,Widget A
ORD-007096,CUS-1002,2024-01-01,1524.68,37,South,Widget A
ORD-007097,CUS-1001,2024-01-01,1857.07,6,West,Widget B
ORD-007098,CUS-1001,2024-01-01,173.19,45,North,Gadget C
ORD-007099,CUS-1001,2024-01-01,353.08,25,South,Widget B
ORD-007100,CUS-1001,01/02/2024,1733.48,31,South,Widget B
ORD-007101,CUS-1001,01/02/2024,167.49,7,West,Widget B
ORD-007102,CUS-1002,2024-01-01,724.68,5,South,Widget B
ORD-007103,CUS-1001,2024-01-01,-264.53,5,North,Widget B
ORD-007104,CUS-1001,01/02/2024,821.86,20,East,Widget A
ORD-007105,CUS-1001,01/02/2024,899.85,36,East,Widget A
ORD-007106,CUS-1002,2024-03-15,368.46,47,South,Widget B
ORD-007107,CUS-1002,2024-01-01,172.47,30,West,Widget A
ORD-007108,CUS-1001,2024-01-01,840.6,22,East,Widget A
ORD-007109,CUS-1001,2024-01-01,1033.84,27,North,Widget B
ORD-007110,nan,01/02/2024,1476.69,9,North,Widget B
ORD-007111,CUS-1002,2024-01-01,1454.73,9,East,Widget A
ORD-007112,CUS-1002,2024-01-01,149.14,43,East,Widget A
ORD-007113,CUS-1002,2024-01-01,-23.13,46,North,Gadget C
ORD-007114,CUS-1003,01/02/2024,1689.1,42,South,Widget A
ORD-007115,nan,2024-01-01,1198.01,43,North,Widget A
ORD-007116,CUS-1001,01/02/2024,1711.17,36,  Central  ,Widget B
ORD-007117,CUS-1002,2024-01-01,1902.21,42,South,nan
ORD-007118,CUS-1001,2024-01-01,-139.47,3,East,Widget B
ORD-007119,CUS-1002,2024-01-01,274.58,4,North,Widget B
ORD-007120,CUS-1001,2024-06-30,177.01,44,South,Gadget C
ORD-007121,CUS-1001,2024-01-01,261.57,4,  Central  ,Widget A
ORD-007122,nan,2024-01-01,1368.14,13,West,Widget B
ORD-007123,CUS-1003,2024-03-15,247.93,24,South,Widget A
ORD-007124,CUS-1001,2024-01-01,1905.29,26,West,Widget B
ORD-007125,nan,2024-01-01,1321.38,15,South,Widget B
ORD-007126,CUS-1001,2024-01-01,1911.5,44,East,Gadget C
ORD-007127,CUS-1002,01/02/2024,1131.38,17,South,Widget B
ORD-007128,CUS-1003,2024-01-01,412.61,39,East,Widget B
ORD-007129,CUS-1001,2024-03-15,344.67,35,West,Widget B
ORD-007130,CUS-1002,2024-03-15,1538.1,3,North,Widget A
ORD-007131,CUS-1002,01/02/2024,10.21,46,West,Widget B
ORD-007132,CUS-1001,2024-01-01,-381.1,11,South,Widget A
ORD-007133,CUS-1002,2024-03-15,68.72,30,West,Widget B
ORD-007134,CUS-1001,not-a-date,1212.83,30,  Central  ,Widget A
ORD-007135,CUS-1002,2024-03-15,783.84,2,South,Widget A
ORD-007136,CUS-1001,2024-01-01,-358.79,48,  Central  ,Gadget C
ORD-007137,CUS-1001,01/02/2024,1566.51,2,West,Widget A
ORD-007138,CUS-1002,2024-03-15,232.79,22,West,Widget B
ORD-007139,CUS-1001,2024-06-30,1893.13,12,North,Widget B
ORD-007140,CUS-1002,2024-01-01,1195.6,11,South,Widget B
ORD-007141,CUS-1002,2024-03-15,770.1,1,South,Widget A
ORD-007142,CUS-1003,01/02/2024,1958.37,7,West,Gadget C
ORD-007143,CUS-1001,not-a-date,1625.13,7,South,Widget A
ORD-007144,CUS-1003,01/02/2024,332.52,33,South,Widget A
ORD-007145,CUS-1002,not-a-date,186.21,3,South,Widget B
ORD-007146,CUS-1001,2024-01-01,1846.54,27,  Central  ,Gadget C
ORD-007147,CUS-1003,2024-01-01,1173.89,14,East,Gadget C
ORD-007148,CUS-1002,2024-01-01,-61.67,2,South,Gadget C
ORD-007149,CUS-1002,2024-03-15,-247.85,3,West,Widget A
ORD-007150,CUS-1002,2024-01-01,1088.13,41,South,Gadget C
ORD-007151,CUS-1002,01/02/2024,550.26,45,West,Widget A
ORD-007152,nan,2024-06-30,394.26,31,East,Widget A
ORD-007153,CUS-1002,not-a-date,788.21,26,South,Widget A
ORD-007154,CUS-1003,01/02/2024,81.02,12,North,Widget A
ORD-007155,CUS-1002,2024-03-15,1199.75,43,East,Widget B
ORD-007156,CUS-1003,2024-01-01,1245.99,25,West,Widget B
ORD-007157,nan,2024-01-01,1393.05,34,South,Widget B
ORD-007158,CUS-1001,01/02/2024,55.46,39,  Central  ,Widget A
ORD-007159,CUS-1001,2024-03-15,-221.25,23,East,Widget B
ORD-007160,CUS-1002,2024-01-01,1546.98,17,West,Widget B
ORD-007161,CUS-1002,2024-01-01,1153.61,23,North,Widget A
ORD-007162,CUS-1002,01/02/2024,28.02,44,East,Widget A
ORD-007163,CUS-1003,2024-01-01,1464.1,36,  Central  ,Widget A
ORD-007164,nan,2024-03-15,839.04,34,South,Widget A
ORD-007165,CUS-1001,2024-01-01,533.52,16,West,Widget B
ORD-007166,CUS-1002,2024-03-15,1510.96,16,West,Widget A
ORD-007167,CUS-1001,01/02/2024,-29.22,27,South,Gadget C
ORD-007168,CUS-1002,2024-03-15,912.69,2,West,Widget B
ORD-007169,CUS-1001,2024-03-15,1722.95,6,South,Widget A
ORD-007170,CUS-1002,2024-01-01,307.88,28,South,Widget A
ORD-007171,CUS-1002,2024-01-01,1135.66,39,East,Widget A
ORD-007172,CUS-1002,not-a-date,216.86,19,North,Gadget C
ORD-007173,CUS-1002,2024-01-01,1955.93,17,  Central  ,Widget A
ORD-007174,CUS-1001,01/02/2024,630.59,35,North,nan
ORD-007175,CUS-1001,2024-01-01,1821.35,9,West,nan
ORD-007176,CUS-1001,2024-03-15,740.35,5,East,Widget A
ORD-007177,nan,2024-01-01,1693.88,37,East,Gadget C
ORD-007178,nan,01/02/2024,1531.57,25,  Central  ,Widget A
ORD-007179,CUS-1001,01/02/2024,472.77,5,  Central  ,Widget A
ORD-007180,CUS-1001,2024-01-01,1297.37,32,West,Gadget C
ORD-007181,CUS-1002,2024-01-01,474.35,47,West,Widget B
ORD-007182,CUS-1002,not-a-date,47.76,18,East,Widget B
ORD-007183,CUS-1001,01/02/2024,607.95,34,North,Widget A
ORD-007184,CUS-1001,2024-06-30,1424.01,35,South,Widget B
ORD-007185,CUS-1001,2024-03-15,365.3,37,East,Gadget C
ORD-007186,CUS-1001,01/02/2024,1259.33,24,North,Widget A
ORD-007187,CUS-1001,01/02/2024,1532.12,5,East,nan
ORD-007188,CUS-1001,2024-06-30,627.58,7,East,Gadget C
ORD-007189,CUS-1002,01/02/2024,213.13,28,West,Widget A
ORD-007190,CUS-1002,2024-01-01,1197.22,26,East,Widget B
ORD-007191,CUS-1001,2024-03-15,271.4,2,West,Widget A
ORD-007192,CUS-1002,2024-06-30,15.17,12,South,Gadget C
ORD-007193,CUS-1002,2024-01-01,270.16,17,East,Gadget C
ORD-007194,CUS-1003,2024-01-01,540.63,40,East,Widget A
ORD-007195,nan,01/02/2024,1357.98,36,South,Widget A
ORD-007196,CUS-1001,2024-03-15,671.86,43,East,Widget B
ORD-007197,nan,2024-01-01,1837.95,11,South,Widget B
ORD-007198,CUS-1002,2024-03-15,1487.1,43,West,Widget A
ORD-007199,CUS-1002,01/02/2024,1975.07,35,  Central  ,Widget A
ORD-007200,CUS-1001,2024-01-01,1333.94,3,South,Widget B
ORD-007201,CUS-1001,01/02/2024,-112.01,27,East,Widget B
ORD-007202,CUS-1001,2024-01-01,306.27,13,West,Widget A
ORD-007203,nan,2024-03-15,546.49,45,East,Widget A
ORD-007204,CUS-1002,2024-01-01,1409.63,22,South,Widget A
ORD-007205,CUS-1001,2024-03-15,1294.07,25,East,Gadget C
ORD-007206,CUS-1002,2024-01-01,418.4,47,South,Widget A
ORD-007207,CUS-1001,2024-06-30,1399.14,15,South,Widget B
ORD-007208,CUS-1001,2024-03-15,565.31,31,  Central  ,Widget A
ORD-007209,CUS-1002,2024-01-01,1340.23,43,South,Widget A
ORD-007210,CUS-1002,2024-06-30,628.47,28,  Central  ,Widget B
ORD-007211,CUS-1003,2024-01-01,428.54,24,West,Widget A
ORD-007212,CUS-1002,01/02/2024,994.73,15,South,Widget B
ORD-007213,CUS-1002,2024-06-30,1961.69,15,  Central  ,Widget B
ORD-007214,CUS-1003,2024-06-30,1296.71,41,North,nan
ORD-007215,CUS-1001,01/02/2024,709.77,21,  Central  ,Widget A
ORD-007216,CUS-1002,2024-06-30,1041.7,17,West,Widget A
ORD-007217,CUS-1002,2024-01-01,882.83,22,East,Widget B
ORD-007218,CUS-1001,2024-01-01,72.37,3,South,Widget A
ORD-007219,CUS-1001,2024-01-01,1351.83,11,  Central  ,Widget B
ORD-007220,CUS-1001,2024-01-01,418.94,45,West,Widget B
ORD-007221,CUS-1001,01/02/2024,1073.11,40,East,Widget B
ORD-007222,CUS-1002,2024-01-01,151.11,44,West,Gadget C
ORD-007223,CUS-1001,01/02/2024,-137.02,41,East,Widget A
ORD-007224,CUS-1002,2024-01-01,44.68,2,West,Gadget C
ORD-007225,CUS-1001,2024-01-01,649.71,22,East,Gadget C
ORD-007226,CUS-1001,2024-03-15,772.8,7,North,Widget A
ORD-007227,CUS-1001,2024-01-01,1547.02,1,North,Widget A
ORD-007228,CUS-1001,2024-03-15,1947.44,12,West,Widget A
ORD-007229,nan,2024-03-15,390.75,6,South,Gadget C
ORD-007230,CUS-1001,01/02/2024,286.73,45,West,Widget B
ORD-007231,CUS-1001,not-a-date,1247.19,25,East,Widget A
ORD-007232,CUS-1001,2024-06-30,442.42,47,North,Widget A
ORD-007233,CUS-1001,2024-01-01,58.19,13,West,Gadget C
ORD-007234,CUS-1002,01/02/2024,471.3,25,West,Widget A
ORD-007235,CUS-1003,2024-01-01,476.7,17,East,Gadget C
ORD-007236,CUS-1001,2024-01-01,1107.55,26,  Central  ,Widget A
ORD-007237,CUS-1002,01/02/2024,905.56,26,West,Widget B
ORD-007238,CUS-1002,2024-03-15,673.56,3,West,Widget A
ORD-007239,CUS-1003,2024-03-15,585.29,33,East,Widget A
ORD-007240,CUS-1002,2024-03-15,543.06,11,West,Widget B
ORD-007241,CUS-1001,2024-03-15,1724.9,10,South,Gadget C
ORD-007242,CUS-1002,01/02/2024,927.01,49,South,Widget B
ORD-007243,CUS-1003,2024-01-01,1711.3,34,East,Widget A
ORD-007244,CUS-1002,2024-01-01,1991.55,5,West,Widget B
ORD-007245,nan,01/02/2024,996.25,6,North,Widget A
ORD-007246,CUS-1003,2024-03-15,1857.7,4,South,Widget B
ORD-007247,CUS-1001,2024-01-01,357.43,28,North,Widget A
ORD-007248,CUS-1003,2024-01-01,626.47,34,East,Gadget C
ORD-007249,CUS-1002,2024-01-01,1321.23,33,South,Gadget C
ORD-007250,CUS-1002,01/02/2024,483.65,1,North,Widget B
ORD-007251,CUS-1002,2024-01-01,1187.61,15,South,Widget A
ORD-007252,CUS-1003,2024-01-01,1798.91,9,South,Gadget C
ORD-007253,CUS-1002,2024-01-01,1947.49,41,West,Widget A
ORD-007254,CUS-1002,2024-01-01,1074.4,8,South,Widget A
ORD-007255,CUS-1001,01/02/2024,1476.07,39,North,Widget A
ORD-007256,CUS-1002,2024-06-30,1210.43,12,South,Gadget C
ORD-007257,nan,2024-01-01,845.61,44,East,Widget A
ORD-007258,CUS-1002,01/02/2024,719.43,16,  Central  ,Gadget C
ORD-007259,CUS-1001,01/02/2024,1232.16,17,West,Widget B
ORD-007260,nan,01/02/2024,697.8,27,South,Gadget C
ORD-007261,CUS-1003,2024-01-01,1500.51,46,East,Widget B
ORD-007262,CUS-1002,2024-01-01,261.08,22,  Central  ,Widget A
ORD-007263,CUS-1001,2024-06-30,1440.0,24,North,Widget B
ORD-007264,CUS-1002,2024-06-30,1027.01,19,West,Gadget C
ORD-007265,CUS-1001,2024-01-01,172.74,16,West,Widget B
ORD-007266,CUS-1001,01/02/2024,1680.73,49,  Central  ,Widget A
ORD-007267,CUS-1002,2024-01-01,1104.22,31,  Central  ,Widget B
ORD-007268,nan,2024-01-01,1472.37,48,North,Widget A
ORD-007269,CUS-1001,2024-01-01,256.2,44,East,Widget B
ORD-007270,CUS-1003,2024-03-15,318.77,22,North,Widget B
ORD-007271,nan,2024-01-01,1758.48,44,South,Widget A
ORD-007272,CUS-1001,2024-01-01,938.98,7,West,Widget A
ORD-007273,CUS-1001,2024-01-01,598.82,12,West,Gadget C
ORD-007274,CUS-1002,2024-01-01,1042.57,23,South,Widget A
ORD-007275,CUS-1003,2024-01-01,-444.29,8,West,Widget B
ORD-007276,CUS-1001,01/02/2024,1947.9,1,North,Widget B
ORD-007277,CUS-1002,01/02/2024,402.01,22,South,Widget B
ORD-007278,CUS-1002,2024-01-01,1064.84,4,North,Widget A
ORD-007279,CUS-1002,2024-01-01,671.5,46,West,Widget B
ORD-007280,CUS-1002,2024-03-15,338.58,27,South,Gadget C
ORD-007281,CUS-1001,2024-01-01,1366.17,48,North,Widget B
ORD-007282,CUS-1001,2024-01-01,282.59,32,South,Widget A
ORD-007283,CUS-1001,not-a-date,556.31,14,South,Widget A
ORD-007284,nan,01/02/2024,979.84,33,West,Widget B
ORD-007285,nan,2024-01-01,853.31,4,South,Widget B
ORD-007286,CUS-1003,2024-01-01,1822.01,25,South,Gadget C
ORD-007287,CUS-1001,2024-01-01,1305.43,35,North,Gadget C
ORD-007288,CUS-1002,2024-01-01,148.14,22,West,Widget A
ORD-007289,CUS-1001,not-a-date,294.99,12,North,Widget B
ORD-007290,CUS-1001,01/02/2024,1176.59,46,South,Widget B
ORD-007291,CUS-1001,2024-01-01,458.72,11,North,Widget A
ORD-007292,CUS-1003,2024-01-01,399.46,14,  Central  ,Widget A
ORD-007293,CUS-1001,2024-01-01,1975.24,37,East,Widget B
ORD-007294,CUS-1002,2024-01-01,1421.87,13,North,Widget B
ORD-007295,nan,01/02/2024,611.91,10,East,Widget B
ORD-007296,CUS-1002,2024-01-01,65.37,8,West,Widget A
ORD-007297,CUS-1001,not-a-date,1592.26,39,East,Widget B
ORD-007298,nan,2024-03-15,1158.7,6,East,Widget A
ORD-007299,CUS-1002,2024-06-30,629.55,46,South,Widget B
ORD-007300,CUS-1002,not-a-date,1059.38,8,East,Widget A
ORD-007301,CUS-1002,2024-06-30,1794.04,8,North,Widget A
ORD-007302,CUS-1003,2024-06-30,136.26,48,North,Widget A
ORD-007303,CUS-1002,2024-01-01,1466.66,27,  Central  ,Widget A
ORD-007304,CUS-1002,2024-01-01,1726.88,36,West,Widget A
ORD-007305,CUS-1002,2024-01-01,1045.8,35,North,Widget B
ORD-007306,CUS-1001,01/02/2024,1922.19,15,East,Widget A
ORD-007307,CUS-1003,01/02/2024,471.03,27,West,Widget A
ORD-007308,CUS-1001,2024-01-01,1445.23,24,East,nan
ORD-007309,CUS-1001,2024-03-15,855.47,45,East,Widget B
ORD-007310,CUS-1001,2024-03-15,764.34,42,South,Widget A
ORD-007311,CUS-1001,01/02/2024,1276.24,4,East,Widget B
ORD-007312,CUS-1001,2024-01-01,1222.8,32,West,Widget A
ORD-007313,CUS-1002,2024-01-01,740.68,49,South,Widget A
ORD-007314,CUS-1001,01/02/2024,757.24,23,West,Gadget C
ORD-007315,CUS-1001,2024-01-01,964.98,28,East,Gadget C
ORD-007316,CUS-1003,01/02/2024,1985.75,38,North,Widget B
ORD-007317,nan,2024-01-01,1599.02,11,North,Widget A
ORD-007318,CUS-1002,2024-01-01,738.93,14,West,Widget B
ORD-007319,CUS-1001,2024-01-01,732.71,32,South,Widget B
ORD-007320,CUS-1001,01/02/2024,1794.55,48,South,Widget B
ORD-007321,CUS-1001,2024-01-01,1560.73,33,South,Widget B
ORD-007322,CUS-1001,2024-06-30,1310.56,38,East,Widget A
ORD-007323,nan,2024-01-01,1431.11,1,North,Gadget C
ORD-007324,CUS-1002,2024-06-30,123.42,5,South,Widget B
ORD-007325,CUS-1001,2024-01-01,194.33,42,South,Widget B
ORD-007326,nan,2024-01-01,638.3,39,West,Widget B
ORD-007327,CUS-1002,2024-06-30,950.46,4,North,Gadget C
ORD-007328,CUS-1001,2024-03-15,1424.87,20,South,Widget B
ORD-007329,CUS-1002,01/02/2024,1566.44,11,East,Widget B
ORD-007330,CUS-1001,2024-03-15,1770.73,30,West,Widget A
ORD-007331,nan,2024-01-01,549.17,30,West,Widget B
ORD-007332,CUS-1001,2024-03-15,1498.52,2,North,Gadget C
ORD-007333,CUS-1002,2024-01-01,-267.57,38,South,Widget A
ORD-007334,CUS-1001,2024-03-15,424.29,9,North,Widget A
ORD-007335,nan,2024-06-30,148.73,32,North,Widget B
ORD-007336,CUS-1002,not-a-date,1794.07,41,South,Widget A
ORD-007337,CUS-1002,2024-03-15,278.45,31,East,Widget A
ORD-007338,CUS-1001,01/02/2024,1442.36,49,West,Gadget C
ORD-007339,nan,01/02/2024,780.78,25,West,Widget A
ORD-007340,CUS-1002,2024-01-01,717.48,14,South,Widget A
ORD-007341,CUS-1001,not-a-date,1881.77,26,North,Widget B
ORD-007342,CUS-1003,01/02/2024,708.77,36,East,Gadget C
ORD-007343,CUS-1001,2024-01-01,821.22,22,East,Widget A
ORD-007344,CUS-1001,2024-03-15,41.23,5,East,Widget A
ORD-007345,CUS-1002,2024-01-01,375.27,14,West,Gadget C
ORD-007346,CUS-1001,2024-03-15,729.36,26,South,Widget A
ORD-007347,CUS-1002,2024-03-15,1335.21,18,South,Widget A
ORD-007348,CUS-1001,2024-01-01,137.23,45,East,Widget A
ORD-007349,CUS-1001,2024-01-01,705.52,44,East,Gadget C
ORD-007350,CUS-1001,2024-03-15,736.89,32,South,Gadget C
ORD-007351,CUS-1001,2024-01-01,1584.11,19,South,Widget B
ORD-007352,nan,2024-06-30,557.22,9,  Central  ,Gadget C
ORD-007353,CUS-1002,2024-01-01,1784.91,38,West,Widget A
ORD-007354,CUS-1002,2024-01-01,1888.5,47,East,Widget A
ORD-007355,CUS-1001,2024-01-01,450.95,31,South,Widget B
ORD-007356,CUS-1002,2024-03-15,-106.54,1,  Central  ,Gadget C
ORD-007357,CUS-1001,01/02/2024,1469.59,11,East,Widget A
ORD-007358,CUS-1001,2024-03-15,544.6,27,South,Widget A
ORD-007359,CUS-1002,2024-06-30,1653.77,8,South,Widget A
ORD-007360,CUS-1002,01/02/2024,1948.03,29,South,Widget B
ORD-007361,CUS-1003,2024-01-01,1266.41,7,North,Widget A
ORD-007362,nan,2024-01-01,330.98,22,South,Widget B
ORD-007363,CUS-1003,not-a-date,13.85,25,South,Widget A
ORD-007364,CUS-1001,2024-01-01,825.67,32,South,Widget A
ORD-007365,CUS-1001,not-a-date,461.51,10,East,Widget A
ORD-007366,CUS-1001,not-a-date,1550.1,30,South,Gadget C
ORD-007367,CUS-1003,01/02/2024,944.91,13,North,Widget B
ORD-007368,nan,01/02/2024,1268.14,22,  Central  ,Widget B
ORD-007369,nan,2024-06-30,1216.46,42,North,Widget A
ORD-007370,CUS-1001,2024-03-15,82.22,4,South,Widget A
ORD-007371,CUS-1003,01/02/2024,1418.91,24,West,Widget A
ORD-007372,CUS-1002,2024-01-01,1653.16,47,West,Widget A
ORD-007373,CUS-1003,2024-01-01,947.74,17,East,Widget B
ORD-007374,CUS-1002,2024-01-01,1168.28,21,North,Widget A
ORD-007375,CUS-1001,2024-06-30,296.13,10,East,Widget B
ORD-007376,CUS-1001,01/02/2024,1320.85,9,South,Gadget C
ORD-007377,nan,2024-03-15,1879.86,22,West,Widget A
ORD-007378,CUS-1002,2024-01-01,1426.79,28,South,Widget A
ORD-007379,CUS-1001,not-a-date,38.8,13,North,Widget B
ORD-007380,CUS-1001,2024-01-01,625.75,28,East,Gadget C
ORD-007381,CUS-1001,2024-03-15,1908.32,2,North,Gadget C
ORD-007382,nan,2024-01-01,1339.8,26,East,Widget A
ORD-007383,CUS-1001,not-a-date,656.14,43,South,Widget A
ORD-007384,CUS-1001,01/02/2024,1204.9,35,West,Widget A
ORD-007385,CUS-1003,2024-01-01,334.95,28,East,Gadget C
ORD-007386,CUS-1002,2024-01-01,1850.04,48,North,Widget A
ORD-007387,CUS-1001,2024-01-01,786.05,41,East,Widget B
ORD-007388,CUS-1001,2024-01-01,392.26,3,West,Widget B
ORD-007389,CUS-1001,2024-01-01,159.08,37,North,Widget A
ORD-007390,CUS-1001,2024-01-01,79.61,36,West,Widget B
ORD-007391,CUS-1001,2024-01-01,1293.68,1,West,Widget B
ORD-007392,CUS-1001,2024-01-01,1366.06,20,East,Widget A
ORD-007393,CUS-1002,2024-03-15,1320.5,33,South,Widget A
ORD-007394,CUS-1003,2024-01-01,635.11,33,East,Widget A
ORD-007395,nan,2024-01-01,1587.12,7,South,nan
ORD-007396,CUS-1001,not-a-date,1681.4,12,South,nan
ORD-007397,CUS-1001,2024-01-01,1210.12,4,North,Widget A
ORD-007398,nan,01/02/2024,1234.84,25,South,Gadget C
ORD-007399,CUS-1003,2024-06-30,392.97,2,West,Gadget C
ORD-007400,CUS-1002,2024-03-15,1717.61,31,North,Gadget C
ORD-007401,CUS-1001,01/02/2024,178.36,42,North,Widget B
ORD-007402,CUS-1001,01/02/2024,1606.64,39,North,Widget A
ORD-007403,CUS-1002,2024-03-15,843.12,28,South,nan
ORD-007404,CUS-1002,2024-03-15,205.31,33,East,Widget A
ORD-007405,CUS-1001,2024-01-01,132.19,38,West,Widget A
ORD-007406,nan,01/02/2024,1977.09,38,North,Widget B
ORD-007407,CUS-1002,not-a-date,1142.38,32,West,nan
ORD-007408,CUS-1002,2024-03-15,894.34,49,West,Widget B
ORD-007409,CUS-1001,2024-01-01,1851.6,7,South,Widget B
ORD-007410,CUS-1003,2024-01-01,931.43,24,North,Widget A
ORD-007411,CUS-1002,01/02/2024,-41.96,30,North,Widget B
ORD-007412,CUS-1001,2024-01-01,1708.84,42,North,Widget A
ORD-007413,CUS-1002,01/02/2024,1502.63,6,South,Widget A
ORD-007414,CUS-1002,2024-01-01,199.28,15,East,Gadget C
ORD-007415,CUS-1003,2024-01-01,1909.75,3,South,Widget B
ORD-007416,CUS-1001,2024-01-01,1258.35,15,East,Gadget C
ORD-007417,CUS-1003,not-a-date,822.92,17,West,Widget A
ORD-007418,CUS-1002,not-a-date,1535.22,16,North,Widget B
ORD-007419,CUS-1001,2024-03-15,157.12,5,West,Widget A
ORD-007420,CUS-1001,2024-06-30,365.18,29,North,Widget A
ORD-007421,CUS-1001,2024-06-30,1358.46,35,South,Widget A
ORD-007422,CUS-1001,2024-01-01,1262.82,10,West,Widget A
ORD-007423,CUS-1002,2024-01-01,1053.55,30,East,nan
ORD-007424,CUS-1002,2024-03-15,1352.46,19,West,Widget B
ORD-007425,CUS-1001,01/02/2024,1900.3,34,West,Gadget C
ORD-007426,nan,2024-01-01,269.3,23,North,Widget A
ORD-007427,CUS-1001,2024-06-30,692.25,45,South,Gadget C
ORD-007428,CUS-1002,2024-01-01,593.96,37,South,Widget A
ORD-007429,nan,2024-06-30,-175.56,18,  Central  ,Widget A
ORD-007430,CUS-1003,01/02/2024,382.55,24,  Central  ,Gadget C
ORD-007431,CUS-1002,2024-01-01,741.91,28,South,Widget A
ORD-007432,CUS-1002,not-a-date,1812.65,6,West,Gadget C
ORD-007433,CUS-1001,2024-03-15,1343.38,19,North,Gadget C
ORD-007434,CUS-1001,01/02/2024,72.01,14,West,Widget A
ORD-007435,CUS-1002,01/02/2024,1920.82,7,South,Gadget C
ORD-007436,CUS-1001,2024-01-01,129.68,13,West,Widget B
ORD-007437,CUS-1001,2024-01-01,1048.57,42,North,Widget B
ORD-007438,CUS-1001,2024-01-01,491.84,40,West,Gadget C
ORD-007439,nan,2024-01-01,1267.42,29,South,Widget B
ORD-007440,nan,2024-01-01,574.41,31,West,nan
ORD-007441,CUS-1003,01/02/2024,1636.98,31,North,Gadget C
ORD-007442,CUS-1002,2024-01-01,1134.73,35,West,Widget A
ORD-007443,CUS-1001,01/02/2024,632.68,13,East,Widget B
ORD-007444,CUS-1001,2024-01-01,1732.58,28,South,Widget A
ORD-007445,CUS-1002,2024-01-01,1556.7,41,South,Widget A
ORD-007446,CUS-1002,2024-06-30,991.35,2,South,Widget A
ORD-007447,CUS-1001,2024-06-30,987.53,25,East,Widget A
ORD-007448,CUS-1002,2024-03-15,941.08,6,North,Widget B
ORD-007449,CUS-1002,2024-01-01,1084.74,4,West,Widget A
ORD-007450,CUS-1001,2024-03-15,1717.75,31,West,Widget A
ORD-007451,CUS-1001,2024-01-01,156.8,16,South,nan
ORD-007452,CUS-1001,01/02/2024,782.97,25,North,Gadget C
ORD-007453,CUS-1002,not-a-date,1502.75,23,  Central  ,Widget B
ORD-007454,nan,2024-01-01,1928.47,28,East,nan
ORD-007455,CUS-1002,2024-06-30,314.78,17,East,Widget B
ORD-007456,CUS-1002,2024-03-15,96.51,26,East,Widget B
ORD-007457,CUS-1003,2024-01-01,1612.15,6,North,Widget A
ORD-007458,CUS-1001,2024-01-01,1941.12,13,West,Widget A
ORD-007459,CUS-1002,2024-03-15,1432.23,16,South,Widget A
ORD-007460,CUS-1002,2024-01-01,1112.56,27,South,Widget B
ORD-007461,CUS-1002,2024-01-01,474.43,1,East,Widget B
ORD-007462,CUS-1001,2024-01-01,1917.14,44,West,Widget B
ORD-007463,nan,2024-06-30,1447.32,11,West,Widget A
ORD-007464,nan,2024-01-01,1391.27,41,West,Widget B
ORD-007465,CUS-1001,2024-06-30,1765.1,32,South,nan
ORD-007466,CUS-1001,01/02/2024,1752.56,16,South,Gadget C
ORD-007467,CUS-1001,2024-01-01,170.56,27,West,Widget A
ORD-007468,CUS-1003,2024-01-01,-333.15,14,West,Widget A
ORD-007469,CUS-1002,2024-03-15,453.18,19,West,Gadget C
ORD-007470,CUS-1001,2024-01-01,-72.79,40,  Central  ,Widget A
ORD-007471,CUS-1003,2024-01-01,1071.96,48,South,Widget A
ORD-007472,CUS-1001,2024-01-01,1298.58,24,East,Widget A
ORD-007473,CUS-1002,not-a-date,698.52,3,East,Widget B
ORD-007474,CUS-1001,01/02/2024,855.45,22,South,Widget A
ORD-007475,CUS-1002,01/02/2024,607.05,32,East,Widget A
ORD-007476,CUS-1002,2024-01-01,1881.31,25,  Central  ,Widget A
ORD-007477,CUS-1001,2024-01-01,829.99,31,  Central  ,Widget B
ORD-007478,CUS-1002,2024-03-15,1673.44,8,East,Widget B
ORD-007479,nan,2024-01-01,319.27,26,North,nan
ORD-007480,CUS-1002,2024-06-30,641.31,21,West,Widget A
ORD-007481,nan,not-a-date,371.09,13,West,Widget B
ORD-007482,CUS-1002,2024-01-01,593.91,48,East,Widget A
ORD-007483,CUS-1003,not-a-date,1338.54,25,South,Widget B
ORD-007484,CUS-1001,01/02/2024,291.49,18,North,Widget A
ORD-007485,CUS-1003,01/02/2024,1076.59,24,South,Widget B
ORD-007486,CUS-1001,2024-01-01,16.22,32,North,Widget B
ORD-007487,CUS-1001,2024-06-30,1966.38,8,South,nan
ORD-007488,CUS-1001,2024-01-01,80.82,49,North,Widget A
ORD-007489,CUS-1001,2024-03-15,1511.24,12,East,Gadget C
ORD-007490,nan,2024-01-01,1739.82,6,North,Widget B
ORD-007491,nan,2024-01-01,1992.5,22,West,Widget B
ORD-007492,CUS-1003,2024-06-30,1303.75,48,North,Widget B
ORD-007493,CUS-1001,2024-01-01,1217.09,19,South,Widget A
ORD-007494,nan,2024-01-01,1119.58,29,North,Widget B
ORD-007495,CUS-1002,2024-03-15,1531.58,7,East,Widget A
ORD-007496,CUS-1001,2024-01-01,1742.76,25,South,Gadget C
ORD-007497,CUS-1002,not-a-date,1060.13,12,North,Widget A
ORD-007498,CUS-1002,2024-06-30,1443.12,1,East,nan
ORD-007499,CUS-1001,2024-01-01,1925.18,29,East,Widget A
ORD-007500,CUS-1002,01/02/2024,232.59,26,North,Gadget C
ORD-007501,CUS-1002,2024-06-30,1183.56,35,  Central  ,Widget A
ORD-007502,CUS-1001,2024-06-30,144.06,49,West,Widget A
ORD-007503,CUS-1002,01/02/2024,876.94,37,East,Gadget C
ORD-007504,CUS-1002,01/02/2024,1455.04,43,  Central  ,Gadget C
ORD-007505,CUS-1002,01/02/2024,766.81,27,West,Widget B
ORD-007506,nan,2024-01-01,209.21,47,South,Widget A
ORD-007507,CUS-1003,01/02/2024,1661.5,3,  Central  ,Widget A
ORD-007508,CUS-1002,2024-01-01,495.55,39,East,Gadget C
ORD-007509,CUS-1002,2024-01-01,1009.66,12,North,Widget B
ORD-007510,CUS-1002,2024-01-01,308.12,48,North,Widget B
ORD-007511,CUS-1002,not-a-date,1978.77,36,North,Widget A
ORD-007512,CUS-1001,2024-01-01,771.59,10,South,Widget A
ORD-007513,CUS-1002,2024-01-01,1645.13,15,North,Widget B
ORD-007514,CUS-1002,2024-01-01,775.26,4,East,Widget A
ORD-007515,CUS-1002,2024-01-01,705.81,33,South,Widget B
ORD-007516,CUS-1003,2024-06-30,488.58,11,South,Gadget C
ORD-007517,CUS-1002,2024-01-01,815.03,32,South,Widget A
ORD-007518,CUS-1001,2024-01-01,1751.76,4,South,Widget A
ORD-007519,CUS-1001,2024-06-30,1326.7,26,  Central  ,Widget A
ORD-007520,CUS-1001,2024-01-01,115.65,11,South,Widget A
ORD-007521,CUS-1001,2024-01-01,1086.76,16,  Central  ,Widget A
ORD-007522,CUS-1002,2024-03-15,1000.56,21,West,Widget A
ORD-007523,CUS-1001,2024-03-15,1377.03,4,South,Widget A
ORD-007524,CUS-1001,2024-01-01,1513.08,19,North,Gadget C
ORD-007525,CUS-1001,2024-03-15,1135.81,36,West,Widget A
ORD-007526,CUS-1003,01/02/2024,1753.04,17,North,Widget B
ORD-007527,CUS-1003,01/02/2024,1287.64,13,North,Widget A
ORD-007528,CUS-1001,2024-01-01,682.65,24,West,Widget A
ORD-007529,CUS-1001,2024-03-15,758.89,14,East,Widget B
ORD-007530,CUS-1001,01/02/2024,1718.49,44,North,Widget A
ORD-007531,CUS-1001,2024-03-15,527.05,7,South,Widget A
ORD-007532,CUS-1001,2024-06-30,293.66,24,West,Gadget C
ORD-007533,CUS-1001,not-a-date,1507.11,36,North,Widget A
ORD-007534,CUS-1001,2024-03-15,860.7,20,West,Widget B
ORD-007535,nan,2024-01-01,461.07,48,South,Gadget C
ORD-007536,CUS-1002,2024-01-01,1660.89,49,West,Widget A
ORD-007537,CUS-1003,01/02/2024,378.08,24,East,Widget A
ORD-007538,CUS-1001,2024-01-01,1467.55,35,  Central  ,Gadget C
ORD-007539,CUS-1001,2024-03-15,686.97,18,West,Widget A
ORD-007540,nan,2024-03-15,1427.59,47,South,Widget A
ORD-007541,CUS-1001,01/02/2024,1548.05,26,South,Widget A
ORD-007542,CUS-1002,2024-01-01,322.98,31,  Central  ,Widget A
ORD-007543,nan,not-a-date,1651.39,20,North,Widget A
ORD-007544,CUS-1002,01/02/2024,1240.72,21,South,Gadget C
ORD-007545,CUS-1001,01/02/2024,1719.56,16,East,Widget A
ORD-007546,CUS-1002,01/02/2024,72.57,13,South,Gadget C
ORD-007547,CUS-1001,2024-01-01,1516.11,48,North,Widget A
ORD-007548,CUS-1001,2024-03-15,1971.98,17,North,Widget B
ORD-007549,CUS-1001,2024-01-01,1408.75,46,South,Widget B
ORD-007550,nan,01/02/2024,1836.42,1,West,Widget B
ORD-007551,CUS-1002,2024-01-01,835.36,31,East,Gadget C
ORD-007552,CUS-1001,2024-01-01,1406.19,40,South,Widget A
ORD-007553,CUS-1001,2024-01-01,1138.75,1,North,Widget B
ORD-007554,CUS-1002,2024-01-01,677.08,4,East,Gadget C
ORD-007555,nan,not-a-date,1250.18,19,North,Widget A
ORD-007556,CUS-1001,2024-03-15,728.08,16,North,Widget A
ORD-007557,CUS-1001,2024-01-01,1899.24,10,North,Widget A
ORD-007558,CUS-1003,2024-01-01,1597.31,25,East,Widget A
ORD-007559,nan,2024-03-15,1743.04,29,West,Widget A
ORD-007560,nan,2024-01-01,1275.07,43,East,Widget A
ORD-007561,CUS-1001,2024-01-01,1682.51,20,South,Widget A
ORD-007562,CUS-1001,2024-01-01,740.0,39,North,Widget A
ORD-007563,CUS-1002,01/02/2024,1326.25,21,South,Gadget C
ORD-007564,CUS-1001,2024-06-30,674.22,38,South,Widget B
ORD-007565,nan,2024-01-01,1193.0,46,East,Widget A
ORD-007566,CUS-1001,2024-06-30,152.15,21,  Central  ,Gadget C
ORD-007567,CUS-1002,not-a-date,1586.17,45,North,Widget B
ORD-007568,nan,2024-06-30,849.22,28,South,Widget A
ORD-007569,nan,2024-03-15,1968.09,14,East,Widget B
ORD-007570,CUS-1002,not-a-date,1717.9,43,South,Gadget C
ORD-007571,nan,01/02/2024,1232.56,31,North,Widget A
ORD-007572,CUS-1001,not-a-date,539.06,28,North,nan
ORD-007573,CUS-1001,2024-01-01,-199.83,43,East,Widget A
ORD-007574,CUS-1001,2024-03-15,1515.86,32,East,Widget B
ORD-007575,nan,01/02/2024,949.72,48,East,Widget A
ORD-007576,nan,2024-01-01,-221.51,1,West,Widget A
ORD-007577,CUS-1001,2024-01-01,1753.82,37,North,Widget A
ORD-007578,CUS-1001,2024-01-01,283.02,24,South,nan
ORD-007579,CUS-1001,2024-01-01,1003.96,5,South,Widget B
ORD-007580,CUS-1001,2024-01-01,1733.04,18,North,Gadget C
ORD-007581,CUS-1003,2024-01-01,788.4,34,West,Widget B
ORD-007582,CUS-1001,2024-01-01,1769.34,4,South,Gadget C
ORD-007583,CUS-1003,01/02/2024,1120.83,25,East,Widget A
ORD-007584,CUS-1002,2024-01-01,808.69,34,South,Gadget C
ORD-007585,CUS-1001,2024-01-01,1983.21,15,North,Gadget C
ORD-007586,CUS-1001,2024-01-01,332.14,43,North,Widget B
ORD-007587,nan,2024-01-01,701.11,44,South,Widget B
ORD-007588,CUS-1002,2024-01-01,447.39,32,North,Gadget C
ORD-007589,CUS-1002,2024-06-30,1966.27,32,East,Widget A
ORD-007590,CUS-1001,2024-01-01,308.97,14,East,Widget A
ORD-007591,nan,2024-01-01,247.51,45,West,Gadget C
ORD-007592,CUS-1003,01/02/2024,535.19,25,North,Widget A
ORD-007593,CUS-1003,not-a-date,1221.09,4,West,Widget A
ORD-007594,CUS-1002,2024-01-01,536.91,18,East,Widget B
ORD-007595,nan,2024-01-01,660.94,39,East,Widget A
ORD-007596,CUS-1001,01/02/2024,1072.87,29,  Central  ,Gadget C
ORD-007597,CUS-1002,2024-01-01,1275.84,29,East,Widget B
ORD-007598,CUS-1001,2024-01-01,1163.81,34,West,nan
ORD-007599,CUS-1002,2024-06-30,1233.79,15,South,Widget B
ORD-007600,nan,2024-06-30,1345.1,13,West,Widget B
ORD-007601,nan,01/02/2024,1755.75,43,  Central  ,Widget B
ORD-007602,CUS-1002,2024-01-01,1353.41,24,North,Widget A
ORD-007603,CUS-1002,01/02/2024,1444.68,40,South,Widget A
ORD-007604,nan,2024-06-30,799.07,31,West,Widget B
ORD-007605,nan,2024-06-30,1889.87,28,South,Gadget C
ORD-007606,CUS-1003,2024-01-01,1618.43,25,East,Widget A
ORD-007607,CUS-1001,2024-01-01,1169.7,48,North,Widget B
ORD-007608,CUS-1001,2024-01-01,902.37,29,South,Widget A
ORD-007609,nan,2024-03-15,47.64,40,East,Widget B
ORD-007610,CUS-1003,2024-01-01,1973.14,12,South,Gadget C
ORD-007611,CUS-1002,2024-01-01,291.59,23,East,Widget A
ORD-007612,CUS-1002,2024-01-01,1023.07,27,East,Widget B
ORD-007613,CUS-1001,2024-01-01,690.19,3,  Central  ,Widget A
ORD-007614,CUS-1001,not-a-date,658.84,49,North,Widget B
ORD-007615,CUS-1003,2024-01-01,844.73,30,East,Widget B
ORD-007616,CUS-1001,2024-01-01,-56.69,6,South,Widget A
ORD-007617,CUS-1002,2024-03-15,29.91,22,  Central  ,Widget A
ORD-007618,CUS-1002,01/02/2024,316.64,49,West,Widget B
ORD-007619,CUS-1003,2024-03-15,1230.24,29,South,Gadget C
ORD-007620,CUS-1001,2024-03-15,1481.3,11,West,Widget B
ORD-007621,CUS-1002,2024-01-01,1353.43,3,East,Widget A
ORD-007622,CUS-1001,2024-01-01,1982.07,20,South,Widget B
ORD-007623,CUS-1001,2024-01-01,104.98,41,North,Widget A
ORD-007624,CUS-1001,2024-03-15,1035.24,14,North,Gadget C
ORD-007625,CUS-1001,2024-06-30,842.79,40,East,Widget B
ORD-007626,nan,2024-01-01,405.84,28,South,Widget B
ORD-007627,nan,2024-03-15,1782.07,37,North,Widget A
ORD-007628,CUS-1001,2024-03-15,295.61,45,West,Widget A
ORD-007629,CUS-1003,2024-06-30,1014.14,39,East,Widget A
ORD-007630,CUS-1002,2024-01-01,392.34,35,  Central  ,Widget B
ORD-007631,CUS-1002,2024-01-01,878.6,9,South,Widget B
ORD-007632,nan,2024-03-15,1583.14,36,North,Widget A
ORD-007633,CUS-1002,2024-03-15,1404.18,26,West,Widget A
ORD-007634,CUS-1001,2024-03-15,1403.82,11,West,Gadget C
ORD-007635,CUS-1001,not-a-date,437.99,38,North,Widget A
ORD-007636,CUS-1002,2024-01-01,55.48,45,South,Gadget C
ORD-007637,nan,01/02/2024,1442.93,31,South,Widget B
ORD-007638,CUS-1002,2024-01-01,221.16,43,West,Widget A
ORD-007639,CUS-1001,2024-01-01,-240.87,26,North,Gadget C
ORD-007640,CUS-1001,2024-01-01,1689.41,44,North,Widget A
ORD-007641,nan,2024-01-01,824.87,18,West,Widget A
ORD-007642,CUS-1001,2024-01-01,936.21,2,North,Widget B
ORD-007643,CUS-1002,01/02/2024,1916.3,33,East,Widget A
ORD-007644,CUS-1002,not-a-date,1819.03,18,South,Widget A
ORD-007645,CUS-1001,2024-01-01,190.84,2,South,Widget B
ORD-007646,CUS-1001,2024-01-01,1735.03,27,North,Widget A
ORD-007647,CUS-1001,2024-01-01,994.25,2,North,nan
ORD-007648,CUS-1001,2024-01-01,1597.97,26,East,Gadget C
ORD-007649,CUS-1002,2024-01-01,710.72,22,South,Gadget C
ORD-007650,CUS-1003,01/02/2024,1914.88,14,South,Widget B
ORD-007651,CUS-1001,2024-06-30,1595.15,27,North,Widget B
ORD-007652,CUS-1002,01/02/2024,-266.27,20,  Central  ,Widget B
ORD-007653,CUS-1001,01/02/2024,727.83,16,East,Widget B
ORD-007654,CUS-1001,2024-03-15,-112.85,5,South,Gadget C
ORD-007655,CUS-1003,2024-01-01,558.03,34,West,Widget A
ORD-007656,CUS-1003,2024-01-01,-150.23,4,North,Widget A
ORD-007657,CUS-1003,2024-01-01,714.89,46,South,Widget B
ORD-007658,CUS-1001,2024-01-01,-147.32,42,East,Widget A
ORD-007659,CUS-1002,not-a-date,1274.72,7,South,nan
ORD-007660,CUS-1002,2024-01-01,395.05,18,South,Widget A
ORD-007661,nan,2024-01-01,528.91,24,North,Widget B
ORD-007662,CUS-1002,2024-01-01,99.94,29,West,Gadget C
ORD-007663,nan,2024-01-01,771.09,47,East,Widget A
ORD-007664,CUS-1001,2024-06-30,952.17,2,South,Widget B
ORD-007665,CUS-1002,2024-01-01,219.13,47,North,nan
ORD-007666,CUS-1003,2024-03-15,179.41,32,North,nan
ORD-007667,CUS-1001,2024-01-01,542.95,25,South,Widget A
ORD-007668,CUS-1002,2024-01-01,987.93,16,North,Widget A
ORD-007669,CUS-1002,2024-01-01,1967.03,38,West,Widget A
ORD-007670,nan,2024-06-30,1831.0,2,North,Widget A
ORD-007671,CUS-1001,2024-01-01,802.85,10,South,Widget A
ORD-007672,nan,2024-03-15,-322.27,43,West,Widget A
ORD-007673,CUS-1001,2024-01-01,1123.73,40,South,Widget A
ORD-007674,CUS-1002,01/02/2024,692.73,23,West,Widget A
ORD-007675,CUS-1002,01/02/2024,1715.16,48,South,nan
ORD-007676,CUS-1001,01/02/2024,590.31,20,East,Widget B
ORD-007677,nan,2024-01-01,859.94,17,East,Widget A
ORD-007678,nan,2024-01-01,1814.73,7,East,Widget A
ORD-007679,nan,not-a-date,698.38,12,North,Widget B
ORD-007680,nan,01/02/2024,1027.07,12,North,Widget B
ORD-007681,CUS-1002,2024-01-01,1742.47,6,North,Widget A
ORD-007682,CUS-1002,2024-01-01,661.74,48,West,Widget B
ORD-007683,CUS-1003,2024-01-01,1923.79,22,  Central  ,Widget B
ORD-007684,CUS-1001,2024-01-01,415.07,49,South,Widget B
ORD-007685,CUS-1003,2024-01-01,1371.51,16,South,Widget A
ORD-007686,CUS-1002,2024-01-01,129.47,45,South,Widget B
ORD-007687,CUS-1002,2024-01-01,1078.82,25,South,Widget A
ORD-007688,CUS-1001,01/02/2024,327.19,12,East,Widget A
ORD-007689,CUS-1001,2024-06-30,1260.67,26,South,Widget B
ORD-007690,CUS-1001,2024-03-15,1237.48,11,East,Widget B
ORD-007691,CUS-1002,01/02/2024,838.76,43,North,Gadget C
ORD-007692,CUS-1001,2024-03-15,1850.41,16,West,Widget A
ORD-007693,CUS-1001,2024-01-01,1783.9,44,West,Widget B
ORD-007694,CUS-1001,01/02/2024,1472.61,37,  Central  ,Widget B
ORD-007695,CUS-1002,2024-01-01,1442.11,22,East,Widget A
ORD-007696,CUS-1001,2024-01-01,145.77,23,East,Widget A
ORD-007697,CUS-1003,01/02/2024,653.88,38,East,Widget B
ORD-007698,CUS-1001,2024-01-01,414.29,2,North,Widget B
ORD-007699,CUS-1002,01/02/2024,-195.76,28,South,Gadget C
ORD-007700,CUS-1001,01/02/2024,227.25,35,West,Widget A
ORD-007701,CUS-1002,2024-01-01,643.34,36,West,Gadget C
ORD-007702,CUS-1002,2024-01-01,1146.15,44,  Central  ,Widget A
ORD-007703,CUS-1002,01/02/2024,340.72,35,East,Widget B
ORD-007704,CUS-1002,2024-03-15,220.45,22,North,Widget A
ORD-007705,CUS-1002,2024-03-15,1416.3,41,West,Widget B
ORD-007706,CUS-1001,2024-01-01,501.38,9,East,Widget A
ORD-007707,CUS-1002,2024-03-15,961.64,9,North,Widget A
ORD-007708,CUS-1001,2024-01-01,1678.5,1,North,Widget B
ORD-007709,CUS-1002,2024-01-01,763.31,39,East,Widget B
ORD-007710,CUS-1002,01/02/2024,206.16,16,East,Widget A
ORD-007711,CUS-1003,2024-01-01,-288.5,12,South,Widget B
ORD-007712,CUS-1002,2024-01-01,1479.63,10,  Central  ,Widget B
ORD-007713,CUS-1001,2024-01-01,1224.33,34,North,Widget B
ORD-007714,CUS-1001,2024-03-15,1080.45,24,North,Gadget C
ORD-007715,CUS-1001,2024-06-30,1506.86,48,South,Widget A
ORD-007716,CUS-1002,2024-06-30,-385.83,34,South,Widget B
ORD-007717,CUS-1003,2024-01-01,666.09,29,South,Widget A
ORD-007718,CUS-1003,2024-01-01,1258.55,9,East,Widget A
ORD-007719,CUS-1002,2024-03-15,341.19,44,North,Widget B
ORD-007720,CUS-1001,2024-01-01,1270.11,16,East,Widget B
ORD-007721,CUS-1003,2024-01-01,1735.46,40,East,Gadget C
ORD-007722,CUS-1001,2024-01-01,1035.09,1,  Central  ,Widget A
ORD-007723,CUS-1001,01/02/2024,175.03,35,West,Widget A
ORD-007724,CUS-1003,01/02/2024,-42.0,38,West,Widget B
ORD-007725,CUS-1001,2024-01-01,1739.95,4,West,Gadget C
ORD-007726,CUS-1001,2024-01-01,401.72,35,North,Widget B
ORD-007727,CUS-1001,2024-03-15,1228.24,2,East,Widget A
ORD-007728,CUS-1002,01/02/2024,-418.11,27,West,Widget B
ORD-007729,CUS-1001,2024-01-01,1641.25,45,West,Widget B
ORD-007730,CUS-1002,2024-01-01,-156.31,20,  Central  ,Widget B
ORD-007731,CUS-1002,2024-06-30,1262.56,35,North,Gadget C
ORD-007732,CUS-1001,01/02/2024,1182.74,10,South,nan
ORD-007733,CUS-1001,01/02/2024,755.8,27,North,Widget A
ORD-007734,CUS-1003,01/02/2024,1801.93,23,North,Widget B
ORD-007735,CUS-1001,2024-06-30,1803.61,1,East,Widget B
ORD-007736,CUS-1002,2024-01-01,686.77,42,  Central  ,Widget A
ORD-007737,CUS-1002,2024-01-01,702.7,7,West,nan
ORD-007738,CUS-1001,2024-01-01,1313.14,4,East,Gadget C
ORD-007739,CUS-1002,2024-03-15,575.15,34,West,Widget A
ORD-007740,CUS-1002,2024-01-01,614.61,41,East,nan
ORD-007741,CUS-1002,2024-01-01,50.95,12,North,Widget A
ORD-007742,CUS-1003,2024-01-01,196.95,34,East,Widget A
ORD-007743,nan,01/02/2024,1319.49,18,North,Widget A
ORD-007744,CUS-1003,01/02/2024,648.4,38,South,Widget A
ORD-007745,CUS-1002,2024-01-01,171.67,41,South,Widget A
ORD-007746,CUS-1002,2024-01-01,1861.11,28,  Central  ,Gadget C
ORD-007747,CUS-1002,2024-03-15,598.45,16,North,Gadget C
ORD-007748,CUS-1001,2024-01-01,426.12,18,West,Widget B
ORD-007749,CUS-1003,2024-03-15,1049.45,26,South,Widget A
ORD-007750,CUS-1003,2024-01-01,1663.12,10,South,Gadget C
ORD-007751,CUS-1001,2024-06-30,1746.52,4,West,Widget B
ORD-007752,nan,2024-01-01,617.12,34,South,nan
ORD-007753,CUS-1003,01/02/2024,1486.9,25,East,Widget A
ORD-007754,CUS-1002,2024-01-01,1051.11,25,West,Widget A
ORD-007755,nan,2024-01-01,1194.66,36,North,Widget A
ORD-007756,CUS-1001,2024-03-15,885.63,24,South,Gadget C
ORD-007757,CUS-1001,01/02/2024,362.72,12,East,Widget B
ORD-007758,CUS-1001,2024-03-15,1642.66,1,South,Widget A
ORD-007759,CUS-1002,01/02/2024,1092.79,29,South,Widget A
ORD-007760,CUS-1001,01/02/2024,809.69,30,West,Widget B
ORD-007761,nan,not-a-date,1353.91,29,West,Widget B
ORD-007762,CUS-1001,2024-01-01,857.04,5,South,Widget A
ORD-007763,CUS-1001,not-a-date,1699.73,40,South,Gadget C
ORD-007764,CUS-1002,2024-01-01,280.03,45,West,Gadget C
ORD-007765,CUS-1001,2024-01-01,69.54,18,East,Widget B
ORD-007766,CUS-1002,2024-03-15,1143.09,2,West,Widget A
ORD-007767,CUS-1001,2024-01-01,-392.95,44,  Central  ,Widget B
ORD-007768,nan,2024-01-01,245.24,32,North,Widget B
ORD-007769,CUS-1002,2024-01-01,70.35,24,West,Gadget C
ORD-007770,CUS-1001,01/02/2024,1543.05,9,South,Widget A
ORD-007771,CUS-1001,01/02/2024,1920.02,2,North,Gadget C
ORD-007772,CUS-1001,2024-01-01,1235.34,12,West,Widget B
ORD-007773,nan,2024-01-01,1547.53,4,South,Widget A
ORD-007774,CUS-1002,2024-01-01,1678.56,9,North,Gadget C
ORD-007775,CUS-1002,2024-01-01,1612.8,45,South,Widget B
ORD-007776,CUS-1001,2024-01-01,660.25,34,South,Widget A
ORD-007777,CUS-1003,2024-01-01,14.68,4,North,Widget B
ORD-007778,CUS-1001,2024-03-15,1259.98,39,South,Widget B
ORD-007779,CUS-1002,2024-03-15,1895.69,39,South,Widget A
ORD-007780,CUS-1003,2024-01-01,1776.17,10,East,Widget A
ORD-007781,CUS-1001,2024-01-01,19.46,49,South,Gadget C
ORD-007782,CUS-1002,2024-01-01,1809.37,7,North,Gadget C
ORD-007783,CUS-1001,2024-01-01,31.61,41,East,Gadget C
ORD-007784,CUS-1001,2024-01-01,1067.49,16,  Central  ,Widget B
ORD-007785,nan,2024-06-30,1706.78,20,West,Widget A
ORD-007786,CUS-1002,2024-03-15,837.92,22,North,Widget B
ORD-007787,CUS-1003,2024-01-01,1370.87,12,East,Gadget C
ORD-007788,CUS-1002,2024-01-01,472.66,42,North,nan
ORD-007789,CUS-1001,01/02/2024,1940.56,8,South,Widget B
ORD-007790,CUS-1002,2024-06-30,97.73,31,West,Widget A
ORD-007791,CUS-1002,2024-01-01,1268.22,19,North,Widget B
ORD-007792,CUS-1001,2024-03-15,-436.13,48,  Central  ,Widget B
ORD-007793,CUS-1001,2024-01-01,93.21,25,South,Gadget C
ORD-007794,CUS-1002,2024-03-15,547.94,44,East,Gadget C
ORD-007795,CUS-1002,2024-01-01,40.23,24,South,Widget A
ORD-007796,CUS-1001,01/02/2024,422.6,35,East,Widget A
ORD-007797,CUS-1003,2024-01-01,316.36,31,East,Gadget C
ORD-007798,CUS-1001,01/02/2024,1824.71,19,North,Widget B
ORD-007799,CUS-1001,01/02/2024,92.48,39,North,Widget A
ORD-007800,CUS-1001,01/02/2024,1227.5,17,West,Widget A
ORD-007801,CUS-1003,01/02/2024,-300.38,9,West,Widget A
ORD-007802,CUS-1001,2024-01-01,1643.84,34,East,Widget A
ORD-007803,CUS-1002,2024-03-15,741.07,17,  Central  ,Widget A
ORD-007804,CUS-1001,2024-01-01,371.43,35,North,nan
ORD-007805,CUS-1002,01/02/2024,252.38,37,  Central  ,Widget B
ORD-007806,CUS-1003,2024-01-01,293.63,36,South,Gadget C
ORD-007807,CUS-1001,2024-01-01,1052.79,44,  Central  ,Widget A
ORD-007808,nan,2024-01-01,1197.63,39,South,nan
ORD-007809,CUS-1001,2024-06-30,1578.96,42,West,Widget A
ORD-007810,CUS-1001,01/02/2024,1610.88,47,  Central  ,Widget A
ORD-007811,CUS-1002,2024-01-01,1687.13,48,West,Widget B
ORD-007812,CUS-1002,2024-03-15,327.77,3,North,Widget B
ORD-007813,CUS-1001,2024-01-01,1493.17,40,West,Widget A
ORD-007814,CUS-1002,2024-01-01,154.72,43,South,Widget A
ORD-007815,CUS-1001,2024-01-01,1762.31,48,South,Widget A
ORD-007816,CUS-1002,2024-03-15,1055.46,11,West,Widget A
ORD-007817,CUS-1002,2024-06-30,-247.06,46,South,Widget A
ORD-007818,nan,2024-06-30,1243.38,49,East,Widget B
ORD-007819,CUS-1002,2024-01-01,1120.38,33,West,Widget A
ORD-007820,CUS-1002,2024-01-01,1051.47,20,West,Widget B
ORD-007821,CUS-1002,2024-03-15,1844.99,35,South,Widget B
ORD-007822,CUS-1001,2024-01-01,703.26,7,South,Widget A
ORD-007823,CUS-1001,01/02/2024,-54.52,16,South,Widget A
ORD-007824,nan,2024-06-30,730.29,28,East,Widget B
ORD-007825,CUS-1001,2024-01-01,101.32,45,  Central  ,Widget B
ORD-007826,CUS-1003,2024-01-01,762.23,23,South,Widget A
ORD-007827,CUS-1001,not-a-date,310.26,35,South,Widget A
ORD-007828,CUS-1003,01/02/2024,886.76,28,East,Widget B
ORD-007829,CUS-1001,2024-06-30,173.19,44,South,Widget B
ORD-007830,nan,01/02/2024,1573.04,44,North,Widget B
ORD-007831,CUS-1002,2024-01-01,1185.8,11,North,Widget B
ORD-007832,CUS-1001,2024-03-15,85.34,23,East,Widget A
ORD-007833,CUS-1002,2024-03-15,1294.59,19,South,Widget B
ORD-007834,CUS-1002,2024-06-30,1909.73,33,East,Gadget C
ORD-007835,CUS-1001,2024-01-01,135.95,5,West,Widget A
ORD-007836,CUS-1001,01/02/2024,719.86,12,South,Gadget C
ORD-007837,CUS-1002,2024-01-01,1790.58,46,East,Widget A
ORD-007838,CUS-1002,2024-01-01,76.54,40,South,Widget A
ORD-007839,CUS-1001,2024-06-30,1838.0,40,  Central  ,Widget B
ORD-007840,CUS-1003,2024-06-30,1977.61,32,  Central  ,Widget A
ORD-007841,CUS-1001,01/02/2024,786.05,38,East,nan
ORD-007842,CUS-1001,2024-06-30,935.34,24,South,Widget A
ORD-007843,CUS-1002,2024-01-01,1976.46,22,  Central  ,Widget B
ORD-007844,CUS-1001,2024-03-15,129.2,21,South,Widget A
ORD-007845,CUS-1001,01/02/2024,643.1,1,East,Widget A
ORD-007846,CUS-1002,2024-03-15,136.3,16,  Central  ,Widget B
ORD-007847,CUS-1001,2024-03-15,1495.2,48,East,Widget A
ORD-007848,CUS-1001,01/02/2024,1305.9,38,South,Widget B
ORD-007849,CUS-1002,not-a-date,1728.26,19,North,nan
ORD-007850,CUS-1002,2024-01-01,-463.59,8,West,Widget A
ORD-007851,CUS-1003,2024-03-15,1094.76,13,North,Widget B
ORD-007852,CUS-1002,2024-01-01,1428.9,30,North,Widget B
ORD-007853,CUS-1002,2024-01-01,570.89,42,North,Gadget C
ORD-007854,CUS-1001,2024-03-15,1780.44,17,East,Widget A
ORD-007855,CUS-1003,2024-03-15,403.79,11,West,Widget B
ORD-007856,CUS-1001,2024-06-30,245.23,20,North,Widget B
ORD-007857,CUS-1001,2024-01-01,569.16,9,East,Widget B
ORD-007858,CUS-1003,2024-01-01,1597.35,23,East,Widget B
ORD-007859,CUS-1002,01/02/2024,1431.2,24,East,Gadget C
ORD-007860,CUS-1002,not-a-date,1783.42,16,East,Widget B
ORD-007861,CUS-1001,2024-06-30,1237.41,23,East,Widget A
ORD-007862,CUS-1001,not-a-date,1837.15,29,West,Widget B
ORD-007863,CUS-1002,2024-01-01,1090.98,44,North,Widget B
ORD-007864,CUS-1002,not-a-date,1837.51,38,North,Widget A
ORD-007865,CUS-1002,2024-01-01,1741.66,49,West,Widget A
ORD-007866,CUS-1001,2024-06-30,952.15,29,North,Widget A
ORD-007867,CUS-1001,01/02/2024,22.88,13,  Central  ,Widget A
ORD-007868,CUS-1002,2024-01-01,1971.67,4,South,Gadget C
ORD-007869,CUS-1002,01/02/2024,-492.06,10,South,Gadget C
ORD-007870,CUS-1001,2024-03-15,1484.49,18,South,Widget B
ORD-007871,CUS-1001,2024-01-01,910.04,23,South,Widget A
ORD-007872,CUS-1001,2024-01-01,730.54,29,West,Widget B
ORD-007873,CUS-1001,2024-03-15,722.88,22,East,Widget B
ORD-007874,CUS-1002,2024-06-30,717.08,17,South,Widget A
ORD-007875,CUS-1001,01/02/2024,1163.07,41,West,Widget B
ORD-007876,CUS-1002,2024-01-01,1617.47,30,West,Widget B
ORD-007877,CUS-1003,01/02/2024,1142.4,5,East,Widget B
ORD-007878,nan,2024-01-01,1056.73,26,South,Widget B
ORD-007879,nan,2024-01-01,620.2,8,West,Widget A
ORD-007880,CUS-1001,2024-01-01,931.01,39,North,Widget A
ORD-007881,CUS-1001,2024-01-01,367.79,11,  Central  ,Gadget C
ORD-007882,CUS-1001,2024-01-01,1491.91,26,East,Widget B
ORD-007883,CUS-1002,2024-01-01,1568.52,5,  Central  ,Gadget C
ORD-007884,CUS-1001,2024-01-01,484.61,47,  Central  ,Widget A
ORD-007885,CUS-1001,01/02/2024,1138.35,4,North,Gadget C
ORD-007886,CUS-1001,2024-01-01,576.75,32,South,Widget B
ORD-007887,CUS-1001,2024-01-01,1955.03,26,East,Widget B
ORD-007888,CUS-1002,01/02/2024,604.69,3,North,Widget A
ORD-007889,CUS-1002,2024-03-15,1729.46,44,East,Gadget C
ORD-007890,CUS-1002,2024-03-15,1403.64,21,South,Widget B
ORD-007891,nan,2024-01-01,-94.94,41,  Central  ,Gadget C
ORD-007892,CUS-1001,2024-03-15,1441.74,23,North,Widget A
ORD-007893,CUS-1001,2024-03-15,1222.25,10,North,Gadget C
ORD-007894,CUS-1001,01/02/2024,926.29,15,South,Widget A
ORD-007895,CUS-1002,01/02/2024,947.56,8,North,Widget A
ORD-007896,CUS-1002,2024-01-01,12.47,21,West,nan
ORD-007897,CUS-1001,2024-01-01,1993.87,30,North,Widget A
ORD-007898,nan,2024-01-01,1139.58,27,East,Widget A
ORD-007899,CUS-1001,2024-01-01,1178.06,17,South,Widget B
ORD-007900,CUS-1001,2024-06-30,369.08,18,  Central  ,Gadget C
ORD-007901,CUS-1002,2024-01-01,869.67,25,  Central  ,Widget A
ORD-007902,nan,01/02/2024,-242.12,15,West,Gadget C
ORD-007903,CUS-1002,2024-06-30,445.46,36,South,nan
ORD-007904,nan,01/02/2024,1099.61,16,South,Widget B
ORD-007905,CUS-1001,2024-01-01,489.38,45,North,nan
ORD-007906,CUS-1002,2024-06-30,1336.53,13,  Central  ,Widget A
ORD-007907,CUS-1003,2024-01-01,759.51,10,  Central  ,Widget B
ORD-007908,CUS-1002,2024-01-01,759.63,47,North,Gadget C
ORD-007909,CUS-1001,2024-01-01,1407.39,4,South,Widget B
ORD-007910,nan,2024-01-01,1344.74,1,East,Gadget C
ORD-007911,CUS-1001,2024-03-15,813.31,12,East,Widget B
ORD-007912,CUS-1001,2024-01-01,1860.87,9,South,Widget A
ORD-007913,CUS-1003,2024-03-15,663.22,28,East,Gadget C
ORD-007914,nan,2024-01-01,1439.56,43,West,Widget A
ORD-007915,nan,2024-06-30,1589.44,5,South,Widget A
ORD-007916,nan,2024-01-01,444.35,26,North,Widget A
ORD-007917,CUS-1001,2024-06-30,953.66,17,South,Gadget C
ORD-007918,nan,2024-01-01,51.72,39,North,Widget B
ORD-007919,CUS-1002,not-a-date,666.89,15,East,Widget B
ORD-007920,CUS-1002,2024-03-15,547.25,15,East,Widget A
ORD-007921,CUS-1001,01/02/2024,1545.25,6,North,Gadget C
ORD-007922,CUS-1003,2024-01-01,449.24,1,South,Widget B
ORD-007923,CUS-1002,01/02/2024,60.62,49,  Central  ,Widget A
ORD-007924,CUS-1003,01/02/2024,57.07,21,West,Widget A
ORD-007925,CUS-1001,01/02/2024,1529.79,42,East,Widget A
ORD-007926,CUS-1001,01/02/2024,295.31,48,North,Widget B
ORD-007927,CUS-1002,2024-06-30,1291.64,30,West,Widget A
ORD-007928,CUS-1001,2024-06-30,-146.15,27,North,Widget B
ORD-007929,CUS-1002,01/02/2024,451.03,44,  Central  ,Gadget C
ORD-007930,CUS-1001,2024-01-01,1614.81,37,East,Widget A
ORD-007931,CUS-1002,2024-01-01,1367.26,14,South,Gadget C
ORD-007932,CUS-1001,2024-03-15,1312.49,49,North,Widget A
ORD-007933,CUS-1001,2024-06-30,1858.06,42,West,Widget A
ORD-007934,CUS-1002,2024-01-01,1741.71,2,North,Widget A
ORD-007935,CUS-1001,2024-01-01,1695.18,34,South,Widget B
ORD-007936,CUS-1001,2024-01-01,280.9,2,North,Widget B
ORD-007937,CUS-1001,2024-01-01,340.29,12,  Central  ,Widget A
ORD-007938,CUS-1001,2024-06-30,1964.36,32,West,Gadget C
ORD-007939,CUS-1002,01/02/2024,1157.29,34,North,Widget A
ORD-007940,CUS-1001,2024-01-01,1103.3,11,East,Widget B
ORD-007941,CUS-1001,2024-01-01,1016.33,26,South,Gadget C
ORD-007942,CUS-1002,2024-01-01,1474.23,5,North,Widget B
ORD-007943,CUS-1002,01/02/2024,1193.36,25,South,Gadget C
ORD-007944,CUS-1002,01/02/2024,308.28,13,South,Gadget C
ORD-007945,CUS-1001,2024-01-01,213.89,46,North,Widget A
ORD-007946,nan,2024-01-01,612.63,39,  Central  ,Widget A
ORD-007947,CUS-1001,2024-06-30,1741.4,20,North,Widget B
ORD-007948,CUS-1001,2024-03-15,810.43,21,East,Gadget C
ORD-007949,nan,01/02/2024,1745.83,45,  Central  ,nan
ORD-007950,CUS-1002,2024-01-01,1149.82,43,North,Widget A
ORD-007951,CUS-1002,2024-06-30,-318.25,41,North,Widget B
ORD-007952,nan,2024-03-15,1770.03,27,West,Gadget C
ORD-007953,CUS-1001,2024-06-30,758.17,21,East,Widget A
ORD-007954,CUS-1003,2024-01-01,1106.79,31,West,Widget B
ORD-007955,CUS-1002,2024-01-01,1422.34,38,South,Widget B
ORD-007956,CUS-1001,2024-01-01,100.85,6,  Central  ,Widget B
ORD-007957,CUS-1001,not-a-date,328.21,6,North,Widget A
ORD-007958,CUS-1001,01/02/2024,1462.79,22,South,Widget A
ORD-007959,nan,2024-01-01,1829.94,25,West,Widget B
ORD-007960,CUS-1001,2024-06-30,614.26,10,North,nan
ORD-007961,CUS-1001,2024-06-30,794.09,4,East,Widget A
ORD-007962,CUS-1002,2024-01-01,1750.1,25,South,Widget B
ORD-007963,CUS-1002,01/02/2024,539.71,10,East,Widget A
ORD-007964,CUS-1001,01/02/2024,1852.9,8,North,Gadget C
ORD-007965,CUS-1003,2024-01-01,290.8,18,East,Gadget C
ORD-007966,CUS-1002,01/02/2024,511.66,45,East,Widget B
ORD-007967,CUS-1003,2024-01-01,80.52,5,East,Widget B
ORD-007968,CUS-1001,2024-06-30,196.06,23,North,Gadget C
ORD-007969,CUS-1001,2024-03-15,517.65,44,South,Widget B
ORD-007970,CUS-1002,2024-06-30,1313.74,1,South,Widget B
ORD-007971,CUS-1001,2024-03-15,409.73,43,East,Widget B
ORD-007972,CUS-1002,2024-01-01,1879.22,39,  Central  ,Widget A
ORD-007973,CUS-1001,2024-01-01,703.84,1,North,Widget A
ORD-007974,CUS-1003,2024-03-15,1042.14,21,  Central  ,Widget B
ORD-007975,nan,2024-01-01,1333.27,5,West,Gadget C
ORD-007976,CUS-1003,2024-03-15,281.34,19,South,Widget A
ORD-007977,nan,2024-01-01,1378.53,47,East,Widget A
ORD-007978,nan,2024-01-01,249.93,41,South,Widget A
ORD-007979,CUS-1002,01/02/2024,1654.3,1,South,Gadget C
ORD-007980,CUS-1001,01/02/2024,981.27,41,West,Widget A
ORD-007981,nan,01/02/2024,187.9,47,North,Widget A
ORD-007982,nan,01/02/2024,1418.2,32,West,Gadget C
ORD-007983,nan,2024-01-01,162.39,29,East,Widget A
ORD-007984,CUS-1003,2024-03-15,1949.33,33,East,Gadget C
ORD-007985,CUS-1001,01/02/2024,912.71,28,South,Widget A
ORD-007986,nan,01/02/2024,772.0,12,North,Gadget C
ORD-007987,nan,2024-01-01,636.01,2,South,nan
ORD-007988,CUS-1002,01/02/2024,905.34,3,East,Widget A
ORD-007989,CUS-1003,2024-01-01,1564.52,18,South,Widget A
ORD-007990,CUS-1002,01/02/2024,1045.11,37,East,Widget A
ORD-007991,nan,2024-01-01,1290.2,41,North,Widget A
ORD-007992,CUS-1001,not-a-date,124.21,11,West,Gadget C
ORD-007993,CUS-1003,2024-03-15,1704.84,16,East,Widget A
ORD-007994,CUS-1001,01/02/2024,1061.52,1,  Central  ,Widget A
ORD-007995,CUS-1001,2024-03-15,1052.55,45,South,Widget B
ORD-007996,CUS-1001,01/02/2024,512.18,8,North,Gadget C
ORD-007997,CUS-1002,2024-01-01,163.79,26,West,Widget A
ORD-007998,CUS-1001,2024-03-15,678.77,3,  Central  ,Widget A
ORD-007999,nan,2024-06-30,1638.8,42,East,Widget B
ORD-008000,CUS-1002,2024-01-01,1098.6,44,South,Widget A
ORD-008001,nan,2024-01-01,534.6,39,East,Widget B
ORD-008002,CUS-1001,01/02/2024,1190.26,9,West,Widget B
ORD-008003,CUS-1001,2024-01-01,709.08,23,North,Widget B
ORD-008004,CUS-1003,01/02/2024,455.15,47,North,Gadget C
ORD-008005,CUS-1002,01/02/2024,1482.38,41,West,Widget A
ORD-008006,CUS-1002,2024-03-15,342.83,8,North,Widget A
ORD-008007,CUS-1003,2024-01-01,1173.9,43,West,Widget A
ORD-008008,CUS-1003,2024-01-01,1470.02,24,  Central  ,nan
ORD-008009,CUS-1002,not-a-date,132.67,48,North,Widget A
ORD-008010,nan,2024-01-01,1394.49,21,  Central  ,Widget A
ORD-008011,CUS-1002,01/02/2024,32.79,4,West,Widget A
ORD-008012,CUS-1002,2024-01-01,1625.5,24,East,Widget B
ORD-008013,CUS-1001,2024-01-01,563.44,40,East,Widget A
ORD-008014,CUS-1001,2024-01-01,315.81,41,North,Widget B
ORD-008015,CUS-1001,2024-01-01,269.41,33,East,Widget A
ORD-008016,CUS-1003,2024-03-15,877.05,43,North,Gadget C
ORD-008017,CUS-1002,01/02/2024,583.4,35,South,nan
ORD-008018,CUS-1001,not-a-date,942.88,29,East,Widget A
ORD-008019,CUS-1002,not-a-date,1692.66,46,West,Widget A
ORD-008020,CUS-1001,2024-01-01,218.89,14,North,Widget A
ORD-008021,CUS-1001,2024-01-01,528.46,2,North,Widget A
ORD-008022,nan,not-a-date,235.5,46,North,Gadget C
ORD-008023,CUS-1001,2024-01-01,1277.8,38,West,nan
ORD-008024,CUS-1001,2024-01-01,1249.89,39,South,Widget A
ORD-008025,CUS-1002,2024-01-01,1698.49,19,North,Gadget C
ORD-008026,CUS-1001,01/02/2024,1461.76,26,West,Gadget C
ORD-008027,CUS-1002,2024-01-01,1401.92,30,North,Gadget C
ORD-008028,nan,2024-01-01,329.42,32,East,Widget A
ORD-008029,CUS-1002,01/02/2024,1640.17,12,East,Gadget C
ORD-008030,CUS-1002,2024-03-15,24.54,19,  Central  ,Widget A
ORD-008031,CUS-1001,2024-01-01,1432.72,15,South,Gadget C
ORD-008032,CUS-1002,2024-03-15,1630.99,22,East,Widget A
ORD-008033,CUS-1001,2024-01-01,460.92,31,North,Gadget C
ORD-008034,CUS-1001,2024-01-01,630.46,13,East,Widget A
ORD-008035,CUS-1003,2024-01-01,491.78,19,South,Widget A
ORD-008036,CUS-1002,2024-01-01,1640.86,18,South,Widget A
ORD-008037,CUS-1002,2024-01-01,847.54,15,  Central  ,Widget A
ORD-008038,CUS-1001,not-a-date,733.29,40,East,Widget A
ORD-008039,CUS-1003,2024-01-01,1009.5,2,East,Gadget C
ORD-008040,CUS-1001,2024-06-30,1463.77,30,North,Widget A
ORD-008041,CUS-1001,2024-01-01,1324.37,8,East,Widget A
ORD-008042,CUS-1003,2024-01-01,1418.43,25,South,Widget B
ORD-008043,CUS-1002,01/02/2024,1895.43,30,West,Gadget C
ORD-008044,nan,2024-03-15,517.72,24,West,Widget B
ORD-008045,CUS-1001,2024-01-01,421.72,20,West,Gadget C
ORD-008046,CUS-1002,2024-01-01,1303.23,30,South,Gadget C
ORD-008047,nan,01/02/2024,300.65,2,West,Widget A
ORD-008048,CUS-1002,2024-01-01,1290.49,45,South,Widget A
ORD-008049,CUS-1002,01/02/2024,1912.48,18,East,Gadget C
ORD-008050,CUS-1001,2024-03-15,-330.24,3,South,Widget B
ORD-008051,CUS-1003,2024-01-01,-393.88,18,West,nan
ORD-008052,nan,2024-03-15,1989.8,18,South,nan
ORD-008053,CUS-1002,2024-01-01,772.03,12,North,Widget A
ORD-008054,nan,not-a-date,236.6,30,  Central  ,Widget B
ORD-008055,CUS-1002,2024-06-30,838.07,9,South,Gadget C
ORD-008056,CUS-1002,01/02/2024,184.44,17,  Central  ,Widget B
ORD-008057,CUS-1001,2024-06-30,175.56,1,West,Widget A
ORD-008058,CUS-1002,2024-03-15,104.56,12,East,Widget B
ORD-008059,nan,2024-01-01,913.88,31,South,Widget B
ORD-008060,CUS-1002,2024-01-01,923.42,14,North,Widget B
ORD-008061,CUS-1001,2024-01-01,-110.22,38,South,Gadget C
ORD-008062,CUS-1002,2024-01-01,1092.87,25,West,Widget A
ORD-008063,CUS-1003,01/02/2024,1721.72,12,South,Widget A
ORD-008064,nan,2024-01-01,1747.06,13,North,Widget A
ORD-008065,CUS-1001,01/02/2024,350.13,16,North,Widget B
ORD-008066,CUS-1001,2024-01-01,92.13,27,East,Widget A
ORD-008067,CUS-1001,2024-01-01,1415.59,45,East,Widget A
ORD-008068,CUS-1001,2024-01-01,29.86,12,East,Gadget C
ORD-008069,nan,2024-06-30,793.81,48,West,Widget A
ORD-008070,CUS-1002,2024-01-01,117.46,33,North,Widget A
ORD-008071,CUS-1002,2024-01-01,923.16,28,South,Gadget C
ORD-008072,CUS-1001,2024-01-01,904.87,16,East,Gadget C
ORD-008073,CUS-1002,2024-06-30,-195.0,20,North,Widget B
ORD-008074,nan,2024-01-01,1294.74,38,South,Widget B
ORD-008075,CUS-1002,01/02/2024,810.99,49,West,Widget B
ORD-008076,CUS-1001,2024-01-01,1023.61,25,North,Widget B
ORD-008077,CUS-1001,2024-01-01,1102.77,3,West,Widget B
ORD-008078,nan,2024-03-15,460.05,28,West,Widget A
ORD-008079,nan,01/02/2024,1553.04,15,South,Widget A
ORD-008080,CUS-1001,01/02/2024,939.73,38,South,Gadget C
ORD-008081,CUS-1002,2024-01-01,1279.31,26,North,Widget B
ORD-008082,CUS-1001,2024-06-30,73.38,7,North,Gadget C
ORD-008083,CUS-1002,01/02/2024,230.65,13,West,Widget B
ORD-008084,CUS-1001,2024-06-30,1183.21,45,West,Widget B
ORD-008085,CUS-1003,2024-01-01,1491.03,46,North,nan
ORD-008086,nan,2024-01-01,648.39,19,South,Widget A
ORD-008087,CUS-1001,2024-01-01,1892.0,26,South,Widget A
ORD-008088,CUS-1002,2024-03-15,1700.11,17,North,Widget A
ORD-008089,CUS-1001,2024-03-15,1053.73,44,South,Gadget C
ORD-008090,CUS-1001,2024-01-01,1283.4,42,South,Widget A
ORD-008091,CUS-1001,2024-01-01,1190.4,17,West,Gadget C
ORD-008092,CUS-1001,2024-01-01,618.26,13,North,Widget A
ORD-008093,nan,2024-01-01,134.61,9,North,nan
ORD-008094,CUS-1001,2024-03-15,1611.09,38,South,Widget A
ORD-008095,CUS-1003,2024-01-01,926.51,45,North,Widget A
ORD-008096,CUS-1001,2024-01-01,1685.29,26,North,Gadget C
ORD-008097,CUS-1002,2024-01-01,755.33,24,  Central  ,Gadget C
ORD-008098,CUS-1002,2024-01-01,38.43,19,West,Widget B
ORD-008099,nan,2024-06-30,262.56,39,North,Widget B
ORD-008100,CUS-1001,2024-01-01,322.89,3,South,Widget A
ORD-008101,CUS-1001,2024-06-30,1464.64,16,West,nan
ORD-008102,CUS-1002,01/02/2024,73.82,30,South,Gadget C
ORD-008103,CUS-1002,01/02/2024,1640.45,6,South,Gadget C
ORD-008104,CUS-1002,2024-01-01,1384.45,18,North,Gadget C
ORD-008105,CUS-1001,01/02/2024,653.45,32,East,Widget B
ORD-008106,CUS-1001,01/02/2024,1048.72,17,North,Widget A
ORD-008107,CUS-1003,2024-01-01,1865.02,13,East,nan
ORD-008108,CUS-1002,2024-06-30,148.79,36,  Central  ,Widget A
ORD-008109,CUS-1002,2024-01-01,733.07,45,South,nan
ORD-008110,CUS-1001,2024-01-01,788.09,11,West,Widget A
ORD-008111,CUS-1001,2024-01-01,1926.7,15,East,Widget B
ORD-008112,nan,01/02/2024,1950.7,11,South,Widget B
ORD-008113,CUS-1002,2024-01-01,1684.3,15,  Central  ,Widget A
ORD-008114,CUS-1001,2024-01-01,770.17,46,  Central  ,Widget A
ORD-008115,nan,2024-01-01,1779.9,37,South,Gadget C
ORD-008116,CUS-1002,2024-01-01,973.29,40,  Central  ,Widget A
ORD-008117,CUS-1001,2024-01-01,1291.67,19,  Central  ,Widget B
ORD-008118,CUS-1001,not-a-date,1856.52,6,South,Widget B
ORD-008119,CUS-1002,2024-01-01,503.67,8,South,Widget A
ORD-008120,CUS-1001,2024-06-30,1722.95,46,North,Widget A
ORD-008121,CUS-1002,01/02/2024,804.5,12,North,Widget A
ORD-008122,CUS-1002,2024-03-15,1743.76,6,North,Widget A
ORD-008123,CUS-1001,2024-06-30,1101.36,33,South,Widget A
ORD-008124,nan,2024-01-01,502.14,16,West,Widget A
ORD-008125,CUS-1001,01/02/2024,1533.39,7,South,Gadget C
ORD-008126,CUS-1001,2024-01-01,239.15,17,West,Widget A
ORD-008127,CUS-1002,2024-01-01,295.3,35,  Central  ,Gadget C
ORD-008128,CUS-1002,2024-01-01,304.85,17,East,Widget A
ORD-008129,CUS-1002,01/02/2024,1682.27,47,West,Gadget C
ORD-008130,CUS-1002,2024-03-15,1743.79,22,South,Widget A
ORD-008131,nan,2024-01-01,1149.49,7,South,Widget B
ORD-008132,CUS-1003,2024-03-15,565.95,44,West,Widget B
ORD-008133,CUS-1003,2024-01-01,794.48,14,East,Widget A
ORD-008134,CUS-1001,2024-01-01,375.37,18,East,Widget A
ORD-008135,CUS-1001,2024-01-01,17.59,17,South,Gadget C
ORD-008136,CUS-1002,01/02/2024,1680.87,24,South,Widget A
ORD-008137,CUS-1001,2024-01-01,397.32,29,South,Widget A
ORD-008138,CUS-1003,2024-01-01,167.4,28,  Central  ,Widget B
ORD-008139,CUS-1001,2024-01-01,272.3,32,  Central  ,Widget A
ORD-008140,CUS-1001,01/02/2024,1852.86,14,North,Widget B
ORD-008141,CUS-1001,2024-03-15,732.83,48,West,Widget B
ORD-008142,CUS-1001,2024-01-01,1299.69,23,South,Widget A
ORD-008143,CUS-1001,2024-03-15,72.26,49,West,Widget A
ORD-008144,CUS-1002,01/02/2024,1062.94,4,South,Widget A
ORD-008145,CUS-1002,2024-01-01,1495.87,16,South,Widget A
ORD-008146,CUS-1001,2024-01-01,140.52,41,South,Widget B
ORD-008147,CUS-1001,2024-06-30,604.87,11,West,Widget B
ORD-008148,CUS-1003,2024-01-01,650.82,32,South,Gadget C
ORD-008149,CUS-1001,2024-01-01,1775.7,13,  Central  ,Widget A
ORD-008150,CUS-1002,not-a-date,1333.67,41,North,Widget B
ORD-008151,CUS-1002,2024-03-15,1732.07,30,North,Widget A
ORD-008152,CUS-1002,2024-03-15,757.33,25,North,Widget B
ORD-008153,nan,2024-03-15,1186.35,14,South,Widget A
ORD-008154,CUS-1002,2024-01-01,1040.31,46,East,Widget A
ORD-008155,nan,2024-03-15,559.45,40,South,Widget B
ORD-008156,CUS-1003,2024-01-01,850.62,23,South,Gadget C
ORD-008157,CUS-1001,not-a-date,497.5,23,  Central  ,Widget B
ORD-008158,CUS-1001,2024-01-01,42.23,38,West,Widget A
ORD-008159,CUS-1001,2024-01-01,1936.66,1,South,Widget A
ORD-008160,CUS-1001,2024-01-01,1916.57,39,West,Widget B
ORD-008161,CUS-1002,2024-03-15,1650.19,39,North,Widget B
ORD-008162,CUS-1001,01/02/2024,357.39,37,South,Gadget C
ORD-008163,CUS-1001,2024-03-15,50.13,21,  Central  ,nan
ORD-008164,CUS-1001,2024-01-01,399.95,23,  Central  ,Widget A
ORD-008165,CUS-1002,2024-01-01,1744.41,49,West,Gadget C
ORD-008166,CUS-1002,01/02/2024,314.86,35,East,Widget B
ORD-008167,nan,2024-01-01,474.7,38,West,Widget A
ORD-008168,CUS-1001,01/02/2024,1385.6,23,North,Widget A
ORD-008169,CUS-1001,2024-06-30,960.09,28,South,Widget B
ORD-008170,nan,01/02/2024,1311.47,19,East,Widget B
ORD-008171,CUS-1002,2024-01-01,1130.49,6,East,Gadget C
ORD-008172,CUS-1002,01/02/2024,1149.23,40,South,Widget A
ORD-008173,CUS-1002,2024-06-30,-357.43,26,East,Widget B
ORD-008174,CUS-1001,01/02/2024,443.33,26,South,Widget B
ORD-008175,nan,2024-03-15,287.03,31,West,Gadget C
ORD-008176,CUS-1002,2024-01-01,815.74,34,South,Gadget C
ORD-008177,CUS-1002,2024-03-15,1073.89,42,East,Widget B
ORD-008178,CUS-1002,2024-01-01,985.96,37,  Central  ,Widget A
ORD-008179,CUS-1001,2024-03-15,1084.3,40,  Central  ,Widget B
ORD-008180,CUS-1001,not-a-date,977.5,35,West,Widget B
ORD-008181,CUS-1003,2024-06-30,1040.57,46,South,nan
ORD-008182,CUS-1002,2024-01-01,1864.52,7,South,Widget B
ORD-008183,CUS-1001,2024-03-15,109.26,35,East,Widget A
ORD-008184,CUS-1001,2024-01-01,1883.89,6,West,Widget B
ORD-008185,nan,2024-01-01,1178.55,24,West,Widget A
ORD-008186,CUS-1001,01/02/2024,105.18,3,South,Widget B
ORD-008187,CUS-1001,2024-01-01,116.38,21,South,Widget B
ORD-008188,CUS-1002,2024-01-01,1147.32,19,East,nan
ORD-008189,CUS-1003,01/02/2024,1381.26,24,North,Gadget C
ORD-008190,CUS-1002,01/02/2024,1045.36,42,North,Widget A
ORD-008191,CUS-1003,01/02/2024,-289.96,15,West,Widget A
ORD-008192,CUS-1001,01/02/2024,561.34,6,  Central  ,nan
ORD-008193,nan,2024-03-15,1217.1,7,North,Widget A
ORD-008194,nan,2024-01-01,1796.2,40,  Central  ,Widget A
ORD-008195,CUS-1002,2024-01-01,850.6,13,West,Gadget C
ORD-008196,CUS-1002,01/02/2024,1394.43,19,North,Widget A
ORD-008197,CUS-1001,2024-03-15,44.57,34,North,Widget A
ORD-008198,CUS-1002,2024-01-01,905.37,44,South,Widget B
ORD-008199,CUS-1001,2024-01-01,1525.82,4,West,Widget A
ORD-008200,CUS-1001,2024-06-30,1685.4,38,South,Widget A
ORD-008201,nan,not-a-date,1078.76,20,West,Widget B
ORD-008202,CUS-1001,01/02/2024,1137.36,26,North,nan
ORD-008203,CUS-1002,2024-03-15,285.49,9,North,Widget A
ORD-008204,CUS-1001,2024-06-30,598.02,7,West,Widget A
ORD-008205,CUS-1001,01/02/2024,1338.12,34,East,Gadget C
ORD-008206,CUS-1001,2024-01-01,1536.06,31,South,Widget A
ORD-008207,CUS-1001,01/02/2024,173.01,17,West,nan
ORD-008208,CUS-1002,2024-06-30,1922.28,18,North,Widget A
ORD-008209,nan,01/02/2024,1907.6,26,South,Widget B
ORD-008210,CUS-1002,2024-01-01,383.32,22,  Central  ,Widget A
ORD-008211,nan,2024-06-30,99.96,41,  Central  ,Widget A
ORD-008212,CUS-1002,2024-03-15,688.66,11,South,Widget B
ORD-008213,CUS-1002,2024-01-01,1917.8,26,South,nan
ORD-008214,CUS-1001,2024-06-30,891.59,32,North,Widget A
ORD-008215,CUS-1001,2024-03-15,634.25,15,North,Gadget C
ORD-008216,CUS-1003,2024-03-15,1790.43,10,North,Widget A
ORD-008217,CUS-1002,2024-06-30,277.2,30,East,Widget A
ORD-008218,CUS-1001,2024-01-01,1882.77,20,  Central  ,Gadget C
ORD-008219,CUS-1003,2024-03-15,1619.91,48,North,Widget B
ORD-008220,CUS-1001,2024-01-01,773.32,11,  Central  ,Widget A
ORD-008221,CUS-1003,not-a-date,-115.22,28,South,Widget A
ORD-008222,CUS-1001,not-a-date,1514.67,21,North,Gadget C
ORD-008223,nan,2024-03-15,1163.93,17,North,Widget A
ORD-008224,CUS-1001,2024-03-15,1565.08,28,South,Widget B
ORD-008225,CUS-1001,2024-03-15,1005.19,38,North,Gadget C
ORD-008226,CUS-1002,2024-01-01,1686.4,15,East,Widget B
ORD-008227,CUS-1001,2024-01-01,1588.64,31,North,Gadget C
ORD-008228,nan,2024-01-01,1813.6,41,West,Widget A
ORD-008229,CUS-1002,2024-03-15,1597.09,48,North,Widget A
ORD-008230,CUS-1001,01/02/2024,1842.68,31,East,Widget A
ORD-008231,CUS-1001,01/02/2024,364.56,8,East,Widget A
ORD-008232,nan,2024-01-01,561.85,42,West,Gadget C
ORD-008233,CUS-1002,01/02/2024,910.41,49,East,Gadget C
ORD-008234,nan,2024-01-01,493.21,47,East,Widget A
ORD-008235,CUS-1001,2024-06-30,-354.84,35,  Central  ,Widget A
ORD-008236,nan,not-a-date,367.73,6,West,Widget A
ORD-008237,CUS-1002,01/02/2024,923.19,31,West,Widget A
ORD-008238,CUS-1002,2024-03-15,1048.06,9,North,Widget A
ORD-008239,CUS-1001,2024-01-01,-22.19,38,West,Gadget C
ORD-008240,CUS-1001,2024-01-01,525.7,3,East,Gadget C
ORD-008241,nan,01/02/2024,1939.5,8,West,Widget A
ORD-008242,nan,2024-03-15,590.99,35,East,Gadget C
ORD-008243,CUS-1001,2024-01-01,-178.21,13,North,Gadget C
ORD-008244,nan,2024-01-01,514.63,5,South,Widget A
ORD-008245,CUS-1001,01/02/2024,1763.35,6,South,Widget B
ORD-008246,CUS-1001,2024-01-01,-92.03,16,East,Widget B
ORD-008247,CUS-1001,2024-01-01,73.52,25,South,Widget A
ORD-008248,CUS-1001,2024-01-01,590.27,36,West,Widget A
ORD-008249,CUS-1001,2024-06-30,1093.66,26,West,Widget B
ORD-008250,CUS-1001,2024-01-01,719.74,21,West,Widget A
ORD-008251,CUS-1001,2024-01-01,329.83,45,South,Gadget C
ORD-008252,CUS-1002,2024-01-01,734.73,39,West,Widget B
ORD-008253,CUS-1003,2024-01-01,1388.22,22,West,Widget B
ORD-008254,CUS-1002,2024-03-15,877.85,49,East,Widget B
ORD-008255,CUS-1001,2024-01-01,1149.72,36,East,Widget B
ORD-008256,CUS-1003,2024-01-01,1894.63,18,North,Gadget C
ORD-008257,CUS-1001,2024-06-30,1499.0,20,South,Widget B
ORD-008258,CUS-1003,2024-03-15,1609.63,4,East,Widget A
ORD-008259,CUS-1002,2024-01-01,583.15,40,  Central  ,Widget B
ORD-008260,CUS-1001,2024-01-01,1027.66,30,East,Widget A
ORD-008261,CUS-1001,2024-03-15,695.75,6,South,Gadget C
ORD-008262,CUS-1003,01/02/2024,974.21,8,West,Widget A
ORD-008263,nan,2024-06-30,232.63,6,South,Widget A
ORD-008264,CUS-1002,2024-01-01,-220.25,8,South,Widget A
ORD-008265,nan,2024-03-15,-474.33,16,South,Widget A
ORD-008266,nan,2024-01-01,1154.2,38,West,Widget B
ORD-008267,CUS-1001,2024-01-01,476.87,49,West,Widget A
ORD-008268,CUS-1002,2024-03-15,450.69,21,South,nan
ORD-008269,CUS-1001,2024-03-15,741.77,27,North,Widget B
ORD-008270,CUS-1002,2024-01-01,1080.02,27,East,Gadget C
ORD-008271,CUS-1001,2024-01-01,680.19,32,West,Widget A
ORD-008272,nan,2024-03-15,1415.22,34,North,Widget A
ORD-008273,CUS-1002,2024-01-01,1174.4,5,South,Widget A
ORD-008274,CUS-1001,2024-01-01,234.57,29,North,Widget B
ORD-008275,CUS-1001,2024-01-01,455.56,20,East,Widget B
ORD-008276,CUS-1002,2024-01-01,1213.17,40,South,Widget A
ORD-008277,CUS-1002,2024-03-15,1068.59,46,South,Widget B
ORD-008278,nan,2024-01-01,685.0,18,South,Widget B
ORD-008279,CUS-1001,01/02/2024,352.05,28,South,Widget A
ORD-008280,CUS-1002,01/02/2024,1841.66,13,East,Gadget C
ORD-008281,CUS-1002,2024-01-01,904.38,3,North,Widget A
ORD-008282,CUS-1001,01/02/2024,432.97,8,East,Widget B
ORD-008283,CUS-1002,2024-01-01,1444.58,42,South,Gadget C
ORD-008284,CUS-1001,2024-03-15,519.28,16,West,Widget B
ORD-008285,CUS-1001,2024-03-15,538.62,6,North,Widget B
ORD-008286,CUS-1001,2024-03-15,1655.84,12,West,Widget A
ORD-008287,nan,2024-01-01,1816.62,31,East,Widget A
ORD-008288,CUS-1001,2024-03-15,941.49,21,North,Widget B
ORD-008289,CUS-1001,01/02/2024,1268.26,8,West,Widget A
ORD-008290,CUS-1002,2024-01-01,728.4,24,North,Widget A
ORD-008291,nan,2024-01-01,1270.91,43,North,Widget A
ORD-008292,CUS-1002,2024-01-01,1458.75,23,North,Widget A
ORD-008293,CUS-1001,2024-01-01,1444.81,48,North,Widget B
ORD-008294,CUS-1002,2024-01-01,91.0,19,  Central  ,Widget A
ORD-008295,CUS-1001,2024-06-30,206.24,13,South,Widget A
ORD-008296,CUS-1002,2024-06-30,-465.32,29,North,Gadget C
ORD-008297,CUS-1001,2024-01-01,-434.5,42,East,Widget B
ORD-008298,CUS-1001,2024-06-30,1887.23,40,West,Widget A
ORD-008299,CUS-1001,2024-03-15,216.09,45,  Central  ,Widget B
ORD-008300,CUS-1002,2024-01-01,1979.45,3,East,Gadget C
ORD-008301,CUS-1001,2024-06-30,275.72,38,North,Widget A
ORD-008302,CUS-1001,2024-03-15,72.56,2,North,Gadget C
ORD-008303,CUS-1002,01/02/2024,1798.99,39,  Central  ,Widget B
ORD-008304,CUS-1003,2024-01-01,1013.05,14,West,Widget A
ORD-008305,CUS-1001,2024-01-01,580.5,35,North,Widget B
ORD-008306,CUS-1002,2024-06-30,1147.88,20,West,Widget B
ORD-008307,CUS-1002,2024-01-01,761.28,4,North,Gadget C
ORD-008308,CUS-1001,2024-01-01,1977.34,34,South,Gadget C
ORD-008309,nan,2024-01-01,1550.23,18,North,Widget B
ORD-008310,nan,2024-01-01,1315.32,8,  Central  ,Widget B
ORD-008311,CUS-1001,2024-01-01,650.97,16,South,Widget A
ORD-008312,CUS-1001,2024-06-30,61.43,10,North,Widget B
ORD-008313,CUS-1001,2024-01-01,1596.76,11,West,Gadget C
ORD-008314,CUS-1001,not-a-date,105.13,22,South,nan
ORD-008315,CUS-1002,01/02/2024,235.14,23,East,Widget A
ORD-008316,nan,01/02/2024,1182.1,17,West,Widget B
ORD-008317,CUS-1003,2024-01-01,1516.28,13,South,nan
ORD-008318,CUS-1001,2024-01-01,823.8,41,East,Widget B
ORD-008319,CUS-1002,not-a-date,1182.21,26,North,Widget A
ORD-008320,CUS-1001,2024-03-15,1947.55,12,West,Widget A
ORD-008321,CUS-1002,2024-01-01,569.77,24,South,nan
ORD-008322,CUS-1001,2024-06-30,-302.34,49,South,Widget B
ORD-008323,nan,2024-03-15,451.53,1,West,Gadget C
ORD-008324,CUS-1003,2024-01-01,898.48,46,  Central  ,Widget A
ORD-008325,CUS-1001,01/02/2024,1556.95,7,South,Widget B
ORD-008326,CUS-1002,2024-03-15,844.32,13,North,Gadget C
ORD-008327,CUS-1002,2024-03-15,1181.94,29,East,Widget B
ORD-008328,CUS-1003,2024-01-01,1135.96,11,North,Widget A
ORD-008329,CUS-1002,2024-01-01,980.78,48,South,Widget A
ORD-008330,CUS-1001,2024-01-01,326.44,37,South,Widget A
ORD-008331,CUS-1002,2024-01-01,145.36,29,South,Widget A
ORD-008332,CUS-1001,2024-01-01,413.92,20,South,Widget A
ORD-008333,CUS-1002,01/02/2024,547.69,46,West,Widget B
ORD-008334,CUS-1001,01/02/2024,383.26,18,North,Gadget C
ORD-008335,CUS-1002,2024-01-01,-12.65,49,East,nan
ORD-008336,CUS-1003,01/02/2024,1220.7,49,South,Widget A
ORD-008337,CUS-1001,2024-01-01,914.46,34,East,Widget A
ORD-008338,CUS-1001,2024-01-01,507.91,35,South,Widget A
ORD-008339,CUS-1002,2024-03-15,479.23,29,North,Widget A
ORD-008340,CUS-1001,not-a-date,-340.94,47,East,Widget B
ORD-008341,CUS-1002,2024-01-01,1386.69,29,North,Widget A
ORD-008342,CUS-1002,not-a-date,957.11,47,South,Gadget C
ORD-008343,CUS-1001,not-a-date,1332.45,10,South,Widget A
ORD-008344,CUS-1003,01/02/2024,763.15,22,West,Widget B
ORD-008345,CUS-1002,2024-06-30,179.17,9,West,nan
ORD-008346,CUS-1002,2024-01-01,1647.84,1,East,Widget A
ORD-008347,CUS-1001,2024-01-01,92.74,15,North,nan
ORD-008348,CUS-1001,2024-03-15,741.3,46,South,Gadget C
ORD-008349,CUS-1001,2024-01-01,1174.41,17,North,Widget A
ORD-008350,nan,2024-01-01,1332.35,41,East,Widget A
ORD-008351,nan,2024-01-01,968.68,14,North,Widget A
ORD-008352,CUS-1003,2024-01-01,1599.82,34,North,Widget B
ORD-008353,CUS-1001,2024-01-01,964.38,10,South,Widget B
ORD-008354,CUS-1002,2024-01-01,1673.28,24,West,Widget A
ORD-008355,CUS-1003,2024-06-30,501.24,37,South,Widget B
ORD-008356,CUS-1002,2024-01-01,950.35,44,North,nan
ORD-008357,CUS-1001,2024-03-15,71.56,19,East,nan
ORD-008358,nan,2024-01-01,1160.54,29,South,Gadget C
ORD-008359,CUS-1001,2024-01-01,811.09,29,  Central  ,Widget A
ORD-008360,CUS-1001,2024-06-30,1365.56,22,North,Widget A
ORD-008361,nan,2024-01-01,1487.24,20,East,Widget B
ORD-008362,CUS-1002,2024-01-01,871.69,46,West,Widget A
ORD-008363,CUS-1001,2024-03-15,-461.27,22,West,Gadget C
ORD-008364,CUS-1002,2024-01-01,1466.74,37,West,Widget B
ORD-008365,nan,2024-01-01,-49.86,21,South,Widget A
ORD-008366,CUS-1001,2024-06-30,219.2,27,West,Gadget C
ORD-008367,CUS-1003,2024-01-01,1100.34,29,South,Widget B
ORD-008368,CUS-1001,01/02/2024,1850.4,10,West,Gadget C
ORD-008369,CUS-1001,2024-01-01,575.22,12,West,Widget B
ORD-008370,CUS-1002,2024-01-01,1260.93,34,North,nan
ORD-008371,CUS-1002,2024-01-01,-129.5,49,North,Gadget C
ORD-008372,CUS-1001,01/02/2024,1609.66,34,  Central  ,Gadget C
ORD-008373,CUS-1001,2024-01-01,1489.31,30,East,Gadget C
ORD-008374,CUS-1002,not-a-date,1899.52,49,West,Widget B
ORD-008375,CUS-1002,2024-03-15,1400.93,35,West,Gadget C
ORD-008376,CUS-1002,01/02/2024,983.35,44,North,Widget A
ORD-008377,CUS-1003,2024-01-01,1086.82,17,North,Widget A
ORD-008378,CUS-1001,01/02/2024,1561.04,40,  Central  ,Widget B
ORD-008379,CUS-1002,2024-03-15,1478.39,43,East,Widget A
ORD-008380,CUS-1002,2024-01-01,244.44,41,West,Widget A
ORD-008381,CUS-1002,not-a-date,605.27,18,South,Widget B
ORD-008382,CUS-1001,2024-01-01,1368.16,37,North,Widget A
ORD-008383,CUS-1001,2024-06-30,210.76,41,North,Widget A
ORD-008384,CUS-1001,2024-06-30,1323.14,30,North,Widget A
ORD-008385,CUS-1001,2024-01-01,1728.25,12,North,Widget B
ORD-008386,nan,2024-01-01,741.81,10,  Central  ,Widget B
ORD-008387,CUS-1002,01/02/2024,443.83,41,West,Widget A
ORD-008388,CUS-1002,01/02/2024,1709.49,9,West,Widget B
ORD-008389,CUS-1002,2024-03-15,968.24,47,North,Widget A
ORD-008390,CUS-1002,2024-01-01,1666.19,30,East,Widget B
ORD-008391,CUS-1002,01/02/2024,165.41,10,North,Widget A
ORD-008392,CUS-1002,2024-06-30,431.45,11,North,Widget A
ORD-008393,CUS-1002,2024-06-30,-21.25,2,North,Widget A
ORD-008394,CUS-1001,2024-01-01,901.81,30,West,Gadget C
ORD-008395,CUS-1002,2024-06-30,1765.38,41,South,Widget B
ORD-008396,CUS-1002,2024-01-01,1294.1,37,East,Widget B
ORD-008397,CUS-1003,01/02/2024,45.5,29,West,Widget A
ORD-008398,nan,2024-01-01,59.24,29,South,Widget A
ORD-008399,CUS-1003,01/02/2024,1443.42,12,North,Widget B
ORD-008400,CUS-1002,2024-01-01,194.67,41,  Central  ,Widget B
ORD-008401,CUS-1001,2024-01-01,448.3,27,East,Widget A
ORD-008402,CUS-1002,2024-01-01,1399.88,41,North,Gadget C
ORD-008403,CUS-1003,2024-06-30,505.16,49,East,nan
ORD-008404,nan,01/02/2024,985.48,44,South,Widget A
ORD-008405,CUS-1003,2024-03-15,796.66,47,West,Widget A
ORD-008406,CUS-1001,01/02/2024,694.12,37,West,nan
ORD-008407,CUS-1002,2024-01-01,512.65,16,South,Gadget C
ORD-008408,nan,2024-01-01,820.95,15,West,Widget A
ORD-008409,CUS-1002,2024-01-01,373.74,34,East,Gadget C
ORD-008410,CUS-1002,2024-01-01,1909.81,12,East,Widget B
ORD-008411,CUS-1002,2024-06-30,639.66,26,South,Widget B
ORD-008412,CUS-1002,2024-01-01,1460.66,35,North,Widget B
ORD-008413,CUS-1001,01/02/2024,592.38,15,North,Widget A
ORD-008414,CUS-1001,2024-03-15,531.77,6,West,Widget A
ORD-008415,CUS-1003,2024-06-30,970.6,8,South,Widget A
ORD-008416,nan,2024-01-01,1467.7,35,East,Widget A
ORD-008417,CUS-1003,2024-06-30,17.8,7,West,Widget A
ORD-008418,CUS-1001,01/02/2024,350.51,39,  Central  ,Widget A
ORD-008419,CUS-1001,01/02/2024,1550.9,2,  Central  ,Widget A
ORD-008420,CUS-1001,2024-03-15,-137.37,38,West,Widget B
ORD-008421,CUS-1003,2024-01-01,1712.23,32,East,Gadget C
ORD-008422,CUS-1002,2024-03-15,275.14,13,South,Widget B
ORD-008423,nan,01/02/2024,1627.86,14,North,Widget A
ORD-008424,CUS-1001,2024-03-15,1247.99,26,North,Widget B
ORD-008425,CUS-1002,not-a-date,345.29,29,North,Widget B
ORD-008426,CUS-1003,01/02/2024,34.56,42,East,Gadget C
ORD-008427,CUS-1001,2024-01-01,1763.96,38,East,nan
ORD-008428,nan,2024-01-01,584.87,26,  Central  ,Widget B
ORD-008429,CUS-1002,not-a-date,490.32,1,South,Widget A
ORD-008430,CUS-1001,01/02/2024,375.86,46,  Central  ,Widget A
ORD-008431,CUS-1001,not-a-date,716.47,22,West,Widget A
ORD-008432,nan,2024-01-01,1052.48,42,West,Widget A
ORD-008433,CUS-1002,01/02/2024,960.6,14,North,Widget A
ORD-008434,CUS-1003,not-a-date,1703.93,18,East,Widget A
ORD-008435,CUS-1003,2024-03-15,402.71,31,East,Widget B
ORD-008436,CUS-1002,2024-01-01,1495.6,36,West,Widget A
ORD-008437,CUS-1003,2024-01-01,1819.34,8,East,Gadget C
ORD-008438,nan,not-a-date,83.36,39,  Central  ,Widget A
ORD-008439,CUS-1001,2024-03-15,1504.92,28,North,Gadget C
ORD-008440,CUS-1003,2024-01-01,-301.78,40,North,Widget A
ORD-008441,CUS-1001,01/02/2024,900.91,29,West,Widget A
ORD-008442,CUS-1001,2024-01-01,131.54,27,  Central  ,Gadget C
ORD-008443,CUS-1001,2024-01-01,595.75,32,North,Widget B
ORD-008444,CUS-1003,2024-01-01,233.08,25,North,Widget A
ORD-008445,CUS-1001,2024-01-01,473.4,5,East,Gadget C
ORD-008446,CUS-1002,2024-03-15,75.25,17,West,Widget B
ORD-008447,CUS-1002,2024-01-01,1878.37,48,East,Widget B
ORD-008448,CUS-1001,2024-03-15,-120.36,13,North,Widget B
ORD-008449,CUS-1003,2024-01-01,1305.48,22,South,Widget B
ORD-008450,nan,2024-01-01,657.16,11,South,Widget A
ORD-008451,CUS-1001,2024-01-01,1887.17,23,North,Gadget C
ORD-008452,CUS-1001,2024-01-01,1943.91,39,East,Gadget C
ORD-008453,nan,01/02/2024,1591.12,36,North,Widget B
ORD-008454,CUS-1001,2024-06-30,1366.4,6,West,Widget B
ORD-008455,CUS-1001,2024-03-15,664.31,46,West,Gadget C
ORD-008456,nan,2024-03-15,1767.73,32,  Central  ,Widget A
ORD-008457,nan,not-a-date,1004.83,34,West,Gadget C
ORD-008458,CUS-1002,2024-03-15,1268.37,38,South,Gadget C
ORD-008459,CUS-1002,01/02/2024,354.76,33,South,Widget A
ORD-008460,nan,2024-03-15,52.66,43,South,Widget B
ORD-008461,CUS-1002,2024-01-01,1975.16,35,West,Widget B
ORD-008462,CUS-1002,2024-01-01,1246.74,49,North,Gadget C
ORD-008463,CUS-1003,2024-03-15,1373.76,34,  Central  ,Gadget C
ORD-008464,CUS-1002,2024-03-15,110.28,42,West,Widget B
ORD-008465,CUS-1002,2024-01-01,848.75,27,West,Gadget C
ORD-008466,CUS-1001,2024-06-30,575.67,17,East,Widget A
ORD-008467,CUS-1002,2024-01-01,1672.94,26,  Central  ,Widget B
ORD-008468,CUS-1002,2024-03-15,976.21,8,West,Gadget C
ORD-008469,CUS-1001,2024-06-30,775.18,24,South,Widget B
ORD-008470,CUS-1002,2024-01-01,304.22,36,West,Gadget C
ORD-008471,CUS-1003,2024-06-30,773.26,38,  Central  ,Widget B
ORD-008472,CUS-1001,2024-03-15,730.53,20,  Central  ,Widget B
ORD-008473,CUS-1001,2024-03-15,1576.13,23,  Central  ,Widget A
ORD-008474,CUS-1001,2024-06-30,1696.57,29,West,Widget B
ORD-008475,CUS-1001,01/02/2024,764.69,7,East,Widget B
ORD-008476,CUS-1003,2024-01-01,-22.13,31,East,nan
ORD-008477,CUS-1002,01/02/2024,1950.7,24,North,Widget B
ORD-008478,CUS-1001,2024-01-01,762.61,37,South,Widget B
ORD-008479,CUS-1003,2024-01-01,1260.95,32,North,Widget B
ORD-008480,CUS-1001,2024-01-01,278.24,9,North,Gadget C
ORD-008481,CUS-1001,2024-01-01,863.48,28,North,Widget B
ORD-008482,CUS-1003,2024-03-15,490.78,17,South,Widget B
ORD-008483,CUS-1002,2024-06-30,493.39,31,North,Widget A
ORD-008484,CUS-1003,2024-06-30,475.81,31,West,nan
ORD-008485,CUS-1003,2024-01-01,954.65,19,  Central  ,Widget B
ORD-008486,nan,01/02/2024,595.34,31,East,Widget A
ORD-008487,CUS-1001,01/02/2024,1635.42,9,East,Widget A
ORD-008488,CUS-1003,2024-01-01,902.94,19,  Central  ,Widget B
ORD-008489,CUS-1002,01/02/2024,119.16,36,South,Widget B
ORD-008490,CUS-1001,2024-01-01,882.92,26,East,Widget A
ORD-008491,nan,2024-06-30,207.44,2,West,Widget A
ORD-008492,CUS-1001,2024-01-01,302.83,23,West,Widget B
ORD-008493,nan,2024-03-15,279.24,13,West,Widget A
ORD-008494,CUS-1002,not-a-date,1587.68,44,North,Widget B
ORD-008495,CUS-1002,2024-03-15,864.8,46,West,Gadget C
ORD-008496,CUS-1001,2024-01-01,11.94,4,North,Widget B
ORD-008497,nan,2024-01-01,1028.3,19,East,Widget A
ORD-008498,CUS-1002,2024-06-30,410.48,29,North,Widget B
ORD-008499,CUS-1001,2024-01-01,1437.5,17,South,Widget A
ORD-008500,CUS-1001,2024-01-01,1883.84,36,East,Gadget C
ORD-008501,CUS-1003,2024-06-30,348.98,7,West,Widget B
ORD-008502,CUS-1001,2024-03-15,560.16,42,South,Widget A
ORD-008503,CUS-1002,2024-03-15,1427.44,13,  Central  ,Widget B
ORD-008504,CUS-1002,2024-01-01,1268.42,12,East,Widget A
ORD-008505,CUS-1001,2024-01-01,1658.38,17,North,Widget A
ORD-008506,CUS-1002,2024-03-15,1301.88,46,North,Widget A
ORD-008507,CUS-1001,2024-01-01,390.02,14,West,Widget B
ORD-008508,nan,2024-01-01,1672.36,13,  Central  ,Widget B
ORD-008509,CUS-1003,2024-01-01,330.01,13,East,Widget A
ORD-008510,CUS-1001,01/02/2024,176.81,8,West,Gadget C
ORD-008511,CUS-1002,2024-01-01,1879.62,46,East,Widget A
ORD-008512,CUS-1002,not-a-date,1171.76,33,East,Gadget C
ORD-008513,nan,2024-01-01,669.0,28,  Central  ,Widget A
ORD-008514,CUS-1001,2024-01-01,520.19,7,South,Widget B
ORD-008515,CUS-1002,2024-06-30,178.56,3,East,Widget B
ORD-008516,nan,2024-06-30,1124.33,16,East,Widget B
ORD-008517,CUS-1001,01/02/2024,1741.89,46,South,Widget A
ORD-008518,CUS-1002,2024-06-30,1363.05,27,South,Widget B
ORD-008519,CUS-1001,2024-01-01,1526.42,40,South,Widget A
ORD-008520,CUS-1002,2024-01-01,-318.23,15,  Central  ,Widget B
ORD-008521,CUS-1001,2024-01-01,29.67,5,North,Widget B
ORD-008522,nan,2024-01-01,895.73,12,South,Gadget C
ORD-008523,CUS-1001,2024-03-15,81.22,12,West,Gadget C
ORD-008524,CUS-1001,2024-03-15,171.79,30,South,Widget A
ORD-008525,CUS-1003,2024-01-01,359.67,10,East,Widget A
ORD-008526,CUS-1003,2024-01-01,1779.86,48,West,Widget A
ORD-008527,CUS-1002,2024-06-30,438.09,34,East,Widget A
ORD-008528,CUS-1002,01/02/2024,909.01,20,South,Widget B
ORD-008529,CUS-1001,2024-01-01,1754.19,30,West,Widget B
ORD-008530,CUS-1002,2024-01-01,1359.45,35,North,Widget B
ORD-008531,CUS-1001,2024-01-01,273.97,38,West,Widget A
ORD-008532,CUS-1001,2024-01-01,930.06,1,East,Widget B
ORD-008533,nan,2024-01-01,1544.16,25,West,Gadget C
ORD-008534,CUS-1002,01/02/2024,893.33,20,West,Gadget C
ORD-008535,CUS-1001,2024-01-01,442.68,15,East,Widget B
ORD-008536,CUS-1001,01/02/2024,1290.59,32,West,Widget A
ORD-008537,nan,2024-01-01,-82.03,12,North,Widget A
ORD-008538,CUS-1001,2024-01-01,1032.38,13,South,Widget A
ORD-008539,CUS-1001,2024-01-01,258.7,33,East,Widget B
ORD-008540,CUS-1001,not-a-date,1811.04,4,West,Widget A
ORD-008541,CUS-1001,2024-03-15,1842.87,19,North,Widget A
ORD-008542,CUS-1001,2024-01-01,613.45,38,West,Widget A
ORD-008543,nan,2024-01-01,592.29,20,South,Widget A
ORD-008544,CUS-1001,01/02/2024,349.5,15,North,Gadget C
ORD-008545,CUS-1002,2024-01-01,1175.81,11,South,Widget A
ORD-008546,CUS-1002,01/02/2024,406.12,25,North,Widget A
ORD-008547,CUS-1002,2024-06-30,1232.84,39,South,Widget B
ORD-008548,CUS-1002,2024-01-01,1892.01,5,East,Gadget C
ORD-008549,CUS-1002,01/02/2024,369.88,30,South,nan
ORD-008550,CUS-1002,01/02/2024,459.55,39,  Central  ,Widget A
ORD-008551,CUS-1002,01/02/2024,191.47,11,East,Widget A
ORD-008552,CUS-1003,2024-01-01,636.7,34,South,Widget B
ORD-008553,CUS-1002,01/02/2024,1764.42,21,  Central  ,Widget B
ORD-008554,CUS-1003,2024-01-01,41.74,1,South,Widget A
ORD-008555,CUS-1001,2024-03-15,1276.19,35,East,Widget B
ORD-008556,CUS-1002,01/02/2024,774.21,36,South,nan
ORD-008557,CUS-1002,2024-01-01,641.92,34,West,Widget A
ORD-008558,CUS-1001,2024-06-30,352.67,4,South,Widget B
ORD-008559,CUS-1003,2024-03-15,1667.13,23,North,Widget B
ORD-008560,CUS-1001,01/02/2024,1647.35,9,South,Widget B
ORD-008561,CUS-1001,2024-06-30,-463.1,33,South,Widget B
ORD-008562,CUS-1003,2024-03-15,1157.37,23,South,nan
ORD-008563,CUS-1001,2024-01-01,835.77,31,West,Widget A
ORD-008564,CUS-1001,01/02/2024,22.42,44,West,Gadget C
ORD-008565,CUS-1001,01/02/2024,617.62,5,North,Widget B
ORD-008566,nan,01/02/2024,384.16,12,North,Gadget C
ORD-008567,CUS-1002,2024-06-30,1529.26,29,North,Gadget C
ORD-008568,CUS-1002,2024-01-01,900.16,46,South,Widget B
ORD-008569,CUS-1003,2024-01-01,1598.03,3,East,Widget A
ORD-008570,CUS-1002,2024-01-01,1937.95,42,South,Widget B
ORD-008571,nan,2024-03-15,808.75,40,West,Widget A
ORD-008572,CUS-1003,2024-01-01,1115.25,10,East,Widget A
ORD-008573,CUS-1001,2024-01-01,-220.62,41,West,Widget A
ORD-008574,nan,2024-01-01,340.89,29,  Central  ,Gadget C
ORD-008575,CUS-1002,01/02/2024,117.81,3,East,Gadget C
ORD-008576,CUS-1001,2024-01-01,944.54,3,East,Gadget C
ORD-008577,CUS-1001,2024-01-01,980.86,17,West,Widget A
ORD-008578,CUS-1002,2024-01-01,1858.76,27,East,Widget A
ORD-008579,CUS-1001,2024-01-01,916.71,39,  Central  ,Widget A
ORD-008580,CUS-1002,2024-01-01,893.51,5,East,Gadget C
ORD-008581,CUS-1001,2024-01-01,1001.25,33,  Central  ,Widget A
ORD-008582,CUS-1002,01/02/2024,896.78,33,South,Widget B
ORD-008583,CUS-1001,2024-01-01,1798.54,19,North,Widget B
ORD-008584,CUS-1003,2024-01-01,-150.99,14,West,Widget A
ORD-008585,CUS-1001,01/02/2024,-387.71,13,North,Widget B
ORD-008586,CUS-1001,2024-01-01,317.7,23,  Central  ,Widget A
ORD-008587,CUS-1002,2024-01-01,1753.19,15,  Central  ,Widget A
ORD-008588,CUS-1002,2024-01-01,1940.39,28,South,Widget A
ORD-008589,CUS-1002,2024-01-01,1914.19,6,West,Widget B
ORD-008590,CUS-1002,01/02/2024,1965.72,35,  Central  ,Gadget C
ORD-008591,CUS-1001,2024-06-30,1397.69,49,South,Widget A
ORD-008592,CUS-1003,2024-01-01,1346.29,11,West,Widget B
ORD-008593,CUS-1002,01/02/2024,144.0,34,East,Widget A
ORD-008594,CUS-1001,2024-06-30,573.01,36,South,Widget A
ORD-008595,CUS-1003,2024-01-01,1576.23,27,South,Widget B
ORD-008596,CUS-1002,2024-03-15,728.59,15,  Central  ,Widget A
ORD-008597,CUS-1002,01/02/2024,1244.83,49,East,Widget B
ORD-008598,CUS-1002,01/02/2024,1177.11,31,East,Gadget C
ORD-008599,CUS-1001,2024-06-30,1165.62,19,West,Widget A
ORD-008600,CUS-1002,2024-01-01,747.16,13,West,Widget B
ORD-008601,CUS-1001,2024-06-30,1770.8,43,South,Widget A
ORD-008602,CUS-1001,2024-01-01,505.42,36,West,Widget B
ORD-008603,nan,01/02/2024,1543.03,44,East,Widget B
ORD-008604,CUS-1002,2024-01-01,60.5,37,  Central  ,Gadget C
ORD-008605,CUS-1001,2024-01-01,1678.43,6,East,Widget B
ORD-008606,CUS-1001,2024-01-01,1518.65,39,North,Widget A
ORD-008607,CUS-1002,2024-06-30,1958.11,49,North,Gadget C
ORD-008608,CUS-1001,01/02/2024,250.35,2,East,Gadget C
ORD-008609,CUS-1001,not-a-date,1609.18,37,East,Widget B
ORD-008610,CUS-1001,2024-01-01,624.96,39,West,Widget B
ORD-008611,CUS-1002,2024-01-01,503.38,17,West,Widget B
ORD-008612,CUS-1002,2024-01-01,418.02,43,South,Widget B
ORD-008613,CUS-1001,2024-01-01,1439.67,20,  Central  ,Widget B
ORD-008614,CUS-1001,2024-01-01,1885.49,21,West,Widget B
ORD-008615,CUS-1002,2024-06-30,1307.82,4,North,Widget A
ORD-008616,CUS-1002,not-a-date,538.96,19,South,Widget A
ORD-008617,CUS-1002,2024-01-01,805.66,39,East,Widget A
ORD-008618,CUS-1001,2024-01-01,489.63,27,North,Widget A
ORD-008619,CUS-1002,01/02/2024,148.88,15,South,Gadget C
ORD-008620,nan,01/02/2024,1536.98,36,East,Gadget C
ORD-008621,CUS-1002,01/02/2024,217.89,17,  Central  ,Widget B
ORD-008622,CUS-1001,01/02/2024,1302.12,19,West,Widget A
ORD-008623,CUS-1002,2024-01-01,862.26,26,North,Widget A
ORD-008624,CUS-1001,2024-01-01,154.57,5,West,Widget A
ORD-008625,CUS-1001,2024-06-30,610.0,25,North,Widget A
ORD-008626,CUS-1001,2024-03-15,160.15,36,  Central  ,Widget B
ORD-008627,nan,2024-06-30,1262.23,11,East,Gadget C
ORD-008628,CUS-1001,2024-01-01,1337.7,28,North,Widget A
ORD-008629,CUS-1003,01/02/2024,1790.58,1,  Central  ,Widget A
ORD-008630,CUS-1002,2024-01-01,-138.85,41,North,Widget A
ORD-008631,CUS-1002,2024-06-30,360.57,35,North,Widget B
ORD-008632,CUS-1001,2024-01-01,954.44,36,North,Widget A
ORD-008633,CUS-1002,01/02/2024,1630.68,22,South,Gadget C
ORD-008634,CUS-1001,2024-01-01,1136.01,29,North,Widget B
ORD-008635,CUS-1002,2024-01-01,1888.5,36,  Central  ,Gadget C
ORD-008636,CUS-1001,2024-01-01,-194.47,18,East,nan
ORD-008637,CUS-1001,01/02/2024,1441.34,20,West,Widget B
ORD-008638,CUS-1002,2024-03-15,1329.55,16,South,Gadget C
ORD-008639,CUS-1001,2024-06-30,494.39,19,South,Widget B
ORD-008640,CUS-1001,01/02/2024,423.76,34,South,Widget A
ORD-008641,nan,01/02/2024,770.22,45,West,Widget A
ORD-008642,CUS-1001,2024-03-15,651.82,12,East,nan
ORD-008643,CUS-1001,2024-01-01,676.61,14,South,Widget A
ORD-008644,CUS-1001,2024-03-15,1447.19,3,North,Widget B
ORD-008645,CUS-1001,2024-03-15,189.71,19,South,Widget A
ORD-008646,CUS-1002,01/02/2024,1499.17,39,East,Widget A
ORD-008647,CUS-1001,2024-01-01,1003.83,18,North,Widget A
ORD-008648,CUS-1002,2024-01-01,356.23,1,East,Widget B
ORD-008649,CUS-1002,2024-01-01,1342.24,10,  Central  ,Gadget C
ORD-008650,CUS-1001,2024-06-30,753.82,11,North,Widget A
ORD-008651,nan,01/02/2024,-496.47,10,North,Widget A
ORD-008652,nan,01/02/2024,1179.76,41,South,Gadget C
ORD-008653,CUS-1001,2024-01-01,646.68,47,West,Widget B
ORD-008654,CUS-1001,2024-03-15,574.33,23,South,Widget A
ORD-008655,CUS-1001,2024-01-01,960.79,5,North,Gadget C
ORD-008656,CUS-1001,2024-01-01,1044.52,48,West,Widget A
ORD-008657,CUS-1002,01/02/2024,1408.69,35,East,Widget B
ORD-008658,CUS-1002,2024-01-01,989.43,41,West,nan
ORD-008659,CUS-1002,2024-01-01,1071.69,6,South,Widget A
ORD-008660,CUS-1001,2024-01-01,1145.18,8,  Central  ,Widget B
ORD-008661,CUS-1001,2024-01-01,1855.26,8,North,Widget A
ORD-008662,nan,2024-06-30,211.49,49,  Central  ,Widget A
ORD-008663,nan,2024-03-15,1330.16,36,North,Widget A
ORD-008664,CUS-1001,2024-06-30,-382.06,41,South,Gadget C
ORD-008665,CUS-1002,2024-06-30,525.63,31,North,Widget A
ORD-008666,CUS-1002,2024-01-01,1583.96,18,West,Widget A
ORD-008667,CUS-1002,2024-01-01,729.13,18,East,Widget A
ORD-008668,CUS-1002,01/02/2024,63.13,5,East,Widget A
ORD-008669,nan,2024-01-01,1031.54,13,  Central  ,Widget B
ORD-008670,CUS-1001,2024-06-30,881.09,32,North,Widget A
ORD-008671,CUS-1001,2024-01-01,1854.4,21,South,Gadget C
ORD-008672,nan,01/02/2024,1885.01,27,North,Gadget C
ORD-008673,CUS-1001,01/02/2024,564.81,43,South,Widget B
ORD-008674,CUS-1001,2024-06-30,1642.43,7,North,Widget A
ORD-008675,CUS-1002,01/02/2024,1034.32,36,North,nan
ORD-008676,CUS-1003,01/02/2024,1084.93,48,North,Widget A
ORD-008677,CUS-1002,2024-01-01,237.12,44,East,Gadget C
ORD-008678,CUS-1003,01/02/2024,1674.69,10,South,Widget A
ORD-008679,CUS-1002,2024-03-15,1215.85,15,North,Widget B
ORD-008680,CUS-1001,01/02/2024,1910.84,31,East,Widget B
ORD-008681,CUS-1002,2024-03-15,1567.98,23,North,Widget B
ORD-008682,CUS-1003,2024-01-01,938.58,32,North,Widget A
ORD-008683,CUS-1003,2024-01-01,1715.98,33,East,Widget A
ORD-008684,CUS-1001,2024-06-30,643.25,8,  Central  ,Widget A
ORD-008685,CUS-1001,2024-01-01,1727.33,43,West,Gadget C
ORD-008686,CUS-1003,01/02/2024,-148.61,6,West,Widget A
ORD-008687,CUS-1001,01/02/2024,679.69,30,East,Widget B
ORD-008688,CUS-1001,2024-06-30,1737.8,46,South,Widget A
ORD-008689,CUS-1003,2024-01-01,57.7,3,East,Widget A
ORD-008690,CUS-1002,2024-01-01,1738.49,21,West,Widget A
ORD-008691,CUS-1001,not-a-date,89.77,22,North,Gadget C
ORD-008692,CUS-1001,01/02/2024,1321.2,21,  Central  ,Widget B
ORD-008693,CUS-1001,01/02/2024,1279.86,43,West,Widget B
ORD-008694,CUS-1003,2024-01-01,124.49,4,East,Widget B
ORD-008695,CUS-1002,2024-01-01,1678.05,39,South,Widget A
ORD-008696,CUS-1001,2024-06-30,180.98,1,West,Widget B
ORD-008697,CUS-1001,01/02/2024,1704.23,47,  Central  ,Gadget C
ORD-008698,CUS-1001,2024-06-30,1966.43,48,South,Widget B
ORD-008699,CUS-1001,2024-06-30,1347.52,37,North,Widget B
ORD-008700,CUS-1001,01/02/2024,1861.23,42,East,Widget B
ORD-008701,CUS-1002,01/02/2024,1254.39,8,South,Widget A
ORD-008702,CUS-1001,01/02/2024,1962.28,8,South,Widget A
ORD-008703,CUS-1001,2024-03-15,1595.72,10,South,Widget A
ORD-008704,CUS-1002,01/02/2024,1361.76,17,East,Widget B
ORD-008705,CUS-1002,2024-01-01,1977.93,17,North,Widget A
ORD-008706,CUS-1001,2024-06-30,972.88,9,South,Widget A
ORD-008707,CUS-1001,01/02/2024,972.49,6,South,Widget A
ORD-008708,CUS-1001,not-a-date,1704.76,41,North,Gadget C
ORD-008709,CUS-1001,2024-01-01,1351.84,34,North,Widget A
ORD-008710,CUS-1002,2024-01-01,296.98,41,North,Widget A
ORD-008711,CUS-1001,01/02/2024,622.87,18,North,Widget A
ORD-008712,CUS-1003,2024-03-15,1173.56,42,North,Widget A
ORD-008713,CUS-1002,2024-01-01,41.85,10,East,Gadget C
ORD-008714,CUS-1001,2024-01-01,1025.69,38,  Central  ,Widget A
ORD-008715,CUS-1001,2024-03-15,475.54,12,South,Widget A
ORD-008716,CUS-1001,2024-06-30,481.23,26,West,Gadget C
ORD-008717,CUS-1001,2024-01-01,1791.72,47,South,Widget A
ORD-008718,CUS-1002,2024-01-01,571.55,5,East,Widget B
ORD-008719,CUS-1001,2024-01-01,1797.5,38,South,Gadget C
ORD-008720,CUS-1003,2024-01-01,1072.1,28,  Central  ,Widget A
ORD-008721,CUS-1002,2024-01-01,1856.45,16,East,Widget B
ORD-008722,CUS-1002,01/02/2024,1461.16,48,East,Widget A
ORD-008723,CUS-1003,01/02/2024,833.9,39,South,Widget A
ORD-008724,CUS-1002,2024-01-01,80.02,41,West,Widget B
ORD-008725,nan,2024-01-01,1784.37,46,  Central  ,Widget A
ORD-008726,nan,2024-06-30,1417.61,42,South,Widget A
ORD-008727,CUS-1001,2024-01-01,278.17,38,North,nan
ORD-008728,CUS-1001,2024-03-15,1870.95,9,  Central  ,Widget A
ORD-008729,CUS-1001,2024-01-01,-492.49,20,West,Widget A
ORD-008730,CUS-1001,2024-03-15,68.8,20,North,Widget A
ORD-008731,CUS-1002,2024-03-15,598.79,9,North,Widget B
ORD-008732,CUS-1001,2024-01-01,1721.01,15,West,Widget A
ORD-008733,CUS-1002,01/02/2024,844.04,39,  Central  ,Widget A
ORD-008734,CUS-1003,01/02/2024,1617.49,29,North,nan
ORD-008735,CUS-1001,2024-01-01,811.51,3,North,Widget B
ORD-008736,CUS-1002,2024-03-15,276.56,34,North,Widget B
ORD-008737,CUS-1001,2024-01-01,397.29,15,  Central  ,Gadget C
ORD-008738,CUS-1003,2024-01-01,1763.6,3,  Central  ,Widget A
ORD-008739,CUS-1002,2024-06-30,370.66,4,East,Widget B
ORD-008740,CUS-1001,2024-01-01,1871.54,5,South,Widget A
ORD-008741,CUS-1002,2024-01-01,584.2,13,East,Widget A
ORD-008742,CUS-1001,2024-01-01,1943.56,32,East,Widget A
ORD-008743,CUS-1002,2024-06-30,202.7,16,West,Widget A
ORD-008744,CUS-1002,2024-01-01,1101.3,44,East,Gadget C
ORD-008745,CUS-1001,2024-01-01,80.81,18,East,Widget A
ORD-008746,CUS-1002,01/02/2024,520.62,3,  Central  ,Widget A
ORD-008747,CUS-1003,2024-03-15,1712.16,7,North,nan
ORD-008748,CUS-1003,01/02/2024,382.14,12,West,Widget A
ORD-008749,CUS-1002,2024-06-30,1784.14,31,  Central  ,Widget A
ORD-008750,CUS-1002,2024-01-01,1183.72,27,North,Widget A
ORD-008751,CUS-1001,01/02/2024,1455.89,48,South,Widget A
ORD-008752,CUS-1003,01/02/2024,725.23,7,South,Widget A
ORD-008753,CUS-1003,2024-01-01,1969.95,6,West,Widget A
ORD-008754,CUS-1001,not-a-date,1654.89,27,East,Gadget C
ORD-008755,CUS-1001,01/02/2024,1824.37,35,East,Widget B
ORD-008756,CUS-1001,2024-01-01,300.21,20,East,Widget B
ORD-008757,CUS-1001,2024-01-01,540.95,9,South,Gadget C
ORD-008758,CUS-1001,2024-01-01,1683.58,22,North,Widget A
ORD-008759,CUS-1001,not-a-date,1342.33,32,North,Widget B
ORD-008760,CUS-1002,2024-01-01,775.85,24,South,Widget B
ORD-008761,CUS-1001,2024-06-30,934.09,9,  Central  ,Widget B
ORD-008762,CUS-1001,2024-01-01,882.69,3,West,Widget A
ORD-008763,CUS-1002,2024-06-30,1120.12,44,North,Widget A
ORD-008764,CUS-1001,2024-03-15,983.17,17,South,Widget A
ORD-008765,CUS-1002,2024-01-01,914.9,2,East,Widget A
ORD-008766,CUS-1003,2024-01-01,662.09,21,East,Widget B
ORD-008767,nan,2024-03-15,903.24,11,North,Gadget C
ORD-008768,CUS-1002,2024-01-01,363.17,11,North,Widget B
ORD-008769,CUS-1001,2024-01-01,389.82,33,East,Gadget C
ORD-008770,CUS-1001,2024-03-15,1379.69,33,East,nan
ORD-008771,nan,2024-06-30,1929.5,34,East,Widget A
ORD-008772,CUS-1002,2024-03-15,432.66,44,South,Widget B
ORD-008773,CUS-1003,not-a-date,1826.75,23,South,Widget B
ORD-008774,CUS-1002,01/02/2024,1254.89,37,East,Widget A
ORD-008775,CUS-1001,2024-03-15,1906.12,13,North,Widget B
ORD-008776,CUS-1002,2024-01-01,796.55,32,North,Gadget C
ORD-008777,CUS-1003,2024-03-15,-139.86,31,South,Widget B
ORD-008778,CUS-1003,01/02/2024,1092.28,18,West,Widget A
ORD-008779,CUS-1001,01/02/2024,1955.21,49,North,Widget B
ORD-008780,CUS-1002,2024-06-30,130.39,46,South,Widget A
ORD-008781,CUS-1001,2024-01-01,126.91,32,South,Widget A
ORD-008782,nan,01/02/2024,1729.64,10,West,Widget A
ORD-008783,CUS-1001,01/02/2024,116.46,9,  Central  ,Widget A
ORD-008784,CUS-1002,2024-01-01,1815.66,32,East,Widget B
ORD-008785,CUS-1001,2024-01-01,197.1,45,South,Gadget C
ORD-008786,CUS-1002,2024-06-30,233.73,8,East,Gadget C
ORD-008787,CUS-1002,2024-01-01,-54.34,35,  Central  ,Widget A
ORD-008788,CUS-1001,01/02/2024,1456.28,29,West,nan
ORD-008789,CUS-1003,01/02/2024,1158.17,30,North,Widget A
ORD-008790,nan,not-a-date,1818.82,8,South,Widget A
ORD-008791,CUS-1003,2024-03-15,-382.41,9,North,Widget B
ORD-008792,CUS-1001,2024-01-01,1195.44,22,North,Widget A
ORD-008793,CUS-1002,2024-01-01,1145.04,15,East,Widget B
ORD-008794,CUS-1002,2024-03-15,818.05,32,West,Widget A
ORD-008795,CUS-1002,2024-01-01,1281.97,24,South,Widget B
ORD-008796,CUS-1002,01/02/2024,1946.37,32,South,Widget A
ORD-008797,CUS-1002,2024-01-01,1944.57,30,South,Widget A
ORD-008798,CUS-1001,2024-01-01,230.65,48,  Central  ,Gadget C
ORD-008799,CUS-1001,2024-06-30,916.59,18,South,Gadget C
ORD-008800,CUS-1001,2024-06-30,1188.75,19,North,Widget A
ORD-008801,CUS-1001,2024-03-15,1434.69,32,  Central  ,Widget A
ORD-008802,CUS-1001,2024-01-01,608.03,28,East,Gadget C
ORD-008803,CUS-1001,2024-06-30,1966.04,9,North,Widget B
ORD-008804,CUS-1003,01/02/2024,836.36,13,West,Widget A
ORD-008805,CUS-1002,2024-06-30,577.88,41,East,Widget A
ORD-008806,CUS-1001,2024-01-01,1562.34,5,West,Widget B
ORD-008807,CUS-1003,2024-01-01,1180.22,9,East,Widget B
ORD-008808,nan,01/02/2024,1810.03,36,West,Widget A
ORD-008809,nan,2024-06-30,221.67,47,West,Widget B
ORD-008810,CUS-1003,2024-01-01,118.79,42,East,Widget B
ORD-008811,nan,2024-01-01,1886.86,36,West,Gadget C
ORD-008812,CUS-1002,01/02/2024,897.52,14,South,Widget B
ORD-008813,nan,2024-06-30,440.15,38,North,Widget A
ORD-008814,nan,2024-03-15,1488.75,19,North,Widget A
ORD-008815,CUS-1001,2024-06-30,1994.92,17,North,Widget B
ORD-008816,CUS-1003,01/02/2024,1997.5,14,South,Widget A
ORD-008817,CUS-1003,not-a-date,1926.72,16,North,Widget B
ORD-008818,CUS-1003,01/02/2024,321.63,32,East,Widget A
ORD-008819,nan,2024-01-01,1702.15,40,  Central  ,Widget A
ORD-008820,CUS-1001,2024-03-15,257.18,33,South,Widget A
ORD-008821,CUS-1001,01/02/2024,720.07,41,East,Widget B
ORD-008822,CUS-1002,2024-01-01,364.87,14,  Central  ,Widget A
ORD-008823,CUS-1002,2024-01-01,718.48,29,North,Widget A
ORD-008824,CUS-1003,2024-03-15,503.43,34,South,Gadget C
ORD-008825,CUS-1003,2024-03-15,1794.64,19,  Central  ,Widget B
ORD-008826,CUS-1002,2024-01-01,1975.6,39,North,Widget A
ORD-008827,nan,2024-06-30,355.85,28,West,Widget B
ORD-008828,CUS-1001,2024-01-01,268.04,14,South,Widget A
ORD-008829,nan,2024-01-01,337.1,35,East,Gadget C
ORD-008830,CUS-1001,2024-01-01,1135.72,3,West,Widget A
ORD-008831,CUS-1002,2024-01-01,1765.34,39,  Central  ,Widget A
ORD-008832,CUS-1001,2024-01-01,1493.55,10,North,Widget A
ORD-008833,CUS-1002,2024-03-15,849.89,23,South,Widget A
ORD-008834,CUS-1001,2024-03-15,1918.52,37,South,Gadget C
ORD-008835,CUS-1001,01/02/2024,1081.7,39,South,Widget A
ORD-008836,CUS-1002,not-a-date,1571.83,18,North,Widget B
ORD-008837,CUS-1002,2024-06-30,1004.98,32,South,Widget B
ORD-008838,CUS-1001,2024-01-01,1335.82,5,East,Widget A
ORD-008839,CUS-1002,2024-01-01,759.01,42,West,Widget B
ORD-008840,CUS-1001,2024-01-01,114.58,12,  Central  ,Widget A
ORD-008841,CUS-1001,01/02/2024,1229.11,40,South,Widget B
ORD-008842,CUS-1001,2024-01-01,584.82,25,  Central  ,Gadget C
ORD-008843,CUS-1002,01/02/2024,1105.77,21,South,Widget A
ORD-008844,CUS-1003,01/02/2024,1306.31,17,  Central  ,Widget A
ORD-008845,CUS-1002,01/02/2024,908.91,38,West,Widget B
ORD-008846,CUS-1003,2024-01-01,322.56,15,South,nan
ORD-008847,CUS-1002,2024-01-01,1612.31,30,  Central  ,nan
ORD-008848,CUS-1003,2024-01-01,353.18,2,North,nan
ORD-008849,nan,2024-03-15,267.36,33,West,Gadget C
ORD-008850,CUS-1001,01/02/2024,641.54,7,East,Widget A
ORD-008851,CUS-1001,01/02/2024,125.82,12,North,Gadget C
ORD-008852,CUS-1001,01/02/2024,712.91,36,South,Widget A
ORD-008853,CUS-1002,01/02/2024,1517.6,38,South,Widget B
ORD-008854,CUS-1002,2024-01-01,-375.1,6,North,Widget B
ORD-008855,CUS-1001,2024-01-01,918.88,6,  Central  ,Widget B
ORD-008856,nan,2024-01-01,375.43,6,North,Widget A
ORD-008857,nan,2024-01-01,1947.75,10,East,Gadget C
ORD-008858,CUS-1001,2024-01-01,1649.4,13,East,Widget A
ORD-008859,CUS-1001,2024-03-15,20.43,18,East,nan
ORD-008860,CUS-1001,2024-01-01,1217.96,26,North,Widget B
ORD-008861,CUS-1001,2024-01-01,1891.05,38,South,Widget A
ORD-008862,CUS-1003,2024-01-01,1859.13,5,  Central  ,Widget A
ORD-008863,CUS-1002,2024-01-01,-180.54,21,North,Gadget C
ORD-008864,CUS-1001,2024-01-01,1226.59,2,North,Widget B
ORD-008865,CUS-1002,2024-01-01,1236.5,31,  Central  ,Widget B
ORD-008866,CUS-1001,2024-01-01,1462.7,45,  Central  ,Widget B
ORD-008867,CUS-1001,2024-06-30,1883.58,45,East,Gadget C
ORD-008868,CUS-1001,2024-01-01,938.25,4,West,Widget B
ORD-008869,CUS-1002,2024-01-01,132.83,35,  Central  ,nan
ORD-008870,CUS-1002,2024-01-01,1446.73,39,North,Widget A
ORD-008871,CUS-1003,2024-01-01,1892.8,41,North,Gadget C
ORD-008872,CUS-1001,01/02/2024,1742.46,3,East,Widget B
ORD-008873,CUS-1003,2024-01-01,58.75,7,West,nan
ORD-008874,CUS-1001,not-a-date,1766.43,19,West,Gadget C
ORD-008875,CUS-1001,2024-06-30,303.1,3,South,nan
ORD-008876,CUS-1003,2024-03-15,1957.86,17,North,Widget B
ORD-008877,CUS-1002,2024-01-01,1485.17,12,North,Widget B
ORD-008878,CUS-1001,2024-01-01,261.05,43,West,Widget A
ORD-008879,CUS-1002,2024-01-01,210.53,44,East,Widget A
ORD-008880,CUS-1002,2024-03-15,562.98,15,North,Widget B
ORD-008881,nan,2024-01-01,466.61,36,East,Widget A
ORD-008882,CUS-1002,01/02/2024,18.01,2,East,Widget A
ORD-008883,CUS-1001,2024-01-01,1781.79,19,South,Widget A
ORD-008884,CUS-1002,2024-01-01,261.68,45,West,Gadget C
ORD-008885,CUS-1001,2024-01-01,1978.84,45,South,Widget A
ORD-008886,CUS-1001,2024-01-01,-420.42,19,West,Widget A
ORD-008887,CUS-1002,01/02/2024,1153.16,33,South,Gadget C
ORD-008888,CUS-1003,01/02/2024,1399.78,3,East,Widget B
ORD-008889,CUS-1001,2024-01-01,609.35,40,  Central  ,Widget A
ORD-008890,CUS-1003,2024-01-01,917.38,12,East,Widget A
ORD-008891,CUS-1002,not-a-date,1548.14,5,East,Widget B
ORD-008892,CUS-1003,2024-01-01,138.59,27,East,Widget B
ORD-008893,CUS-1001,01/02/2024,729.78,41,East,Widget A
ORD-008894,CUS-1001,2024-01-01,1582.07,31,West,Widget B
ORD-008895,CUS-1001,01/02/2024,670.62,24,West,nan
ORD-008896,CUS-1001,01/02/2024,127.94,14,West,Widget B
ORD-008897,CUS-1001,2024-01-01,383.63,5,South,Widget A
ORD-008898,CUS-1001,01/02/2024,1357.44,2,North,Gadget C
ORD-008899,CUS-1001,01/02/2024,1935.27,2,South,Widget A
ORD-008900,CUS-1001,2024-01-01,465.29,17,East,Widget A
ORD-008901,nan,2024-03-15,1039.88,28,West,Widget B
ORD-008902,CUS-1003,2024-01-01,488.62,1,East,Gadget C
ORD-008903,CUS-1001,2024-01-01,1847.38,29,South,Widget A
ORD-008904,nan,2024-03-15,1801.22,36,East,Widget B
ORD-008905,CUS-1001,not-a-date,788.5,9,North,Widget B
ORD-008906,CUS-1001,2024-01-01,83.75,22,East,Widget B
ORD-008907,CUS-1003,01/02/2024,1218.98,16,East,Widget A
ORD-008908,CUS-1002,2024-01-01,1259.18,39,East,Widget A
ORD-008909,CUS-1001,2024-03-15,1239.3,20,West,Widget B
ORD-008910,CUS-1001,2024-01-01,599.05,39,East,Gadget C
ORD-008911,CUS-1002,2024-03-15,57.56,1,East,nan
ORD-008912,CUS-1002,2024-01-01,73.99,45,East,Gadget C
ORD-008913,CUS-1001,2024-01-01,1560.06,48,  Central  ,Gadget C
ORD-008914,CUS-1002,2024-03-15,1066.9,34,West,Widget A
ORD-008915,CUS-1001,2024-01-01,549.65,41,North,Widget A
ORD-008916,CUS-1002,2024-01-01,1829.91,36,South,Widget A
ORD-008917,CUS-1001,2024-01-01,1769.81,13,North,Widget B
ORD-008918,CUS-1003,01/02/2024,1634.14,8,North,Widget B
ORD-008919,CUS-1002,2024-01-01,1247.42,42,West,nan
ORD-008920,CUS-1001,01/02/2024,1233.81,1,South,Widget A
ORD-008921,CUS-1002,2024-01-01,1066.21,30,South,Widget A
ORD-008922,CUS-1001,01/02/2024,374.57,2,South,Widget A
ORD-008923,CUS-1001,2024-06-30,1457.37,9,North,Widget A
ORD-008924,CUS-1002,2024-01-01,1046.27,16,North,Widget A
ORD-008925,CUS-1002,01/02/2024,1096.55,39,East,Widget A
ORD-008926,CUS-1002,2024-01-01,1379.96,5,North,Widget A
ORD-008927,nan,2024-01-01,750.31,5,North,Widget B
ORD-008928,CUS-1001,2024-03-15,1411.74,12,West,Widget A
ORD-008929,CUS-1001,not-a-date,503.86,21,  Central  ,Widget A
ORD-008930,CUS-1002,2024-03-15,1732.32,15,North,Widget A
ORD-008931,CUS-1001,2024-06-30,1972.28,37,South,Gadget C
ORD-008932,CUS-1001,2024-01-01,1187.76,24,North,Gadget C
ORD-008933,nan,01/02/2024,769.4,44,North,Widget A
ORD-008934,CUS-1003,2024-01-01,583.78,44,South,Widget A
ORD-008935,nan,2024-06-30,1786.52,15,West,Widget B
ORD-008936,CUS-1001,01/02/2024,660.14,37,South,Gadget C
ORD-008937,CUS-1001,2024-01-01,1629.97,30,North,Widget B
ORD-008938,CUS-1002,2024-03-15,823.07,32,East,Widget B
ORD-008939,nan,01/02/2024,1760.62,42,West,Widget B
ORD-008940,CUS-1001,2024-06-30,869.35,10,South,Widget B
ORD-008941,CUS-1001,2024-03-15,1160.09,43,South,Gadget C
ORD-008942,CUS-1001,not-a-date,254.07,28,North,Widget B
ORD-008943,CUS-1003,01/02/2024,1951.35,1,  Central  ,Widget A
ORD-008944,CUS-1003,01/02/2024,1130.34,20,  Central  ,Gadget C
ORD-008945,CUS-1002,2024-03-15,1242.52,5,West,Widget A
ORD-008946,CUS-1001,2024-01-01,259.65,17,North,Widget A
ORD-008947,CUS-1002,2024-01-01,1384.19,10,South,Widget B
ORD-008948,CUS-1002,2024-06-30,858.65,33,North,Gadget C
ORD-008949,CUS-1001,2024-06-30,852.09,1,North,Widget B
ORD-008950,CUS-1001,2024-06-30,951.84,5,South,Widget A
ORD-008951,CUS-1002,2024-01-01,1076.5,44,South,Widget B
ORD-008952,CUS-1001,2024-01-01,1608.94,20,  Central  ,Gadget C
ORD-008953,nan,2024-06-30,690.44,4,West,Widget A
ORD-008954,CUS-1002,2024-01-01,1762.66,39,North,Widget A
ORD-008955,CUS-1001,2024-01-01,230.51,45,North,nan
ORD-008956,CUS-1002,2024-01-01,1065.82,16,  Central  ,Widget A
ORD-008957,CUS-1002,not-a-date,1359.37,15,West,Widget A
ORD-008958,CUS-1001,01/02/2024,1941.07,28,North,Widget B
ORD-008959,CUS-1002,2024-01-01,802.37,4,West,Widget A
ORD-008960,CUS-1001,01/02/2024,1360.17,49,South,Gadget C
ORD-008961,CUS-1001,2024-01-01,1574.77,19,West,Gadget C
ORD-008962,CUS-1002,2024-03-15,1666.82,13,East,Widget B
ORD-008963,CUS-1002,01/02/2024,1834.76,36,East,Widget B
ORD-008964,CUS-1001,01/02/2024,698.3,20,South,Gadget C
ORD-008965,CUS-1001,2024-01-01,1686.51,7,East,Gadget C
ORD-008966,CUS-1002,2024-01-01,1914.26,24,North,Widget B
ORD-008967,CUS-1001,2024-01-01,944.05,47,South,Widget B
ORD-008968,nan,2024-06-30,-244.47,25,North,Gadget C
ORD-008969,CUS-1002,2024-01-01,652.75,9,East,Widget A
ORD-008970,CUS-1003,2024-01-01,520.06,11,North,Widget A
ORD-008971,CUS-1001,2024-01-01,563.15,45,South,Widget A
ORD-008972,CUS-1003,2024-06-30,112.33,38,North,Widget A
ORD-008973,CUS-1001,2024-03-15,1161.06,1,East,Widget A
ORD-008974,CUS-1001,2024-01-01,-398.04,11,South,Widget B
ORD-008975,CUS-1001,01/02/2024,581.34,37,South,Widget A
ORD-008976,CUS-1001,2024-01-01,-227.6,15,South,Widget A
ORD-008977,nan,2024-03-15,573.43,24,North,Gadget C
ORD-008978,CUS-1002,2024-06-30,1546.32,43,West,Widget B
ORD-008979,CUS-1002,2024-03-15,900.77,38,South,Widget A
ORD-008980,CUS-1002,not-a-date,-191.14,33,East,Gadget C
ORD-008981,CUS-1002,01/02/2024,441.88,33,  Central  ,Widget B
ORD-008982,CUS-1002,2024-01-01,1287.48,13,North,Widget A
ORD-008983,CUS-1003,01/02/2024,1464.7,10,East,Widget B
ORD-008984,CUS-1002,2024-03-15,1620.3,41,North,Gadget C
ORD-008985,CUS-1002,2024-01-01,1371.28,3,  Central  ,Widget B
ORD-008986,CUS-1001,01/02/2024,1822.46,32,South,Gadget C
ORD-008987,nan,2024-01-01,260.77,20,South,nan
ORD-008988,CUS-1001,2024-01-01,1105.8,2,South,Gadget C
ORD-008989,CUS-1001,not-a-date,905.09,29,  Central  ,Widget B
ORD-008990,nan,2024-01-01,1998.57,7,South,Widget B
ORD-008991,CUS-1001,2024-03-15,1103.21,42,  Central  ,Widget A
ORD-008992,CUS-1001,2024-01-01,1373.66,13,West,Widget B
ORD-008993,CUS-1001,01/02/2024,-38.96,12,West,Widget B
ORD-008994,CUS-1002,2024-06-30,293.56,34,North,Widget B
ORD-008995,nan,2024-03-15,685.18,15,East,Gadget C
ORD-008996,CUS-1003,2024-03-15,-162.1,18,South,Gadget C
ORD-008997,CUS-1002,2024-01-01,242.67,17,South,Widget A
ORD-008998,nan,2024-01-01,1124.4,25,North,Widget B
ORD-008999,CUS-1002,2024-03-15,620.04,36,  Central  ,nan
ORD-009000,CUS-1003,2024-03-15,338.68,39,South,Gadget C
ORD-009001,CUS-1001,2024-03-15,-101.98,7,West,Widget A
ORD-009002,CUS-1002,2024-03-15,59.86,23,North,Gadget C
ORD-009003,CUS-1001,2024-01-01,787.62,26,West,Gadget C
ORD-009004,CUS-1001,2024-01-01,1225.76,47,West,Widget A
ORD-009005,CUS-1002,2024-06-30,433.0,29,South,nan
ORD-009006,CUS-1001,01/02/2024,1821.15,41,East,Widget A
ORD-009007,CUS-1002,2024-03-15,428.27,26,South,Widget B
ORD-009008,CUS-1002,01/02/2024,548.14,26,North,Widget A
ORD-009009,CUS-1001,2024-06-30,615.29,27,East,Widget A
ORD-009010,CUS-1002,not-a-date,323.93,5,West,Widget A
ORD-009011,CUS-1002,2024-01-01,1998.19,22,West,Widget A
ORD-009012,nan,not-a-date,1436.75,47,West,Widget B
ORD-009013,CUS-1001,2024-01-01,607.78,49,West,Widget A
ORD-009014,nan,2024-01-01,1946.63,9,South,Widget A
ORD-009015,CUS-1003,not-a-date,1273.18,23,  Central  ,Widget B
ORD-009016,CUS-1002,2024-01-01,1541.0,40,  Central  ,Widget B
ORD-009017,CUS-1001,2024-01-01,693.97,42,South,Widget A
ORD-009018,CUS-1002,01/02/2024,441.29,32,  Central  ,Widget A
ORD-009019,CUS-1003,2024-06-30,905.11,28,  Central  ,Widget A
ORD-009020,CUS-1001,2024-01-01,839.26,43,West,Widget A
ORD-009021,nan,2024-03-15,1969.25,30,West,Gadget C
ORD-009022,nan,01/02/2024,298.79,39,North,Widget B
ORD-009023,CUS-1002,2024-01-01,278.99,40,South,Widget A
ORD-009024,CUS-1002,2024-03-15,1246.16,14,North,Gadget C
ORD-009025,CUS-1002,01/02/2024,1128.21,49,North,Gadget C
ORD-009026,CUS-1003,2024-03-15,-321.14,19,West,Gadget C
ORD-009027,CUS-1003,2024-03-15,829.94,7,North,Widget B
ORD-009028,CUS-1001,2024-06-30,728.63,12,South,Gadget C
ORD-009029,CUS-1001,2024-03-15,183.39,29,South,Widget B
ORD-009030,CUS-1001,2024-01-01,1587.03,45,North,Widget A
ORD-009031,nan,2024-03-15,898.49,9,West,Widget B
ORD-009032,CUS-1001,01/02/2024,1795.59,34,West,Gadget C
ORD-009033,nan,2024-01-01,996.25,3,North,Widget A
ORD-009034,CUS-1002,01/02/2024,1808.04,25,East,Widget A
ORD-009035,CUS-1001,2024-03-15,1848.78,45,East,Widget A
ORD-009036,nan,2024-01-01,1122.82,32,East,Gadget C
ORD-009037,CUS-1002,2024-01-01,1596.92,49,South,Widget B
ORD-009038,CUS-1001,01/02/2024,216.81,47,North,Widget B
ORD-009039,CUS-1001,2024-01-01,243.28,34,North,Widget A
ORD-009040,CUS-1001,not-a-date,1403.58,1,West,Widget B
ORD-009041,CUS-1001,2024-01-01,111.21,20,South,Widget A
ORD-009042,CUS-1001,2024-03-15,-392.49,6,East,Widget A
ORD-009043,CUS-1002,2024-03-15,469.0,38,East,Widget A
ORD-009044,CUS-1001,2024-01-01,477.18,9,East,Widget A
ORD-009045,CUS-1001,01/02/2024,726.87,49,West,Widget A
ORD-009046,CUS-1001,2024-01-01,1849.65,31,North,Widget A
ORD-009047,CUS-1001,2024-01-01,1424.16,45,East,Gadget C
ORD-009048,nan,01/02/2024,1505.49,40,South,Widget A
ORD-009049,CUS-1001,2024-01-01,-192.98,43,North,Gadget C
ORD-009050,CUS-1001,2024-03-15,1664.92,3,West,Widget B
ORD-009051,CUS-1002,01/02/2024,348.97,26,West,Widget A
ORD-009052,nan,2024-01-01,1884.28,45,West,Widget A
ORD-009053,CUS-1003,2024-01-01,800.05,11,South,Widget B
ORD-009054,CUS-1003,not-a-date,-174.66,19,West,Widget A
ORD-009055,nan,2024-01-01,1622.43,7,South,Widget A
ORD-009056,CUS-1002,2024-03-15,1706.64,26,South,Widget A
ORD-009057,nan,2024-01-01,1017.15,4,South,Gadget C
ORD-009058,CUS-1001,2024-06-30,1093.99,5,West,Widget A
ORD-009059,CUS-1003,2024-01-01,825.1,17,North,Widget B
ORD-009060,CUS-1003,2024-01-01,108.55,39,North,Widget A
ORD-009061,nan,01/02/2024,1298.74,2,South,Widget B
ORD-009062,CUS-1002,2024-01-01,1357.64,42,South,Widget A
ORD-009063,CUS-1003,2024-03-15,951.25,34,South,Widget B
ORD-009064,CUS-1001,2024-01-01,105.74,47,West,Gadget C
ORD-009065,CUS-1002,2024-01-01,1136.05,41,North,Gadget C
ORD-009066,CUS-1001,2024-01-01,-165.82,37,East,Widget B
ORD-009067,CUS-1002,01/02/2024,913.52,40,South,Widget A
ORD-009068,CUS-1002,not-a-date,1598.87,36,North,Gadget C
ORD-009069,CUS-1001,2024-01-01,461.78,5,North,Widget B
ORD-009070,CUS-1001,not-a-date,1838.58,32,North,Widget A
ORD-009071,CUS-1001,2024-03-15,1419.48,10,West,Gadget C
ORD-009072,CUS-1002,2024-01-01,522.39,9,South,Widget B
ORD-009073,CUS-1002,2024-01-01,467.22,48,West,Gadget C
ORD-009074,CUS-1002,2024-01-01,158.52,45,South,Widget A
ORD-009075,CUS-1001,2024-01-01,1749.03,49,North,Widget B
ORD-009076,CUS-1003,2024-03-15,135.41,1,North,Widget A
ORD-009077,CUS-1002,01/02/2024,1256.35,48,South,Widget A
ORD-009078,CUS-1001,2024-01-01,1505.4,1,West,Widget A
ORD-009079,CUS-1001,2024-03-15,517.67,46,East,Gadget C
ORD-009080,CUS-1002,2024-01-01,767.02,7,East,Widget A
ORD-009081,CUS-1001,not-a-date,594.74,8,South,Widget A
ORD-009082,CUS-1001,01/02/2024,1605.45,3,South,Gadget C
ORD-009083,CUS-1001,2024-01-01,1990.88,39,East,nan
ORD-009084,CUS-1001,01/02/2024,1941.49,40,East,Widget B
ORD-009085,CUS-1001,2024-01-01,148.31,11,North,Widget A
ORD-009086,CUS-1001,2024-06-30,1358.86,40,East,Widget A
ORD-009087,CUS-1003,2024-01-01,-366.23,13,East,Widget B
ORD-009088,CUS-1002,not-a-date,1860.77,43,South,Gadget C
ORD-009089,CUS-1002,2024-06-30,1160.1,25,South,Widget B
ORD-009090,CUS-1002,01/02/2024,-148.11,29,West,Gadget C
ORD-009091,CUS-1002,2024-03-15,903.36,40,South,Widget A
ORD-009092,CUS-1001,01/02/2024,1708.7,24,South,Gadget C
ORD-009093,CUS-1001,2024-01-01,1347.49,22,West,Widget B
ORD-009094,CUS-1001,2024-06-30,157.38,29,  Central  ,Widget B
ORD-009095,CUS-1002,2024-01-01,1867.71,12,North,Widget B
ORD-009096,CUS-1002,not-a-date,1360.69,23,South,Widget A
ORD-009097,CUS-1001,01/02/2024,318.55,45,North,Gadget C
ORD-009098,CUS-1002,2024-01-01,944.0,32,South,Widget A
ORD-009099,nan,2024-01-01,508.82,15,South,Widget A
ORD-009100,CUS-1001,2024-01-01,1186.84,46,West,Gadget C
ORD-009101,CUS-1002,2024-01-01,1116.91,38,  Central  ,Widget A
ORD-009102,CUS-1002,2024-03-15,-208.46,48,North,nan
ORD-009103,CUS-1002,2024-01-01,119.77,38,West,Gadget C
ORD-009104,CUS-1002,2024-06-30,906.13,1,North,Widget B
ORD-009105,CUS-1002,2024-01-01,-101.55,5,South,Gadget C
ORD-009106,CUS-1001,2024-01-01,53.81,1,West,Gadget C
ORD-009107,CUS-1002,2024-01-01,1558.55,22,South,Widget B
ORD-009108,CUS-1003,2024-01-01,1517.72,23,North,Widget B
ORD-009109,CUS-1001,01/02/2024,1869.07,7,North,Widget B
ORD-009110,nan,2024-01-01,1180.73,5,South,Widget A
ORD-009111,CUS-1001,01/02/2024,519.03,36,West,Widget B
ORD-009112,CUS-1002,01/02/2024,732.34,36,North,Widget A
ORD-009113,CUS-1002,2024-01-01,1213.09,37,North,Gadget C
ORD-009114,CUS-1002,2024-01-01,1261.29,30,  Central  ,Widget B
ORD-009115,CUS-1003,2024-01-01,94.76,15,South,Widget A
ORD-009116,CUS-1001,2024-01-01,1822.32,28,West,nan
ORD-009117,CUS-1002,2024-03-15,1852.86,34,South,nan
ORD-009118,CUS-1002,2024-01-01,1599.04,37,East,Widget B
ORD-009119,CUS-1003,2024-01-01,507.11,21,  Central  ,Widget A
ORD-009120,CUS-1002,01/02/2024,702.68,10,  Central  ,Gadget C
ORD-009121,nan,2024-01-01,1407.82,28,North,Gadget C
ORD-009122,CUS-1003,2024-06-30,618.42,44,East,Widget A
ORD-009123,CUS-1001,2024-03-15,781.61,34,South,Widget B
ORD-009124,CUS-1003,2024-03-15,1339.82,35,North,Gadget C
ORD-009125,nan,01/02/2024,77.69,42,North,Gadget C
ORD-009126,CUS-1001,2024-01-01,284.3,33,East,nan
ORD-009127,CUS-1002,2024-01-01,81.63,25,North,Widget B
ORD-009128,CUS-1001,2024-03-15,538.74,33,  Central  ,Widget A
ORD-009129,CUS-1002,2024-01-01,967.37,35,North,Widget B
ORD-009130,CUS-1001,2024-01-01,1689.74,22,South,Widget A
ORD-009131,CUS-1002,01/02/2024,366.04,14,West,Widget B
ORD-009132,CUS-1001,2024-03-15,720.17,19,East,Widget B
ORD-009133,CUS-1002,01/02/2024,28.77,23,South,Gadget C
ORD-009134,CUS-1001,2024-01-01,932.25,33,East,Widget B
ORD-009135,CUS-1002,2024-06-30,60.4,5,North,Widget A
ORD-009136,CUS-1002,2024-01-01,651.38,33,South,Widget A
ORD-009137,CUS-1002,2024-06-30,1663.38,24,  Central  ,Widget B
ORD-009138,CUS-1001,2024-01-01,1872.73,5,West,Gadget C
ORD-009139,CUS-1001,2024-06-30,740.82,19,South,Gadget C
ORD-009140,CUS-1002,2024-06-30,573.23,37,  Central  ,Gadget C
ORD-009141,nan,2024-01-01,1519.48,46,West,Widget A
ORD-009142,CUS-1001,2024-03-15,1398.96,40,South,Widget B
ORD-009143,CUS-1002,2024-01-01,762.43,13,  Central  ,Widget B
ORD-009144,CUS-1001,2024-01-01,1811.66,28,South,Widget A
ORD-009145,CUS-1002,2024-01-01,912.83,49,  Central  ,Widget A
ORD-009146,CUS-1001,01/02/2024,1872.41,25,East,Widget B
ORD-009147,CUS-1002,2024-01-01,1768.83,11,North,Gadget C
ORD-009148,CUS-1001,01/02/2024,1897.36,26,North,Widget A
ORD-009149,CUS-1001,2024-06-30,226.53,30,South,Widget B
ORD-009150,CUS-1001,not-a-date,541.44,11,North,Widget A
ORD-009151,CUS-1001,2024-01-01,748.46,17,West,Widget A
ORD-009152,CUS-1002,01/02/2024,1489.39,48,South,Widget A
ORD-009153,nan,2024-01-01,594.44,45,North,Gadget C
ORD-009154,CUS-1002,2024-01-01,421.97,43,East,Widget A
ORD-009155,nan,2024-06-30,694.05,24,East,Widget B
ORD-009156,CUS-1002,2024-06-30,628.79,42,North,Widget A
ORD-009157,CUS-1001,2024-01-01,1631.08,13,North,Widget A
ORD-009158,CUS-1001,2024-01-01,1979.73,16,West,Widget B
ORD-009159,CUS-1001,2024-01-01,614.69,9,North,Widget B
ORD-009160,CUS-1001,2024-01-01,113.13,34,North,Widget A
ORD-009161,CUS-1003,2024-01-01,1446.21,37,  Central  ,Gadget C
ORD-009162,CUS-1002,2024-01-01,966.28,31,South,Widget B
ORD-009163,CUS-1002,2024-01-01,873.21,44,West,Widget A
ORD-009164,CUS-1002,2024-01-01,708.89,11,South,Widget B
ORD-009165,CUS-1001,2024-03-15,946.06,38,  Central  ,Widget B
ORD-009166,CUS-1002,2024-03-15,280.91,48,South,Gadget C
ORD-009167,CUS-1001,01/02/2024,-163.13,26,West,Widget A
ORD-009168,CUS-1001,2024-01-01,1860.34,25,  Central  ,Widget B
ORD-009169,CUS-1001,2024-03-15,1839.17,46,South,Widget A
ORD-009170,CUS-1001,2024-01-01,1478.86,7,North,Widget A
ORD-009171,CUS-1002,not-a-date,784.94,26,South,Gadget C
ORD-009172,CUS-1001,2024-01-01,1843.21,26,West,nan
ORD-009173,CUS-1001,2024-06-30,1322.92,11,East,Widget A
ORD-009174,nan,2024-01-01,-280.54,5,West,Widget B
ORD-009175,nan,2024-03-15,575.32,12,South,Widget B
ORD-009176,CUS-1002,2024-01-01,1512.94,39,North,Widget B
ORD-009177,CUS-1002,2024-03-15,1596.74,32,North,Gadget C
ORD-009178,CUS-1003,01/02/2024,1122.36,40,North,Widget A
ORD-009179,CUS-1001,2024-01-01,579.27,40,South,Widget B
ORD-009180,CUS-1002,2024-03-15,784.33,41,South,Widget A
ORD-009181,CUS-1001,2024-01-01,1250.55,35,North,Gadget C
ORD-009182,CUS-1001,01/02/2024,453.76,4,North,Widget B
ORD-009183,nan,2024-01-01,947.19,7,East,Widget B
ORD-009184,CUS-1003,2024-03-15,93.94,7,West,Widget A
ORD-009185,nan,not-a-date,1612.4,23,  Central  ,Widget A
ORD-009186,CUS-1002,2024-01-01,769.62,6,South,Widget A
ORD-009187,CUS-1002,2024-03-15,895.95,4,East,Widget A
ORD-009188,CUS-1003,2024-06-30,1771.81,32,East,Widget A
ORD-009189,CUS-1002,01/02/2024,798.56,46,West,Widget A
ORD-009190,CUS-1002,2024-01-01,955.57,15,East,Widget A
ORD-009191,CUS-1001,2024-01-01,597.91,6,North,Widget A
ORD-009192,CUS-1002,2024-01-01,1616.03,8,South,Widget B
ORD-009193,CUS-1001,2024-01-01,878.09,45,East,Widget A
ORD-009194,CUS-1002,2024-01-01,969.01,49,West,Widget A
ORD-009195,CUS-1001,2024-03-15,989.8,18,North,Widget B
ORD-009196,CUS-1002,01/02/2024,1356.22,24,East,nan
ORD-009197,CUS-1001,01/02/2024,1087.4,29,North,Widget A
ORD-009198,CUS-1001,2024-01-01,875.19,25,  Central  ,Widget B
ORD-009199,CUS-1002,2024-01-01,1313.05,35,  Central  ,Widget A
ORD-009200,CUS-1001,2024-03-15,1278.62,29,West,Widget A
ORD-009201,nan,01/02/2024,1423.84,41,West,Widget A
ORD-009202,CUS-1002,2024-06-30,944.53,25,  Central  ,Widget A
ORD-009203,CUS-1001,01/02/2024,1961.37,35,South,Widget B
ORD-009204,CUS-1001,2024-01-01,1155.13,13,East,Widget B
ORD-009205,CUS-1003,01/02/2024,1597.98,25,North,Widget B
ORD-009206,CUS-1002,2024-03-15,936.97,34,South,Widget A
ORD-009207,CUS-1001,2024-01-01,680.63,13,North,Widget A
ORD-009208,CUS-1001,01/02/2024,1053.5,29,East,Widget A
ORD-009209,CUS-1002,2024-01-01,1158.72,10,North,Widget A
ORD-009210,nan,2024-01-01,624.27,42,West,Widget A
ORD-009211,CUS-1001,2024-01-01,1511.05,34,West,Widget B
ORD-009212,CUS-1001,01/02/2024,861.19,20,  Central  ,Widget A
ORD-009213,CUS-1001,2024-03-15,1324.54,20,North,Widget A
ORD-009214,CUS-1001,2024-01-01,583.31,38,West,Widget A
ORD-009215,CUS-1002,2024-03-15,973.7,36,South,Widget B
ORD-009216,nan,2024-03-15,711.41,48,North,Gadget C
ORD-009217,nan,2024-01-01,843.61,39,West,Widget A
ORD-009218,CUS-1003,2024-01-01,1355.12,19,North,Widget B
ORD-009219,CUS-1001,2024-01-01,321.38,13,West,Widget A
ORD-009220,nan,2024-01-01,498.43,35,West,Widget A
ORD-009221,CUS-1001,2024-06-30,725.95,2,East,Widget A
ORD-009222,CUS-1001,2024-03-15,553.54,2,South,Widget B
ORD-009223,CUS-1002,2024-01-01,357.22,25,West,Widget A
ORD-009224,CUS-1001,01/02/2024,1635.77,45,West,Widget B
ORD-009225,CUS-1003,2024-01-01,333.11,16,North,Gadget C
ORD-009226,nan,2024-01-01,1287.04,35,South,Widget A
ORD-009227,CUS-1003,2024-01-01,908.02,6,South,Widget B
ORD-009228,CUS-1003,2024-01-01,335.28,31,West,Widget A
ORD-009229,CUS-1001,2024-01-01,600.03,22,West,Widget B
ORD-009230,CUS-1001,2024-01-01,227.79,6,East,Gadget C
ORD-009231,CUS-1003,2024-01-01,200.74,20,North,Widget A
ORD-009232,CUS-1002,2024-01-01,724.23,48,East,Widget A
ORD-009233,nan,01/02/2024,1512.72,12,South,Widget A
ORD-009234,CUS-1001,2024-01-01,801.4,45,South,Gadget C
ORD-009235,CUS-1001,2024-01-01,1142.15,17,  Central  ,Widget A
ORD-009236,CUS-1001,2024-01-01,264.98,15,  Central  ,Widget A
ORD-009237,CUS-1002,2024-06-30,1763.96,3,South,Widget A
ORD-009238,CUS-1003,2024-01-01,667.48,4,  Central  ,Widget B
ORD-009239,nan,01/02/2024,386.73,48,North,Widget B
ORD-009240,CUS-1001,2024-01-01,713.64,20,North,Widget B
ORD-009241,CUS-1002,2024-01-01,1939.53,36,East,Widget A
ORD-009242,CUS-1001,01/02/2024,1263.7,2,East,Widget A
ORD-009243,CUS-1001,2024-03-15,250.82,9,West,Gadget C
ORD-009244,CUS-1001,2024-06-30,332.25,27,North,Widget B
ORD-009245,CUS-1002,2024-01-01,1527.78,28,South,Gadget C
ORD-009246,CUS-1002,2024-01-01,1692.3,37,East,Widget B
ORD-009247,CUS-1001,2024-03-15,174.06,33,East,Widget B
ORD-009248,CUS-1002,2024-01-01,594.63,22,South,Gadget C
ORD-009249,CUS-1003,01/02/2024,104.03,26,East,Widget B
ORD-009250,CUS-1001,2024-03-15,257.31,42,East,Widget B
ORD-009251,CUS-1001,2024-01-01,284.24,30,East,Widget A
ORD-009252,CUS-1002,01/02/2024,880.01,44,East,Widget A
ORD-009253,CUS-1003,2024-01-01,35.21,43,South,Widget B
ORD-009254,CUS-1003,2024-01-01,1429.39,48,South,Widget A
ORD-009255,CUS-1001,2024-06-30,812.56,44,North,Widget A
ORD-009256,CUS-1002,2024-01-01,808.55,26,North,Widget A
ORD-009257,nan,2024-01-01,1924.26,2,East,Widget B
ORD-009258,CUS-1001,01/02/2024,668.92,27,West,Widget B
ORD-009259,CUS-1002,2024-01-01,92.1,26,West,Widget A
ORD-009260,nan,2024-01-01,815.67,46,East,nan
ORD-009261,CUS-1001,2024-01-01,939.43,23,East,Widget B
ORD-009262,CUS-1002,2024-01-01,946.35,38,  Central  ,Widget A
ORD-009263,CUS-1003,2024-01-01,932.83,3,  Central  ,Widget A
ORD-009264,CUS-1001,2024-03-15,675.23,10,  Central  ,Gadget C
ORD-009265,CUS-1002,2024-01-01,1096.94,45,North,Widget A
ORD-009266,CUS-1002,2024-06-30,1742.68,5,East,Widget A
ORD-009267,CUS-1003,2024-01-01,723.01,49,West,Widget A
ORD-009268,nan,2024-01-01,1074.67,29,North,Widget A
ORD-009269,CUS-1003,2024-06-30,-188.4,35,South,Gadget C
ORD-009270,CUS-1001,2024-03-15,803.2,42,North,Widget B
ORD-009271,CUS-1003,2024-01-01,281.26,14,South,Widget A
ORD-009272,nan,2024-01-01,870.61,20,South,Widget A
ORD-009273,CUS-1002,2024-03-15,1014.13,4,North,nan
ORD-009274,CUS-1002,2024-01-01,1738.49,29,South,Widget B
ORD-009275,CUS-1001,2024-01-01,1707.45,14,North,Widget B
ORD-009276,CUS-1003,01/02/2024,-211.49,33,  Central  ,Widget A
ORD-009277,CUS-1001,2024-03-15,771.52,30,North,nan
ORD-009278,CUS-1001,01/02/2024,561.1,17,East,Widget B
ORD-009279,nan,2024-01-01,888.47,15,South,Widget A
ORD-009280,nan,2024-06-30,645.98,20,South,Gadget C
ORD-009281,nan,2024-01-01,1960.04,37,South,Widget A
ORD-009282,CUS-1002,2024-03-15,177.98,1,  Central  ,Widget A
ORD-009283,CUS-1001,2024-01-01,1016.55,49,East,Widget A
ORD-009284,CUS-1002,2024-03-15,774.41,23,North,Gadget C
ORD-009285,CUS-1001,01/02/2024,1547.09,11,West,Widget A
ORD-009286,CUS-1003,2024-01-01,1196.81,11,East,Widget B
ORD-009287,CUS-1002,01/02/2024,129.74,49,North,Widget B
ORD-009288,CUS-1001,not-a-date,1349.86,28,South,nan
ORD-009289,CUS-1001,2024-01-01,990.33,25,North,Widget A
ORD-009290,CUS-1001,2024-01-01,1236.25,26,East,Widget A
ORD-009291,CUS-1003,2024-01-01,192.17,21,South,Gadget C
ORD-009292,CUS-1002,01/02/2024,-56.42,12,North,Widget A
ORD-009293,CUS-1001,01/02/2024,1061.43,10,East,Widget A
ORD-009294,CUS-1001,2024-01-01,301.03,7,North,Gadget C
ORD-009295,CUS-1001,2024-01-01,1233.15,4,West,Widget A
ORD-009296,CUS-1001,2024-03-15,1818.77,33,  Central  ,Widget A
ORD-009297,nan,2024-01-01,60.54,37,North,Widget A
ORD-009298,CUS-1002,2024-01-01,513.24,21,South,Widget B
ORD-009299,CUS-1001,2024-01-01,664.89,33,North,Widget A
ORD-009300,CUS-1003,01/02/2024,1093.05,19,South,Gadget C
ORD-009301,CUS-1001,2024-06-30,1482.78,38,West,Widget A
ORD-009302,CUS-1001,01/02/2024,1325.38,41,North,Widget A
ORD-009303,CUS-1002,2024-01-01,929.03,11,North,Gadget C
ORD-009304,CUS-1001,2024-03-15,1920.34,32,West,Widget A
ORD-009305,CUS-1002,2024-01-01,690.28,37,East,Widget B
ORD-009306,CUS-1003,2024-06-30,1570.24,30,North,Gadget C
ORD-009307,nan,2024-01-01,1653.95,31,North,Widget A
ORD-009308,CUS-1001,2024-06-30,210.89,10,North,Widget B
ORD-009309,CUS-1002,not-a-date,97.19,20,North,Widget B
ORD-009310,CUS-1001,not-a-date,1972.81,3,South,Widget B
ORD-009311,CUS-1002,2024-01-01,723.35,9,North,Widget A
ORD-009312,CUS-1001,2024-03-15,1340.03,29,South,Widget A
ORD-009313,CUS-1002,2024-03-15,68.21,33,West,Widget B
ORD-009314,CUS-1001,2024-01-01,1530.05,19,North,Widget A
ORD-009315,nan,2024-01-01,710.78,45,West,Widget A
ORD-009316,nan,01/02/2024,1166.8,23,South,Widget A
ORD-009317,CUS-1001,2024-06-30,105.56,40,South,Widget B
ORD-009318,CUS-1003,2024-03-15,224.71,21,  Central  ,Gadget C
ORD-009319,CUS-1001,2024-01-01,1647.98,49,East,Widget B
ORD-009320,CUS-1002,01/02/2024,1112.78,44,North,Widget B
ORD-009321,CUS-1001,2024-01-01,1556.2,8,West,Widget A
ORD-009322,CUS-1001,2024-01-01,330.97,47,East,Widget A
ORD-009323,CUS-1002,2024-03-15,662.28,32,West,Widget A
ORD-009324,CUS-1002,01/02/2024,1703.78,38,North,Widget B
ORD-009325,CUS-1002,2024-03-15,1176.06,18,South,Widget B
ORD-009326,CUS-1002,01/02/2024,1341.46,5,  Central  ,Widget A
ORD-009327,CUS-1001,2024-01-01,420.83,17,South,Widget B
ORD-009328,CUS-1001,2024-03-15,1116.07,10,East,Widget B
ORD-009329,CUS-1002,2024-01-01,1470.71,17,East,Widget B
ORD-009330,CUS-1002,2024-06-30,353.77,22,East,nan
ORD-009331,CUS-1001,2024-06-30,605.76,33,West,Widget A
ORD-009332,CUS-1001,not-a-date,27.7,11,North,Widget B
ORD-009333,CUS-1002,not-a-date,1926.2,39,  Central  ,Widget A
ORD-009334,CUS-1002,01/02/2024,1792.66,8,North,Widget A
ORD-009335,CUS-1003,2024-01-01,193.47,28,South,Widget A
ORD-009336,CUS-1002,2024-03-15,1666.21,42,  Central  ,Widget A
ORD-009337,CUS-1002,2024-01-01,-373.88,35,East,Widget A
ORD-009338,CUS-1002,2024-03-15,-359.04,23,South,Gadget C
ORD-009339,CUS-1001,2024-01-01,1023.87,18,  Central  ,Widget B
ORD-009340,CUS-1001,not-a-date,421.46,32,North,Widget B
ORD-009341,CUS-1001,01/02/2024,1713.94,25,South,Widget B
ORD-009342,CUS-1003,2024-03-15,1876.73,43,  Central  ,Gadget C
ORD-009343,CUS-1001,2024-01-01,1066.04,8,East,Widget A
ORD-009344,CUS-1002,01/02/2024,821.33,38,South,Widget A
ORD-009345,CUS-1002,2024-06-30,1552.45,3,  Central  ,Widget B
ORD-009346,CUS-1001,2024-01-01,177.48,47,West,Gadget C
ORD-009347,CUS-1003,2024-01-01,1686.98,23,  Central  ,Widget A
ORD-009348,CUS-1002,2024-01-01,1723.01,1,East,Widget B
ORD-009349,CUS-1001,01/02/2024,598.69,48,North,Widget A
ORD-009350,CUS-1003,01/02/2024,32.47,11,  Central  ,Gadget C
ORD-009351,CUS-1002,01/02/2024,29.53,46,West,Widget B
ORD-009352,CUS-1001,2024-01-01,1956.33,36,East,nan
ORD-009353,CUS-1002,2024-01-01,1563.04,44,North,Widget A
ORD-009354,CUS-1002,not-a-date,723.84,31,West,Widget A
ORD-009355,CUS-1001,01/02/2024,-289.18,18,East,Widget B
ORD-009356,nan,2024-01-01,1785.61,24,North,Gadget C
ORD-009357,CUS-1002,2024-01-01,1817.36,37,South,Widget A
ORD-009358,CUS-1002,2024-01-01,-474.72,23,  Central  ,Widget A
ORD-009359,CUS-1001,2024-03-15,-18.65,46,East,Widget A
ORD-009360,CUS-1001,2024-03-15,84.9,27,West,Widget B
ORD-009361,CUS-1002,01/02/2024,328.38,3,East,Widget A
ORD-009362,CUS-1002,01/02/2024,1268.61,4,East,Widget A
ORD-009363,CUS-1002,not-a-date,216.99,22,East,Widget B
ORD-009364,CUS-1003,2024-01-01,96.23,2,North,Widget B
ORD-009365,CUS-1001,2024-01-01,-266.5,19,South,Widget B
ORD-009366,CUS-1002,2024-01-01,914.29,13,West,Gadget C
ORD-009367,CUS-1003,2024-06-30,981.74,42,South,Widget A
ORD-009368,CUS-1003,01/02/2024,1852.75,44,South,Widget B
ORD-009369,CUS-1003,01/02/2024,849.36,29,North,nan
ORD-009370,nan,2024-03-15,1033.62,40,  Central  ,Widget A
ORD-009371,CUS-1001,2024-01-01,1634.27,49,South,Widget A
ORD-009372,CUS-1002,2024-01-01,1631.27,47,East,Widget A
ORD-009373,nan,01/02/2024,659.89,3,South,Widget B
ORD-009374,CUS-1002,2024-06-30,1451.9,22,South,Gadget C
ORD-009375,CUS-1001,2024-01-01,1772.87,16,North,Widget B
ORD-009376,nan,2024-01-01,-72.69,13,  Central  ,Widget B
ORD-009377,CUS-1001,2024-06-30,663.42,28,South,Widget B
ORD-009378,CUS-1001,2024-03-15,1482.58,3,South,Widget B
ORD-009379,CUS-1001,01/02/2024,1478.16,11,North,Gadget C
ORD-009380,CUS-1002,2024-01-01,491.63,10,East,Widget A
ORD-009381,CUS-1001,2024-01-01,1342.79,48,North,Gadget C
ORD-009382,CUS-1002,2024-01-01,184.96,45,East,Widget B
ORD-009383,nan,2024-01-01,555.56,34,East,Gadget C
ORD-009384,CUS-1002,2024-03-15,66.41,22,East,Widget A
ORD-009385,CUS-1002,2024-03-15,270.55,30,North,Widget A
ORD-009386,nan,2024-03-15,221.83,33,East,Widget A
ORD-009387,CUS-1003,2024-01-01,1894.08,7,North,Widget A
ORD-009388,CUS-1001,2024-01-01,336.02,10,  Central  ,Gadget C
ORD-009389,CUS-1001,2024-03-15,154.33,39,West,Widget B
ORD-009390,CUS-1002,2024-01-01,-260.77,45,North,Widget B
ORD-009391,CUS-1003,2024-01-01,1300.54,48,East,Widget B
ORD-009392,CUS-1002,2024-01-01,1275.82,13,  Central  ,Widget A
ORD-009393,CUS-1001,2024-01-01,1784.96,40,North,Widget A
ORD-009394,CUS-1002,2024-01-01,1336.25,34,North,Widget A
ORD-009395,CUS-1002,2024-01-01,-286.27,28,South,Gadget C
ORD-009396,CUS-1002,not-a-date,919.34,8,North,Widget A
ORD-009397,CUS-1003,2024-01-01,1135.71,34,West,Widget A
ORD-009398,CUS-1003,01/02/2024,1534.25,5,  Central  ,Gadget C
ORD-009399,CUS-1002,01/02/2024,724.64,27,South,Gadget C
ORD-009400,CUS-1002,01/02/2024,-218.94,17,  Central  ,Widget B
ORD-009401,CUS-1002,01/02/2024,858.66,2,North,Widget A
ORD-009402,CUS-1002,2024-01-01,760.02,19,  Central  ,Widget A
ORD-009403,CUS-1002,2024-01-01,-357.73,43,South,Widget A
ORD-009404,CUS-1002,01/02/2024,1420.47,38,  Central  ,Gadget C
ORD-009405,CUS-1002,2024-06-30,1610.94,12,  Central  ,Gadget C
ORD-009406,CUS-1002,2024-01-01,325.54,37,South,Widget B
ORD-009407,CUS-1001,2024-01-01,967.61,16,North,Gadget C
ORD-009408,CUS-1002,2024-06-30,658.99,21,South,Widget B
ORD-009409,CUS-1002,2024-03-15,1140.26,45,South,Widget A
ORD-009410,CUS-1001,2024-03-15,196.95,26,  Central  ,Widget B
ORD-009411,CUS-1001,01/02/2024,1868.9,37,East,Gadget C
ORD-009412,CUS-1001,not-a-date,136.66,49,East,Gadget C
ORD-009413,nan,01/02/2024,1646.82,27,East,Widget A
ORD-009414,CUS-1003,01/02/2024,397.21,24,South,nan
ORD-009415,CUS-1002,2024-03-15,1544.08,13,East,Widget A
ORD-009416,CUS-1001,2024-01-01,571.35,30,South,Widget B
ORD-009417,CUS-1002,2024-06-30,1581.66,41,West,Widget B
ORD-009418,CUS-1002,2024-06-30,1832.21,47,East,Widget A
ORD-009419,nan,01/02/2024,1871.97,27,West,Widget B
ORD-009420,CUS-1001,2024-01-01,1728.49,13,North,Widget B
ORD-009421,CUS-1001,2024-03-15,856.44,27,East,Gadget C
ORD-009422,CUS-1002,2024-01-01,863.18,49,North,nan
ORD-009423,CUS-1001,01/02/2024,1905.45,10,South,Widget A
ORD-009424,CUS-1002,2024-01-01,1783.61,30,West,Widget A
ORD-009425,CUS-1003,2024-03-15,975.02,22,South,Widget A
ORD-009426,CUS-1001,2024-06-30,801.88,37,North,Widget A
ORD-009427,CUS-1002,2024-01-01,197.48,18,West,Widget B
ORD-009428,CUS-1002,2024-03-15,729.34,24,North,Widget B
ORD-009429,CUS-1003,not-a-date,947.36,15,South,Widget A
ORD-009430,CUS-1002,2024-01-01,1663.0,48,South,Widget A
ORD-009431,CUS-1001,2024-01-01,654.85,24,South,Widget B
ORD-009432,CUS-1002,2024-01-01,612.16,45,North,Gadget C
ORD-009433,CUS-1002,2024-03-15,62.57,42,South,Gadget C
ORD-009434,CUS-1003,2024-01-01,88.8,25,North,Widget A
ORD-009435,CUS-1002,2024-01-01,1618.02,16,North,Widget B
ORD-009436,CUS-1001,2024-01-01,336.67,28,North,Gadget C
ORD-009437,CUS-1003,2024-01-01,1933.14,13,West,nan
ORD-009438,CUS-1002,2024-01-01,129.73,25,North,nan
ORD-009439,CUS-1001,01/02/2024,1614.5,44,South,Gadget C
ORD-009440,CUS-1002,2024-01-01,239.04,33,East,Widget B
ORD-009441,nan,2024-03-15,1273.44,38,North,Gadget C
ORD-009442,CUS-1002,2024-03-15,1515.99,27,East,Gadget C
ORD-009443,CUS-1001,not-a-date,459.98,28,South,Widget B
ORD-009444,CUS-1002,2024-01-01,1126.32,30,West,Widget A
ORD-009445,CUS-1001,01/02/2024,1563.65,34,North,Widget A
ORD-009446,CUS-1002,2024-03-15,349.85,14,North,Widget B
ORD-009447,CUS-1002,01/02/2024,-145.04,5,North,Widget B
ORD-009448,CUS-1001,2024-01-01,1069.95,11,South,Widget A
ORD-009449,CUS-1001,2024-01-01,1537.75,37,North,Widget A
ORD-009450,nan,01/02/2024,729.29,48,East,Widget A
ORD-009451,CUS-1001,2024-01-01,1294.15,44,West,nan
ORD-009452,CUS-1003,2024-06-30,-93.21,47,East,Widget A
ORD-009453,CUS-1002,2024-03-15,1420.76,24,South,Gadget C
ORD-009454,CUS-1002,2024-03-15,-387.33,15,South,Widget B
ORD-009455,CUS-1001,2024-06-30,310.24,42,North,Widget A
ORD-009456,CUS-1001,01/02/2024,802.29,20,West,Widget A
ORD-009457,CUS-1001,2024-01-01,814.72,28,South,Gadget C
ORD-009458,CUS-1002,2024-01-01,667.9,46,West,Widget B
ORD-009459,nan,2024-03-15,891.81,2,  Central  ,Gadget C
ORD-009460,CUS-1003,2024-01-01,-489.69,39,South,nan
ORD-009461,CUS-1001,2024-06-30,1610.96,1,West,Gadget C
ORD-009462,CUS-1001,2024-01-01,286.37,30,West,Widget B
ORD-009463,CUS-1001,2024-01-01,894.1,7,East,Widget A
ORD-009464,nan,2024-03-15,1366.36,38,West,Gadget C
ORD-009465,CUS-1001,2024-03-15,335.9,48,South,Widget B
ORD-009466,CUS-1001,not-a-date,110.88,27,East,Widget A
ORD-009467,CUS-1002,2024-01-01,1915.84,47,South,Gadget C
ORD-009468,CUS-1002,2024-01-01,1571.46,34,  Central  ,Widget A
ORD-009469,CUS-1001,01/02/2024,1771.58,3,East,Widget B
ORD-009470,CUS-1002,2024-06-30,1564.94,18,North,Widget B
ORD-009471,CUS-1001,2024-01-01,1361.24,19,East,Gadget C
ORD-009472,CUS-1001,01/02/2024,1532.52,47,West,Widget A
ORD-009473,CUS-1001,2024-01-01,1055.35,47,West,Widget A
ORD-009474,CUS-1001,2024-03-15,521.68,39,North,Widget B
ORD-009475,nan,2024-01-01,197.96,28,West,Widget A
ORD-009476,CUS-1002,2024-06-30,1199.04,4,East,nan
ORD-009477,CUS-1003,2024-01-01,446.56,39,West,nan
ORD-009478,CUS-1001,01/02/2024,1647.88,21,East,Gadget C
ORD-009479,CUS-1002,2024-03-15,1074.81,11,South,Widget B
ORD-009480,nan,2024-01-01,1990.78,42,North,Gadget C
ORD-009481,CUS-1001,2024-01-01,776.9,6,South,Widget A
ORD-009482,nan,01/02/2024,844.53,31,East,Widget B
ORD-009483,CUS-1002,01/02/2024,546.3,17,North,nan
ORD-009484,CUS-1002,2024-03-15,579.11,41,  Central  ,Widget A
ORD-009485,CUS-1001,01/02/2024,960.09,34,South,Gadget C
ORD-009486,CUS-1002,2024-01-01,138.43,9,North,Widget B
ORD-009487,CUS-1002,2024-06-30,1668.49,46,West,Widget A
ORD-009488,nan,2024-01-01,206.3,4,North,Widget A
ORD-009489,nan,01/02/2024,1814.06,39,North,Widget A
ORD-009490,CUS-1001,2024-06-30,804.11,26,North,Widget B
ORD-009491,nan,2024-06-30,925.11,21,East,Gadget C
ORD-009492,nan,2024-01-01,1928.69,24,South,nan
ORD-009493,CUS-1002,2024-01-01,1480.64,19,West,Gadget C
ORD-009494,CUS-1001,01/02/2024,564.89,39,East,Gadget C
ORD-009495,CUS-1001,2024-01-01,618.13,43,South,Widget A
ORD-009496,CUS-1001,2024-03-15,308.13,42,East,Widget A
ORD-009497,CUS-1001,01/02/2024,1281.23,26,  Central  ,Widget A
ORD-009498,nan,2024-01-01,1325.12,46,West,Widget A
ORD-009499,CUS-1001,2024-01-01,1779.67,23,North,Gadget C
ORD-009500,CUS-1002,01/02/2024,575.44,23,West,Widget A
ORD-009501,CUS-1002,2024-03-15,143.94,14,South,Gadget C
ORD-009502,CUS-1002,2024-01-01,447.78,40,South,nan
ORD-009503,CUS-1001,2024-01-01,1926.6,34,East,Widget A
ORD-009504,CUS-1002,2024-01-01,1976.54,29,West,Widget A
ORD-009505,CUS-1002,01/02/2024,713.26,8,South,Widget A
ORD-009506,CUS-1002,2024-03-15,984.91,18,East,Widget B
ORD-009507,CUS-1001,not-a-date,1694.1,20,North,Widget A
ORD-009508,CUS-1002,2024-06-30,960.73,29,South,Widget A
ORD-009509,CUS-1001,01/02/2024,1918.35,37,  Central  ,Widget B
ORD-009510,CUS-1002,not-a-date,1676.89,9,South,Widget A
ORD-009511,CUS-1002,2024-01-01,1485.48,34,West,Widget A
ORD-009512,CUS-1001,01/02/2024,1260.79,29,North,Widget B
ORD-009513,CUS-1003,01/02/2024,420.73,7,North,Widget A
ORD-009514,CUS-1001,2024-03-15,373.9,11,North,Widget B
ORD-009515,nan,2024-03-15,1734.48,18,West,Widget A
ORD-009516,nan,2024-01-01,489.32,28,North,Gadget C
ORD-009517,CUS-1001,not-a-date,494.68,20,East,Widget A
ORD-009518,CUS-1001,not-a-date,1693.66,37,South,Widget B
ORD-009519,CUS-1001,2024-06-30,102.2,12,North,Gadget C
ORD-009520,nan,2024-01-01,1438.38,21,East,Widget A
ORD-009521,CUS-1002,2024-06-30,1235.61,10,East,Widget A
ORD-009522,CUS-1001,2024-03-15,85.49,12,West,Widget B
ORD-009523,CUS-1002,01/02/2024,370.6,25,West,Widget B
ORD-009524,CUS-1001,2024-01-01,606.85,10,South,nan
ORD-009525,CUS-1002,2024-03-15,461.94,17,North,Gadget C
ORD-009526,CUS-1002,2024-03-15,346.75,33,East,Widget A
ORD-009527,CUS-1001,01/02/2024,1709.04,30,South,Widget A
ORD-009528,CUS-1003,2024-06-30,-313.21,36,North,Widget A
ORD-009529,CUS-1001,2024-01-01,358.43,32,East,Widget A
ORD-009530,CUS-1002,01/02/2024,1160.81,47,East,Widget A
ORD-009531,CUS-1002,2024-01-01,872.07,47,South,Widget A
ORD-009532,nan,2024-01-01,758.95,21,West,Gadget C
ORD-009533,CUS-1002,2024-01-01,1906.66,29,North,Widget B
ORD-009534,nan,2024-01-01,101.13,5,West,Widget A
ORD-009535,CUS-1001,2024-01-01,-213.22,41,North,Widget A
ORD-009536,CUS-1003,2024-01-01,642.09,29,East,Widget A
ORD-009537,CUS-1001,2024-01-01,1143.34,45,South,Widget A
ORD-009538,CUS-1002,2024-03-15,1863.33,7,North,Widget A
ORD-009539,CUS-1001,2024-01-01,1293.83,21,North,Widget A
ORD-009540,nan,2024-01-01,1536.51,26,West,Widget B
ORD-009541,nan,2024-01-01,202.67,9,West,Widget B
ORD-009542,CUS-1002,2024-01-01,1143.94,15,South,Widget B
ORD-009543,CUS-1002,2024-01-01,628.15,14,East,Widget A
ORD-009544,CUS-1002,2024-06-30,844.71,33,West,Widget B
ORD-009545,CUS-1001,01/02/2024,482.5,34,North,Widget B
ORD-009546,CUS-1002,2024-01-01,1235.18,32,East,Widget A
ORD-009547,CUS-1002,01/02/2024,1076.45,16,South,Widget A
ORD-009548,CUS-1002,2024-01-01,265.27,7,North,Widget B
ORD-009549,CUS-1001,2024-03-15,1461.44,7,South,Widget A
ORD-009550,nan,2024-06-30,575.93,39,  Central  ,Widget A
ORD-009551,CUS-1001,2024-01-01,1177.38,7,East,Widget A
ORD-009552,CUS-1002,2024-01-01,1738.02,42,East,Widget A
ORD-009553,CUS-1001,01/02/2024,801.35,17,East,nan
ORD-009554,CUS-1001,2024-01-01,1282.91,31,South,Widget B
ORD-009555,CUS-1001,2024-01-01,1725.82,8,West,Widget A
ORD-009556,CUS-1001,01/02/2024,1248.42,41,West,Widget B
ORD-009557,CUS-1002,01/02/2024,-313.46,45,South,Widget A
ORD-009558,CUS-1002,2024-01-01,171.83,47,North,Gadget C
ORD-009559,CUS-1002,2024-03-15,731.87,1,North,nan
ORD-009560,CUS-1002,2024-01-01,1408.15,45,West,Widget B
ORD-009561,CUS-1001,2024-01-01,981.78,12,West,Widget A
ORD-009562,CUS-1001,2024-03-15,524.35,29,South,Gadget C
ORD-009563,CUS-1002,01/02/2024,-355.68,46,North,Widget A
ORD-009564,CUS-1002,01/02/2024,1451.2,32,West,Widget A
ORD-009565,CUS-1002,01/02/2024,1574.98,40,South,Widget B
ORD-009566,CUS-1001,01/02/2024,1273.1,12,West,Widget B
ORD-009567,CUS-1003,not-a-date,1778.6,46,East,Widget A
ORD-009568,CUS-1001,01/02/2024,1048.09,32,  Central  ,Widget B
ORD-009569,CUS-1002,2024-01-01,1649.13,43,North,Gadget C
ORD-009570,CUS-1001,2024-03-15,223.48,1,East,Gadget C
ORD-009571,CUS-1002,2024-01-01,1971.52,21,West,Widget A
ORD-009572,CUS-1001,2024-03-15,1750.42,41,South,Widget A
ORD-009573,CUS-1002,2024-01-01,1787.98,5,West,nan
ORD-009574,CUS-1001,2024-01-01,1761.8,11,South,Widget B
ORD-009575,CUS-1002,2024-03-15,1686.13,41,East,Gadget C
ORD-009576,CUS-1001,01/02/2024,179.47,47,East,Widget A
ORD-009577,CUS-1002,2024-01-01,1821.61,19,West,Widget A
ORD-009578,CUS-1001,2024-01-01,345.93,8,  Central  ,Widget A
ORD-009579,CUS-1001,2024-03-15,1736.95,6,  Central  ,Widget A
ORD-009580,CUS-1002,2024-06-30,1121.44,41,East,Gadget C
ORD-009581,CUS-1001,2024-01-01,572.96,38,East,Widget A
ORD-009582,CUS-1001,2024-01-01,636.52,33,East,Gadget C
ORD-009583,CUS-1003,2024-01-01,546.79,2,West,Widget B
ORD-009584,CUS-1003,2024-01-01,1453.42,18,West,Widget B
ORD-009585,CUS-1003,2024-01-01,1473.91,11,South,Widget B
ORD-009586,CUS-1001,not-a-date,-234.27,28,West,Widget B
ORD-009587,CUS-1002,01/02/2024,860.5,33,North,Widget A
ORD-009588,CUS-1003,2024-01-01,-345.85,43,North,Gadget C
ORD-009589,CUS-1001,2024-01-01,802.33,12,West,Widget A
ORD-009590,CUS-1002,2024-01-01,1328.75,28,East,Widget A
ORD-009591,CUS-1001,01/02/2024,1254.25,4,South,Widget B
ORD-009592,nan,2024-01-01,268.36,9,South,Widget A
ORD-009593,CUS-1002,2024-01-01,1465.58,34,South,Widget A
ORD-009594,CUS-1002,01/02/2024,1979.63,28,East,Widget B
ORD-009595,CUS-1002,2024-01-01,1623.71,15,North,Gadget C
ORD-009596,CUS-1001,01/02/2024,25.77,24,East,Widget B
ORD-009597,CUS-1001,not-a-date,1646.01,45,South,Widget B
ORD-009598,CUS-1002,2024-01-01,69.69,16,East,Widget B
ORD-009599,CUS-1002,2024-01-01,277.19,4,North,Widget A
ORD-009600,CUS-1002,not-a-date,492.61,5,South,Widget B
ORD-009601,CUS-1001,2024-01-01,989.21,18,South,Widget A
ORD-009602,CUS-1002,2024-01-01,1690.79,27,East,Widget B
ORD-009603,CUS-1001,2024-03-15,1629.95,45,  Central  ,nan
ORD-009604,CUS-1001,01/02/2024,751.14,27,West,Widget B
ORD-009605,nan,2024-06-30,-265.46,4,West,Widget B
ORD-009606,CUS-1002,2024-01-01,349.06,10,West,Widget A
ORD-009607,CUS-1002,2024-01-01,1904.27,43,North,Widget A
ORD-009608,nan,2024-01-01,553.6,7,East,Widget A
ORD-009609,CUS-1001,2024-01-01,417.88,41,West,Widget B
ORD-009610,nan,01/02/2024,1975.14,39,East,Widget A
ORD-009611,CUS-1002,2024-01-01,431.23,7,  Central  ,Widget A
ORD-009612,CUS-1002,2024-01-01,371.51,28,East,Widget A
ORD-009613,CUS-1001,2024-01-01,1965.91,28,East,nan
ORD-009614,CUS-1001,2024-01-01,162.37,6,North,Widget A
ORD-009615,CUS-1002,2024-01-01,75.98,6,North,Widget B
ORD-009616,CUS-1001,01/02/2024,917.23,10,North,nan
ORD-009617,CUS-1001,2024-01-01,600.35,46,North,Widget A
ORD-009618,CUS-1002,2024-03-15,1741.36,4,East,Widget A
ORD-009619,CUS-1002,2024-01-01,1472.59,49,North,Widget B
ORD-009620,CUS-1001,2024-01-01,-482.09,30,North,Widget B
ORD-009621,CUS-1002,2024-06-30,30.02,18,East,Gadget C
ORD-009622,nan,2024-06-30,538.43,16,West,Widget B
ORD-009623,CUS-1002,2024-01-01,1782.1,48,North,Widget A
ORD-009624,CUS-1003,2024-01-01,504.16,21,East,Widget A
ORD-009625,CUS-1002,not-a-date,65.11,14,North,Widget B
ORD-009626,CUS-1001,01/02/2024,469.75,46,  Central  ,Widget A
ORD-009627,CUS-1001,2024-01-01,1515.64,30,South,Widget A
ORD-009628,nan,2024-01-01,1720.85,37,East,Gadget C
ORD-009629,CUS-1002,2024-01-01,577.67,12,South,Gadget C
ORD-009630,CUS-1003,2024-03-15,472.13,49,West,Widget A
ORD-009631,nan,01/02/2024,1676.54,2,South,Widget B
ORD-009632,CUS-1001,2024-01-01,-339.17,47,  Central  ,nan
ORD-009633,CUS-1001,2024-01-01,732.99,18,South,Widget B
ORD-009634,CUS-1002,2024-01-01,767.42,1,West,Widget B
ORD-009635,CUS-1001,2024-03-15,798.06,22,North,Widget B
ORD-009636,CUS-1002,not-a-date,159.29,21,North,Widget A
ORD-009637,CUS-1003,01/02/2024,1689.18,10,East,Gadget C
ORD-009638,CUS-1002,2024-03-15,437.92,43,South,Widget A
ORD-009639,CUS-1001,2024-01-01,740.18,26,North,Widget B
ORD-009640,CUS-1002,01/02/2024,1278.26,2,North,Widget A
ORD-009641,CUS-1001,2024-01-01,1609.2,46,South,Gadget C
ORD-009642,nan,2024-01-01,1178.28,24,East,Widget B
ORD-009643,CUS-1001,2024-01-01,729.69,40,North,Widget A
ORD-009644,CUS-1003,2024-03-15,20.53,6,  Central  ,Gadget C
ORD-009645,CUS-1002,2024-01-01,995.23,21,South,Widget A
ORD-009646,CUS-1002,2024-01-01,1128.86,35,  Central  ,Gadget C
ORD-009647,CUS-1002,not-a-date,725.39,21,South,Widget A
ORD-009648,CUS-1001,2024-03-15,-153.67,1,West,Widget A
ORD-009649,CUS-1002,2024-01-01,1577.8,43,East,Widget B
ORD-009650,CUS-1003,2024-01-01,80.75,30,South,Widget A
ORD-009651,CUS-1003,2024-03-15,1624.76,28,South,Widget B
ORD-009652,CUS-1001,2024-01-01,1185.06,9,North,Gadget C
ORD-009653,CUS-1002,2024-01-01,657.83,21,West,Widget A
ORD-009654,CUS-1003,2024-01-01,1390.81,43,West,Widget A
ORD-009655,CUS-1003,2024-01-01,1410.67,14,South,Gadget C
ORD-009656,CUS-1002,01/02/2024,1518.27,9,South,Widget A
ORD-009657,CUS-1001,2024-03-15,831.22,46,South,Widget A
ORD-009658,nan,2024-01-01,1157.14,18,South,Widget B
ORD-009659,CUS-1001,2024-06-30,958.01,24,North,Gadget C
ORD-009660,CUS-1001,01/02/2024,-402.95,1,East,Widget B
ORD-009661,CUS-1003,01/02/2024,267.21,16,West,Gadget C
ORD-009662,CUS-1001,2024-01-01,1838.87,46,South,Gadget C
ORD-009663,CUS-1003,2024-01-01,263.52,45,East,Widget B
ORD-009664,CUS-1001,01/02/2024,1300.88,49,North,Widget A
ORD-009665,CUS-1002,2024-03-15,805.87,34,East,Widget A
ORD-009666,nan,2024-01-01,1644.62,37,South,Widget B
ORD-009667,nan,2024-01-01,948.01,44,North,Widget B
ORD-009668,nan,2024-01-01,381.06,4,North,Widget A
ORD-009669,CUS-1003,2024-01-01,309.84,15,South,Gadget C
ORD-009670,CUS-1001,2024-01-01,789.16,5,East,Widget A
ORD-009671,nan,2024-01-01,1074.45,48,North,Widget B
ORD-009672,nan,2024-01-01,1262.54,30,North,Widget A
ORD-009673,CUS-1002,not-a-date,1699.19,43,East,Widget B
ORD-009674,CUS-1001,2024-03-15,754.89,30,East,Widget B
ORD-009675,CUS-1001,2024-01-01,1564.6,32,South,Gadget C
ORD-009676,CUS-1002,2024-01-01,457.37,34,West,Widget A
ORD-009677,CUS-1002,2024-01-01,-220.62,48,East,Widget A
ORD-009678,CUS-1001,2024-01-01,203.66,43,West,Widget A
ORD-009679,CUS-1001,2024-03-15,1609.56,22,  Central  ,Widget B
ORD-009680,CUS-1002,2024-01-01,-359.92,31,East,Widget A
ORD-009681,CUS-1001,not-a-date,1316.88,25,South,Gadget C
ORD-009682,nan,2024-01-01,1092.42,9,East,Widget A
ORD-009683,CUS-1001,2024-06-30,1160.46,30,South,Widget A
ORD-009684,CUS-1001,2024-03-15,1961.06,19,North,Widget A
ORD-009685,CUS-1001,2024-03-15,1200.97,39,North,Widget A
ORD-009686,CUS-1003,2024-06-30,438.18,44,North,Widget B
ORD-009687,CUS-1003,2024-01-01,826.96,35,South,Gadget C
ORD-009688,CUS-1001,2024-01-01,202.41,9,East,Widget B
ORD-009689,CUS-1001,2024-01-01,677.51,45,  Central  ,Gadget C
ORD-009690,CUS-1002,2024-03-15,592.98,17,East,Widget A
ORD-009691,CUS-1001,not-a-date,1290.91,24,North,Widget A
ORD-009692,CUS-1002,2024-01-01,1828.57,32,West,Gadget C
ORD-009693,CUS-1001,2024-03-15,569.99,28,  Central  ,Widget A
ORD-009694,CUS-1002,2024-01-01,1696.68,38,South,Widget B
ORD-009695,CUS-1001,2024-01-01,1753.38,21,West,Gadget C
ORD-009696,CUS-1002,01/02/2024,1268.95,33,West,Widget B
ORD-009697,CUS-1002,2024-01-01,1400.71,39,South,Widget A
ORD-009698,CUS-1001,2024-01-01,1598.48,26,North,Widget A
ORD-009699,CUS-1001,2024-03-15,750.63,36,East,Gadget C
ORD-009700,CUS-1001,01/02/2024,1973.07,42,  Central  ,Widget A
ORD-009701,CUS-1001,01/02/2024,-456.94,47,North,Widget B
ORD-009702,nan,2024-01-01,178.87,26,  Central  ,Widget A
ORD-009703,CUS-1001,2024-01-01,1468.37,48,North,Widget B
ORD-009704,CUS-1001,01/02/2024,676.62,23,East,Widget A
ORD-009705,CUS-1001,not-a-date,65.19,28,East,Gadget C
ORD-009706,CUS-1003,2024-01-01,366.35,8,North,Widget A
ORD-009707,nan,2024-03-15,744.99,2,North,Widget B
ORD-009708,CUS-1003,2024-03-15,433.4,23,North,nan
ORD-009709,CUS-1002,2024-03-15,281.43,29,South,Widget A
ORD-009710,CUS-1003,01/02/2024,333.51,24,North,Widget B
ORD-009711,CUS-1001,2024-01-01,1256.73,32,East,Widget A
ORD-009712,CUS-1003,2024-03-15,265.47,14,South,Widget B
ORD-009713,CUS-1003,2024-01-01,1568.8,4,South,Widget A
ORD-009714,CUS-1001,2024-01-01,1685.07,35,North,Widget B
ORD-009715,CUS-1002,2024-01-01,1449.73,9,East,nan
ORD-009716,CUS-1001,2024-01-01,497.81,16,West,Gadget C
ORD-009717,CUS-1001,01/02/2024,1157.09,43,East,Widget A
ORD-009718,CUS-1003,not-a-date,131.49,1,South,Gadget C
ORD-009719,CUS-1001,2024-01-01,1885.97,22,North,Widget A
ORD-009720,CUS-1002,2024-01-01,24.67,32,West,Widget B
ORD-009721,nan,2024-06-30,450.8,46,East,Widget A
ORD-009722,CUS-1002,2024-01-01,175.15,17,North,Gadget C
ORD-009723,CUS-1001,2024-01-01,1989.49,16,West,Gadget C
ORD-009724,CUS-1002,2024-03-15,91.0,10,North,Widget B
ORD-009725,CUS-1003,2024-06-30,13.43,49,South,Widget A
ORD-009726,CUS-1001,01/02/2024,210.28,11,East,Widget A
ORD-009727,CUS-1001,2024-01-01,1763.69,34,North,Widget A
ORD-009728,CUS-1002,01/02/2024,807.46,43,South,Widget A
ORD-009729,nan,2024-03-15,1890.0,37,East,Widget B
ORD-009730,CUS-1001,not-a-date,1919.39,26,South,Widget A
ORD-009731,CUS-1001,2024-01-01,1454.95,30,North,Gadget C
ORD-009732,nan,not-a-date,346.05,17,North,Widget B
ORD-009733,CUS-1001,01/02/2024,1942.45,27,East,Widget B
ORD-009734,CUS-1001,2024-01-01,882.0,38,  Central  ,Widget B
ORD-009735,CUS-1002,2024-01-01,934.38,36,East,Widget A
ORD-009736,CUS-1001,2024-01-01,-119.83,8,  Central  ,Widget B
ORD-009737,CUS-1001,2024-06-30,1435.06,10,  Central  ,Widget A
ORD-009738,CUS-1002,2024-01-01,1925.36,36,West,Widget B
ORD-009739,CUS-1002,2024-03-15,1942.13,24,South,Widget B
ORD-009740,CUS-1002,2024-01-01,833.08,22,East,Widget A
ORD-009741,CUS-1001,2024-03-15,292.82,47,East,Widget A
ORD-009742,CUS-1002,2024-01-01,1832.03,8,North,Widget A
ORD-009743,CUS-1002,2024-06-30,246.74,44,North,Widget A
ORD-009744,CUS-1003,01/02/2024,1109.8,27,  Central  ,Widget A
ORD-009745,CUS-1003,2024-03-15,340.72,46,South,Widget B
ORD-009746,CUS-1002,01/02/2024,722.94,25,West,Widget B
ORD-009747,nan,01/02/2024,1064.17,40,North,Widget A
ORD-009748,CUS-1003,2024-06-30,1412.95,12,South,Widget B
ORD-009749,CUS-1001,2024-01-01,1950.68,39,North,Gadget C
ORD-009750,nan,not-a-date,1838.01,11,West,Gadget C
ORD-009751,nan,2024-01-01,1045.69,46,South,Widget A
ORD-009752,CUS-1001,01/02/2024,631.72,29,West,Gadget C
ORD-009753,CUS-1001,2024-06-30,1078.53,38,West,Gadget C
ORD-009754,CUS-1002,not-a-date,739.67,45,North,Widget A
ORD-009755,CUS-1002,2024-01-01,924.38,5,South,Widget A
ORD-009756,CUS-1002,2024-01-01,1829.57,17,East,Widget A
ORD-009757,CUS-1002,2024-03-15,1033.36,29,West,Widget A
ORD-009758,CUS-1001,2024-01-01,92.89,1,West,Widget B
ORD-009759,CUS-1001,2024-06-30,1371.26,2,East,Widget B
ORD-009760,nan,2024-01-01,569.14,33,East,Widget A
ORD-009761,CUS-1001,2024-01-01,435.57,9,  Central  ,Widget B
ORD-009762,CUS-1002,2024-03-15,1535.34,25,South,Widget A
ORD-009763,CUS-1001,2024-01-01,339.45,34,North,Widget A
ORD-009764,CUS-1002,2024-01-01,1222.46,39,North,Widget A
ORD-009765,CUS-1002,2024-01-01,1636.14,46,South,Widget A
ORD-009766,CUS-1001,2024-06-30,608.1,2,North,Widget B
ORD-009767,CUS-1002,01/02/2024,949.75,1,West,Widget A
ORD-009768,CUS-1002,2024-06-30,1159.5,3,East,nan
ORD-009769,CUS-1001,2024-01-01,1285.8,38,West,Gadget C
ORD-009770,CUS-1001,2024-01-01,1944.14,5,  Central  ,Widget A
ORD-009771,CUS-1002,2024-01-01,1778.76,23,South,Gadget C
ORD-009772,CUS-1002,2024-01-01,425.96,1,West,Widget B
ORD-009773,CUS-1002,2024-01-01,1096.09,41,West,Widget A
ORD-009774,CUS-1003,2024-01-01,324.11,40,South,Widget A
ORD-009775,CUS-1001,2024-01-01,129.42,32,North,Widget B
ORD-009776,CUS-1001,2024-03-15,742.53,48,North,Gadget C
ORD-009777,CUS-1002,2024-01-01,646.41,29,West,Widget A
ORD-009778,CUS-1002,01/02/2024,-299.33,34,  Central  ,Gadget C
ORD-009779,CUS-1003,2024-01-01,1286.09,21,South,Widget B
ORD-009780,CUS-1001,01/02/2024,777.33,49,East,Widget A
ORD-009781,CUS-1002,2024-03-15,1735.82,18,North,Widget B
ORD-009782,CUS-1002,2024-03-15,1685.08,12,West,Widget A
ORD-009783,CUS-1001,2024-03-15,-377.16,25,North,Widget B
ORD-009784,CUS-1002,2024-01-01,707.98,9,North,Widget A
ORD-009785,CUS-1002,2024-01-01,491.95,33,  Central  ,Widget A
ORD-009786,CUS-1001,2024-03-15,240.96,29,South,Widget A
ORD-009787,CUS-1001,2024-06-30,508.42,19,East,nan
ORD-009788,CUS-1001,01/02/2024,1918.62,1,South,Widget A
ORD-009789,nan,2024-01-01,841.15,24,North,Widget B
ORD-009790,CUS-1001,2024-03-15,837.25,27,West,Widget A
ORD-009791,CUS-1001,2024-06-30,946.69,30,  Central  ,Widget B
ORD-009792,CUS-1001,2024-01-01,1299.52,3,East,Widget A
ORD-009793,CUS-1001,2024-01-01,1840.8,1,South,Widget B
ORD-009794,CUS-1001,2024-03-15,-158.98,39,West,Widget A
ORD-009795,CUS-1002,2024-03-15,1642.37,11,South,nan
ORD-009796,CUS-1001,2024-01-01,903.38,44,West,Widget B
ORD-009797,CUS-1001,2024-01-01,556.69,10,West,Gadget C
ORD-009798,CUS-1001,01/02/2024,1092.27,18,West,Widget A
ORD-009799,CUS-1001,2024-03-15,1085.37,43,West,Widget A
ORD-009800,CUS-1001,2024-03-15,275.43,7,  Central  ,Widget B
ORD-009801,CUS-1002,2024-01-01,203.03,45,West,Widget B
ORD-009802,CUS-1002,2024-01-01,1257.49,1,  Central  ,Gadget C
ORD-009803,CUS-1002,2024-03-15,1473.41,9,South,Widget A
ORD-009804,CUS-1001,2024-01-01,1233.5,15,North,Widget B
ORD-009805,CUS-1003,2024-01-01,712.3,35,  Central  ,Widget B
ORD-009806,CUS-1002,01/02/2024,1116.15,29,North,nan
ORD-009807,CUS-1001,2024-01-01,1813.66,21,East,Gadget C
ORD-009808,CUS-1002,2024-03-15,1848.53,28,East,Widget A
ORD-009809,CUS-1003,2024-01-01,-199.63,27,South,Widget A
ORD-009810,CUS-1001,2024-03-15,199.2,39,South,Widget B
ORD-009811,CUS-1001,01/02/2024,1309.98,21,North,Widget B
ORD-009812,CUS-1002,01/02/2024,357.05,46,North,Gadget C
ORD-009813,CUS-1001,not-a-date,1604.11,23,  Central  ,Widget A
ORD-009814,nan,2024-01-01,568.85,42,South,Widget B
ORD-009815,CUS-1001,2024-03-15,309.45,34,South,nan
ORD-009816,CUS-1001,2024-01-01,1634.02,20,North,Widget A
ORD-009817,CUS-1001,2024-06-30,424.93,15,North,Widget A
ORD-009818,CUS-1001,2024-01-01,27.59,25,East,Widget A
ORD-009819,nan,01/02/2024,1645.31,2,North,Widget A
ORD-009820,CUS-1003,2024-01-01,196.69,17,South,Widget A
ORD-009821,nan,2024-01-01,845.28,25,  Central  ,Widget B
ORD-009822,CUS-1002,2024-01-01,797.66,18,East,Widget B
ORD-009823,CUS-1002,2024-01-01,294.55,5,North,Widget A
ORD-009824,CUS-1001,2024-01-01,80.01,30,West,Widget A
ORD-009825,CUS-1001,2024-01-01,178.53,47,North,Widget A
ORD-009826,nan,2024-03-15,860.75,22,South,Widget B
ORD-009827,CUS-1002,2024-01-01,1914.61,17,South,Widget A
ORD-009828,CUS-1002,2024-01-01,1452.64,35,East,Widget A
ORD-009829,CUS-1002,2024-06-30,1432.44,2,North,Widget A
ORD-009830,CUS-1003,01/02/2024,1342.73,45,East,Widget A
ORD-009831,CUS-1001,2024-01-01,1540.54,24,East,Gadget C
ORD-009832,CUS-1002,2024-01-01,-137.06,38,South,Widget A
ORD-009833,CUS-1002,2024-01-01,1971.35,16,South,Widget A
ORD-009834,CUS-1003,01/02/2024,-446.91,11,South,Widget A
ORD-009835,CUS-1001,not-a-date,1265.43,34,  Central  ,Gadget C
ORD-009836,CUS-1001,01/02/2024,52.13,15,East,Gadget C
ORD-009837,CUS-1002,2024-06-30,1511.76,35,South,Widget B
ORD-009838,CUS-1003,2024-03-15,718.19,35,West,Widget B
ORD-009839,nan,2024-06-30,1549.81,35,South,Widget B
ORD-009840,CUS-1002,01/02/2024,1696.46,39,North,nan
ORD-009841,CUS-1001,01/02/2024,54.36,20,North,Widget A
ORD-009842,CUS-1001,2024-03-15,775.66,49,East,Widget B
ORD-009843,CUS-1002,2024-03-15,1810.84,43,North,Widget B
ORD-009844,CUS-1001,2024-01-01,264.61,23,West,Widget B
ORD-009845,CUS-1002,2024-01-01,1491.17,3,North,nan
ORD-009846,CUS-1003,2024-01-01,653.21,3,South,Gadget C
ORD-009847,CUS-1001,2024-01-01,1023.62,24,East,Widget B
ORD-009848,CUS-1001,2024-06-30,1808.21,2,  Central  ,Widget A
ORD-009849,CUS-1001,2024-03-15,1269.58,47,North,Gadget C
ORD-009850,CUS-1001,2024-01-01,873.05,21,East,Widget A
ORD-009851,CUS-1002,2024-01-01,1397.21,21,South,Widget B
ORD-009852,CUS-1001,2024-01-01,453.55,26,South,Widget A
ORD-009853,CUS-1001,2024-03-15,34.45,49,North,Widget B
ORD-009854,CUS-1001,2024-06-30,1241.03,30,North,Widget A
ORD-009855,CUS-1001,2024-01-01,1723.64,35,West,Widget B
ORD-009856,CUS-1002,2024-01-01,1402.16,28,West,Widget A
ORD-009857,CUS-1002,2024-06-30,1043.64,21,North,Gadget C
ORD-009858,CUS-1002,01/02/2024,-396.99,5,East,Widget B
ORD-009859,CUS-1002,not-a-date,179.01,34,South,Widget B
ORD-009860,CUS-1001,2024-01-01,566.96,25,North,Widget B
ORD-009861,CUS-1002,2024-01-01,1926.83,47,South,Widget B
ORD-009862,CUS-1001,01/02/2024,929.2,7,North,Gadget C
ORD-009863,nan,2024-01-01,1611.31,42,South,Widget B
ORD-009864,CUS-1001,2024-03-15,35.72,33,North,Widget B
ORD-009865,CUS-1002,2024-03-15,950.38,10,South,Widget A
ORD-009866,CUS-1001,2024-01-01,501.27,26,South,Widget A
ORD-009867,CUS-1003,2024-01-01,1905.96,40,North,Gadget C
ORD-009868,CUS-1001,2024-03-15,405.36,35,East,Gadget C
ORD-009869,nan,2024-06-30,108.93,12,East,Widget A
ORD-009870,CUS-1001,2024-01-01,332.41,34,East,Widget A
ORD-009871,CUS-1003,2024-03-15,135.51,5,West,Gadget C
ORD-009872,CUS-1002,2024-01-01,637.62,7,South,Gadget C
ORD-009873,CUS-1001,2024-06-30,-225.32,20,East,Widget B
ORD-009874,CUS-1001,01/02/2024,1861.78,4,West,Widget A
ORD-009875,CUS-1001,2024-01-01,1148.18,30,South,Widget B
ORD-009876,CUS-1003,2024-03-15,1663.74,9,East,Gadget C
ORD-009877,CUS-1003,2024-03-15,805.83,16,East,Widget A
ORD-009878,CUS-1001,2024-03-15,1783.12,29,South,Widget A
ORD-009879,CUS-1001,2024-01-01,428.14,42,East,Gadget C
ORD-009880,CUS-1001,2024-03-15,812.31,7,North,Widget B
ORD-009881,CUS-1001,2024-03-15,250.02,16,North,Widget B
ORD-009882,CUS-1002,2024-01-01,1873.83,22,West,Widget A
ORD-009883,CUS-1001,2024-01-01,682.97,6,West,Widget B
ORD-009884,CUS-1001,not-a-date,499.52,10,West,Widget B
ORD-009885,CUS-1003,01/02/2024,-31.93,25,East,Widget A
ORD-009886,CUS-1002,2024-01-01,-309.48,20,North,Widget B
ORD-009887,CUS-1003,not-a-date,1013.1,32,East,Gadget C
ORD-009888,CUS-1001,2024-01-01,1348.82,43,  Central  ,Gadget C
ORD-009889,nan,2024-03-15,1620.22,14,  Central  ,Widget A
ORD-009890,CUS-1002,2024-01-01,1408.34,9,West,Widget A
ORD-009891,CUS-1002,2024-01-01,990.22,44,East,Widget B
ORD-009892,CUS-1001,2024-06-30,-424.83,18,East,Widget B
ORD-009893,nan,2024-03-15,1950.99,4,South,Gadget C
ORD-009894,CUS-1002,2024-01-01,899.7,46,East,Widget B
ORD-009895,CUS-1003,2024-06-30,649.77,30,South,Gadget C
ORD-009896,CUS-1002,2024-06-30,1294.82,48,South,Widget B
ORD-009897,CUS-1003,2024-03-15,-500.0,42,East,Widget A
ORD-009898,CUS-1002,2024-01-01,1875.42,31,  Central  ,Widget A
ORD-009899,nan,2024-01-01,710.86,40,North,Widget B
ORD-009900,CUS-1001,2024-03-15,-61.21,7,North,Widget B
ORD-009901,CUS-1001,2024-06-30,1252.4,32,North,Widget A
ORD-009902,CUS-1002,2024-01-01,1420.46,8,East,Widget A
ORD-009903,CUS-1002,2024-01-01,89.71,3,West,Widget A
ORD-009904,CUS-1002,2024-01-01,1801.66,41,West,Widget A
ORD-009905,CUS-1002,2024-01-01,363.44,4,South,Widget A
ORD-009906,CUS-1002,01/02/2024,458.16,1,East,Widget B
ORD-009907,CUS-1003,2024-01-01,1391.79,24,North,Widget B
ORD-009908,CUS-1001,01/02/2024,405.73,19,South,Gadget C
ORD-009909,CUS-1003,01/02/2024,275.77,47,West,Widget A
ORD-009910,CUS-1001,2024-01-01,1899.19,34,West,nan
ORD-009911,CUS-1002,not-a-date,1289.7,4,East,Widget B
ORD-009912,nan,2024-01-01,1895.25,8,West,Gadget C
ORD-009913,CUS-1001,2024-01-01,135.57,42,South,Widget A
ORD-009914,CUS-1001,2024-01-01,80.55,40,North,Widget A
ORD-009915,CUS-1001,01/02/2024,565.98,40,East,Widget A
ORD-009916,CUS-1002,2024-01-01,86.44,14,  Central  ,Widget A
ORD-009917,CUS-1001,2024-06-30,882.7,47,West,Widget A
ORD-009918,CUS-1001,2024-01-01,1923.45,24,West,Widget A
ORD-009919,nan,2024-01-01,720.2,8,East,Gadget C
ORD-009920,CUS-1001,2024-03-15,1467.17,43,  Central  ,Gadget C
ORD-009921,CUS-1002,2024-06-30,1296.4,6,East,Widget A
ORD-009922,CUS-1002,01/02/2024,74.16,6,South,Widget A
ORD-009923,CUS-1001,2024-01-01,471.81,19,East,Widget A
ORD-009924,CUS-1001,2024-01-01,1263.8,41,East,Gadget C
ORD-009925,nan,2024-01-01,193.15,26,East,Widget B
ORD-009926,CUS-1002,01/02/2024,920.13,8,South,Gadget C
ORD-009927,CUS-1001,01/02/2024,1358.41,43,  Central  ,Widget A
ORD-009928,CUS-1003,2024-01-01,686.22,26,  Central  ,Widget B
ORD-009929,CUS-1002,01/02/2024,-419.27,46,West,Widget A
ORD-009930,CUS-1001,2024-03-15,1449.26,30,North,Widget A
ORD-009931,CUS-1002,2024-01-01,843.49,16,South,Widget B
ORD-009932,CUS-1002,2024-01-01,1068.64,7,  Central  ,Widget B
ORD-009933,CUS-1001,2024-03-15,407.52,41,West,Gadget C
ORD-009934,CUS-1003,2024-01-01,1581.27,5,South,Widget B
ORD-009935,CUS-1001,2024-01-01,1203.48,42,East,Widget A
ORD-009936,CUS-1001,2024-01-01,1946.11,37,North,Widget B
ORD-009937,CUS-1001,01/02/2024,1514.47,21,West,Widget A
ORD-009938,CUS-1003,01/02/2024,1202.76,29,South,Widget B
ORD-009939,CUS-1002,01/02/2024,1232.7,23,South,Widget A
ORD-009940,nan,2024-01-01,672.64,2,North,Widget A
ORD-009941,CUS-1001,01/02/2024,896.42,44,North,Widget A
ORD-009942,CUS-1003,2024-01-01,1349.83,38,  Central  ,Widget B
ORD-009943,CUS-1002,2024-03-15,1034.91,43,West,Widget B
ORD-009944,CUS-1001,2024-06-30,1909.0,29,South,Widget A
ORD-009945,CUS-1001,01/02/2024,1111.27,48,North,Widget A
ORD-009946,CUS-1003,2024-01-01,-78.33,4,East,Widget A
ORD-009947,CUS-1001,2024-03-15,261.24,30,West,nan
ORD-009948,CUS-1002,2024-01-01,101.83,45,South,Gadget C
ORD-009949,CUS-1002,2024-01-01,1807.22,24,East,Widget B
ORD-009950,CUS-1001,2024-06-30,637.17,24,  Central  ,Gadget C
ORD-009951,nan,2024-01-01,1673.92,41,South,Widget A
ORD-009952,CUS-1003,2024-01-01,896.7,18,West,Widget A
ORD-009953,CUS-1002,01/02/2024,1841.76,4,South,Widget B
ORD-009954,CUS-1002,01/02/2024,969.61,14,North,Gadget C
ORD-009955,CUS-1002,01/02/2024,1721.65,43,West,Widget A
ORD-009956,CUS-1002,2024-01-01,-110.76,16,  Central  ,Gadget C
ORD-009957,CUS-1001,2024-03-15,539.76,11,North,Widget A
ORD-009958,CUS-1002,2024-01-01,1157.34,22,East,Widget A
ORD-009959,CUS-1001,2024-06-30,543.37,24,West,Gadget C
ORD-009960,CUS-1002,2024-01-01,407.79,47,West,Widget B
ORD-009961,CUS-1002,2024-01-01,645.22,34,East,Widget B
ORD-009962,CUS-1001,01/02/2024,-117.73,39,West,Widget A
ORD-009963,nan,2024-01-01,998.16,2,West,Widget B
ORD-009964,CUS-1001,01/02/2024,1277.76,43,South,Gadget C
ORD-009965,CUS-1001,2024-01-01,1935.18,20,North,Widget A
ORD-009966,CUS-1001,2024-01-01,943.65,5,West,Widget A
ORD-009967,CUS-1002,2024-01-01,1524.33,15,  Central  ,Widget A
ORD-009968,CUS-1001,2024-01-01,987.17,32,North,Widget A
ORD-009969,CUS-1002,2024-01-01,873.27,4,West,Widget A
ORD-009970,CUS-1002,2024-01-01,830.53,37,North,Widget B
ORD-009971,CUS-1001,2024-01-01,1752.63,9,West,Widget A
ORD-009972,nan,2024-03-15,300.94,42,North,nan
ORD-009973,CUS-1001,2024-03-15,587.48,8,  Central  ,Gadget C
ORD-009974,CUS-1002,2024-01-01,1444.57,44,West,Widget B
ORD-009975,CUS-1001,2024-01-01,598.61,37,West,Gadget C
ORD-009976,CUS-1002,2024-01-01,-299.78,10,North,nan
ORD-009977,CUS-1003,2024-01-01,441.27,20,North,Widget B
ORD-009978,CUS-1001,2024-01-01,68.48,5,East,Widget A
ORD-009979,CUS-1001,2024-01-01,591.82,3,North,Gadget C
ORD-009980,CUS-1001,2024-06-30,660.17,18,South,Widget A
ORD-009981,CUS-1001,2024-03-15,1906.93,11,  Central  ,Widget A
ORD-009982,nan,2024-01-01,1617.91,38,South,Widget B
ORD-009983,CUS-1002,2024-01-01,253.4,36,South,Widget A
ORD-009984,CUS-1002,2024-01-01,254.46,15,West,Widget A
ORD-009985,nan,2024-01-01,1994.02,11,East,Widget B
ORD-009986,CUS-1003,01/02/2024,1346.35,44,South,Widget A
ORD-009987,CUS-1003,2024-01-01,1254.74,22,West,Gadget C
ORD-009988,CUS-1001,2024-01-01,1181.1,32,North,Gadget C
ORD-009989,CUS-1001,2024-01-01,307.92,33,North,Widget B
ORD-009990,CUS-1001,01/02/2024,536.11,34,South,Widget A
ORD-009991,CUS-1001,2024-01-01,870.43,48,South,Widget A
ORD-009992,CUS-1001,2024-06-30,898.25,35,  Central  ,Widget B
ORD-009993,CUS-1001,2024-01-01,1941.83,3,  Central  ,Widget A
ORD-009994,CUS-1001,2024-01-01,97.09,20,North,Widget A
ORD-009995,CUS-1002,2024-01-01,39.26,11,West,Widget A
ORD-009996,CUS-1001,01/02/2024,1830.63,12,West,Widget B
ORD-009997,CUS-1001,2024-01-01,1756.34,11,North,Gadget C
ORD-009998,CUS-1001,2024-01-01,586.28,42,South,Gadget C
ORD-009999,CUS-1002,2024-01-01,649.44,44,South,Widget A
ORD-010000,CUS-1002,2024-01-01,1188.15,10,North,Widget A
ORD-010001,CUS-1002,2024-01-01,412.07,28,South,Widget B
ORD-010002,CUS-1001,01/02/2024,-216.95,23,North,Widget A
ORD-010003,CUS-1001,01/02/2024,546.42,37,East,Widget B
ORD-010004,CUS-1001,01/02/2024,129.24,43,South,Widget B
ORD-010005,CUS-1001,2024-06-30,1070.16,23,South,Widget A
ORD-010006,CUS-1001,2024-01-01,1469.54,21,South,Widget A
ORD-010007,nan,not-a-date,1912.92,24,East,Widget A
ORD-010008,CUS-1001,2024-01-01,1253.51,25,North,Widget A
ORD-010009,CUS-1001,2024-01-01,-425.33,48,North,Widget A
ORD-010010,CUS-1002,01/02/2024,1328.05,7,East,Gadget C
ORD-010011,CUS-1002,2024-01-01,194.12,9,South,Gadget C
ORD-010012,CUS-1001,2024-01-01,396.44,20,North,Widget B
ORD-010013,CUS-1001,01/02/2024,600.27,20,South,Widget A
ORD-010014,nan,2024-01-01,120.39,24,  Central  ,Widget A
ORD-010015,CUS-1001,2024-01-01,738.1,49,East,Widget B
ORD-010016,CUS-1002,2024-03-15,1536.37,29,West,Widget B
ORD-010017,CUS-1003,2024-01-01,116.92,13,West,Widget A
ORD-010018,CUS-1001,2024-01-01,996.74,13,East,Widget B
ORD-010019,CUS-1002,2024-01-01,460.34,6,South,Widget A
ORD-010020,CUS-1001,2024-06-30,1137.09,1,West,nan
ORD-010021,CUS-1001,2024-06-30,989.79,15,South,Widget A
ORD-010022,CUS-1001,01/02/2024,340.41,35,South,Widget A
ORD-010023,nan,2024-01-01,1706.72,41,South,Widget B
ORD-010024,CUS-1001,2024-01-01,1005.94,35,South,Gadget C
ORD-010025,CUS-1001,2024-01-01,1971.49,49,West,Widget B
ORD-010026,nan,2024-03-15,1969.53,13,North,Widget A
ORD-010027,CUS-1001,01/02/2024,509.61,31,East,Widget B
ORD-010028,CUS-1003,2024-03-15,1767.27,38,East,Widget B
ORD-010029,CUS-1002,2024-01-01,1441.91,49,  Central  ,Gadget C
ORD-010030,CUS-1002,not-a-date,870.12,15,South,Widget B
ORD-010031,CUS-1003,2024-01-01,1632.1,9,South,Widget A
ORD-010032,CUS-1002,2024-01-01,846.6,48,East,Widget A
ORD-010033,CUS-1001,2024-01-01,989.89,31,North,Widget B
ORD-010034,nan,01/02/2024,749.9,39,South,Widget A
ORD-010035,nan,not-a-date,1688.72,30,North,Gadget C
ORD-010036,nan,2024-01-01,-402.66,7,North,Widget A
ORD-010037,CUS-1002,2024-06-30,311.02,7,South,Widget A
ORD-010038,CUS-1002,2024-01-01,1183.73,16,West,Widget A
ORD-010039,CUS-1002,2024-01-01,242.66,31,South,Widget A
ORD-010040,CUS-1001,2024-01-01,1771.96,47,East,Gadget C
ORD-010041,CUS-1002,2024-01-01,448.24,27,South,Widget B
ORD-010042,CUS-1002,2024-03-15,-11.39,26,South,Widget A
ORD-010043,CUS-1002,2024-01-01,1493.8,38,East,Gadget C
ORD-010044,CUS-1001,2024-01-01,1335.8,34,  Central  ,Widget B
ORD-010045,CUS-1002,2024-01-01,-160.4,41,East,Widget B
ORD-010046,CUS-1002,2024-03-15,1242.1,15,West,Widget A
ORD-010047,CUS-1002,2024-06-30,1544.71,11,South,Gadget C
ORD-010048,nan,2024-03-15,348.53,34,South,Widget B
ORD-010049,CUS-1002,2024-01-01,616.04,6,North,Widget A
ORD-010050,CUS-1001,2024-01-01,976.27,39,East,Widget B
ORD-010051,CUS-1001,2024-01-01,1269.97,46,West,Widget A
ORD-010052,CUS-1002,2024-06-30,1231.22,33,East,Widget A
ORD-010053,CUS-1001,2024-01-01,992.42,37,West,Widget A
ORD-010054,CUS-1003,2024-06-30,1326.29,27,North,Widget A
ORD-010055,CUS-1001,2024-03-15,51.8,18,East,Gadget C
ORD-010056,CUS-1001,2024-03-15,653.85,11,South,Widget B
ORD-010057,CUS-1001,2024-03-15,1149.16,27,South,Widget B
ORD-010058,CUS-1002,2024-01-01,619.38,45,South,Widget A
ORD-010059,nan,2024-01-01,1883.72,41,West,Widget A
ORD-010060,nan,2024-01-01,1927.63,19,West,Widget A
ORD-010061,CUS-1002,2024-01-01,749.02,8,East,Gadget C
ORD-010062,CUS-1003,2024-03-15,470.74,49,East,Widget B
ORD-010063,CUS-1001,2024-01-01,456.24,1,  Central  ,Widget A
ORD-010064,CUS-1002,not-a-date,893.5,9,West,Widget A
ORD-010065,nan,not-a-date,1915.5,27,North,Widget A
ORD-010066,CUS-1001,2024-01-01,480.59,42,West,Widget A
ORD-010067,nan,2024-01-01,668.85,5,North,Widget B
ORD-010068,CUS-1001,2024-01-01,1122.74,13,North,Widget A
ORD-010069,CUS-1001,2024-01-01,1144.08,48,  Central  ,Widget A
ORD-010070,CUS-1002,01/02/2024,1328.5,4,North,Widget B
ORD-010071,nan,2024-03-15,1458.65,10,West,Widget A
ORD-010072,CUS-1001,2024-03-15,1584.72,2,East,Widget A
ORD-010073,CUS-1003,2024-01-01,987.58,37,West,nan
ORD-010074,CUS-1001,2024-03-15,151.59,17,East,Gadget C
ORD-010075,CUS-1002,01/02/2024,1355.76,35,West,Gadget C
ORD-010076,CUS-1002,2024-06-30,1189.16,1,  Central  ,Widget A
ORD-010077,CUS-1001,2024-03-15,436.03,9,West,nan
ORD-010078,CUS-1002,2024-03-15,1709.2,6,South,Widget B
ORD-010079,CUS-1002,2024-01-01,1485.6,2,West,Widget A
ORD-010080,CUS-1002,2024-03-15,849.6,1,South,Widget A
ORD-010081,CUS-1001,2024-01-01,1937.87,12,North,Widget A
ORD-010082,CUS-1001,2024-01-01,1356.83,43,  Central  ,Widget A
ORD-010083,nan,2024-01-01,1860.6,27,South,Widget A
ORD-010084,CUS-1002,2024-01-01,1460.11,38,North,Widget A
ORD-010085,CUS-1003,2024-01-01,1423.93,7,East,Widget A
ORD-010086,CUS-1002,2024-01-01,443.63,45,  Central  ,Widget A
ORD-010087,CUS-1003,2024-03-15,844.12,47,West,Widget A
ORD-010088,CUS-1001,01/02/2024,1275.52,30,South,Gadget C
ORD-010089,CUS-1002,2024-06-30,1658.23,39,West,Widget A
ORD-010090,CUS-1002,2024-03-15,1823.31,21,South,Gadget C
ORD-010091,CUS-1001,2024-01-01,172.77,11,East,Gadget C
ORD-010092,CUS-1001,2024-03-15,1432.47,43,North,Widget B
ORD-010093,CUS-1002,01/02/2024,539.4,6,South,Widget A
ORD-010094,CUS-1003,2024-01-01,-191.38,19,  Central  ,Widget A
ORD-010095,CUS-1002,2024-06-30,641.65,4,South,Gadget C
ORD-010096,CUS-1001,2024-06-30,1146.15,15,West,nan
ORD-010097,nan,2024-01-01,1058.25,41,South,Widget B
ORD-010098,CUS-1001,2024-03-15,1745.39,37,North,Gadget C
ORD-010099,CUS-1001,2024-01-01,1311.15,44,East,Gadget C
ORD-010100,nan,2024-06-30,493.51,40,South,Widget B
ORD-010101,CUS-1003,01/02/2024,1261.58,26,South,Widget A
ORD-010102,nan,2024-01-01,-248.95,48,North,Widget A
ORD-010103,CUS-1003,2024-03-15,734.99,28,South,Widget A
ORD-010104,CUS-1002,01/02/2024,532.96,32,West,Gadget C
ORD-010105,CUS-1001,2024-01-01,1820.19,21,South,Widget A
ORD-010106,CUS-1001,2024-03-15,316.35,15,East,Widget B
ORD-010107,nan,2024-03-15,291.99,40,North,Widget A
ORD-010108,CUS-1003,2024-01-01,1182.39,46,West,Widget A
ORD-010109,CUS-1001,2024-03-15,623.68,43,West,Gadget C
ORD-010110,CUS-1001,2024-01-01,1013.42,37,South,Widget A
ORD-010111,CUS-1001,2024-01-01,542.87,16,South,Widget A
ORD-010112,CUS-1001,01/02/2024,742.5,41,North,Widget B
ORD-010113,CUS-1003,2024-01-01,-399.75,45,  Central  ,Widget A
ORD-010114,CUS-1001,2024-01-01,-155.5,23,East,Widget A
ORD-010115,CUS-1002,2024-06-30,166.78,12,North,Widget A
ORD-010116,nan,2024-03-15,870.06,33,West,nan
ORD-010117,CUS-1002,01/02/2024,1377.75,11,West,Gadget C
ORD-010118,CUS-1002,01/02/2024,1421.24,48,North,Gadget C
ORD-010119,CUS-1001,not-a-date,549.14,42,South,Widget B
ORD-010120,CUS-1001,not-a-date,1091.5,33,South,Widget B
ORD-010121,CUS-1001,2024-01-01,774.57,26,South,Widget A
ORD-010122,CUS-1001,2024-01-01,83.27,9,West,Widget B
ORD-010123,CUS-1001,2024-01-01,869.37,3,West,Widget B
ORD-010124,CUS-1001,2024-01-01,1350.49,1,West,Gadget C
ORD-010125,CUS-1001,2024-01-01,1891.4,5,East,Gadget C
ORD-010126,CUS-1001,01/02/2024,-354.37,21,West,Gadget C
ORD-010127,nan,2024-03-15,860.6,15,North,nan
ORD-010128,CUS-1001,2024-06-30,1882.9,18,South,Gadget C
ORD-010129,CUS-1001,2024-01-01,944.23,9,South,Widget A
ORD-010130,CUS-1003,2024-01-01,1788.49,36,South,Widget A
ORD-010131,CUS-1001,2024-01-01,1367.5,49,North,Widget A
ORD-010132,CUS-1002,2024-01-01,1733.33,1,East,Widget A
ORD-010133,CUS-1003,2024-01-01,1519.0,36,North,Gadget C
ORD-010134,CUS-1002,2024-06-30,153.69,44,North,Widget B
ORD-010135,CUS-1001,2024-01-01,1527.39,22,South,Widget A
ORD-010136,CUS-1002,2024-03-15,264.43,28,West,Widget B
ORD-010137,CUS-1002,2024-01-01,1499.7,40,North,Widget B
ORD-010138,CUS-1001,01/02/2024,843.91,32,South,Widget A
ORD-010139,CUS-1001,not-a-date,1372.68,15,East,Widget A
ORD-010140,CUS-1001,2024-06-30,130.45,16,North,Widget A
ORD-010141,CUS-1003,2024-01-01,236.88,2,North,Widget A
ORD-010142,CUS-1001,2024-06-30,222.1,40,North,Widget A
ORD-010143,CUS-1001,2024-01-01,757.28,18,  Central  ,Widget B
ORD-010144,CUS-1002,2024-03-15,347.61,43,North,Gadget C
ORD-010145,nan,2024-01-01,25.73,18,East,Widget A
ORD-010146,CUS-1001,01/02/2024,1759.48,26,North,nan
ORD-010147,CUS-1001,2024-03-15,1505.78,7,West,Widget A
ORD-010148,CUS-1001,2024-03-15,1141.27,4,East,Gadget C
ORD-010149,CUS-1002,2024-03-15,1451.21,31,  Central  ,Widget B
ORD-010150,CUS-1002,2024-01-01,611.73,36,  Central  ,Gadget C
ORD-010151,nan,not-a-date,1414.16,19,  Central  ,Widget A
ORD-010152,CUS-1001,2024-01-01,1044.81,32,North,Widget A
ORD-010153,CUS-1001,2024-01-01,186.79,15,East,Widget A
ORD-010154,CUS-1001,2024-01-01,1332.59,34,West,Widget A
ORD-010155,CUS-1001,2024-01-01,1987.09,30,North,Widget B
ORD-010156,CUS-1002,2024-01-01,519.53,42,North,Widget B
ORD-010157,CUS-1003,01/02/2024,19.06,36,South,Widget B
ORD-010158,CUS-1001,2024-01-01,1503.94,44,West,nan
ORD-010159,CUS-1002,01/02/2024,564.87,49,West,Widget A
ORD-010160,CUS-1001,2024-01-01,816.38,18,West,Widget A
ORD-010161,CUS-1002,2024-03-15,25.47,44,South,Widget A
ORD-010162,CUS-1001,2024-01-01,138.32,23,West,Widget B
ORD-010163,CUS-1002,2024-01-01,1420.77,1,North,Widget A
ORD-010164,CUS-1001,01/02/2024,-416.79,47,  Central  ,Widget A
ORD-010165,nan,2024-06-30,1185.15,8,South,Widget B
ORD-010166,nan,2024-06-30,1686.26,6,West,Widget A
ORD-010167,CUS-1003,2024-01-01,419.55,27,  Central  ,Gadget C
ORD-010168,nan,2024-06-30,-155.67,35,South,nan
ORD-010169,CUS-1001,01/02/2024,700.62,23,South,Gadget C
ORD-010170,CUS-1002,2024-06-30,424.29,31,South,Widget B
ORD-010171,CUS-1001,2024-01-01,1237.14,43,North,Widget B
ORD-010172,nan,2024-01-01,1913.07,29,East,Widget A
ORD-010173,CUS-1001,2024-01-01,470.13,40,  Central  ,Gadget C
ORD-010174,CUS-1001,2024-03-15,1804.57,30,West,Widget A
ORD-010175,CUS-1002,2024-01-01,1078.97,26,  Central  ,Widget B
ORD-010176,CUS-1001,2024-01-01,213.08,25,North,Widget A
ORD-010177,CUS-1002,01/02/2024,1076.63,47,North,Gadget C
ORD-010178,CUS-1001,2024-06-30,939.45,18,South,Widget B
ORD-010179,CUS-1002,01/02/2024,1500.54,18,East,Widget A
ORD-010180,CUS-1003,2024-03-15,1499.88,39,West,Widget A
ORD-010181,CUS-1002,2024-01-01,1285.63,32,West,Widget A
ORD-010182,CUS-1001,2024-06-30,1339.01,7,North,nan
ORD-010183,CUS-1001,2024-01-01,1218.52,35,East,Widget A
ORD-010184,CUS-1001,2024-01-01,481.17,2,South,Widget B
ORD-010185,CUS-1001,2024-01-01,1851.82,25,South,Widget A
ORD-010186,CUS-1002,2024-01-01,431.46,16,West,Widget B
ORD-010187,CUS-1001,01/02/2024,1194.35,11,West,Gadget C
ORD-010188,CUS-1001,01/02/2024,1549.8,31,East,Gadget C
ORD-010189,CUS-1001,2024-01-01,176.52,8,North,Widget B
ORD-010190,nan,2024-01-01,905.85,18,South,Widget B
ORD-010191,CUS-1001,2024-01-01,69.46,8,  Central  ,Widget A
ORD-010192,CUS-1001,2024-01-01,460.18,7,East,Widget B
ORD-010193,CUS-1002,2024-06-30,1275.95,20,West,nan
ORD-010194,CUS-1001,01/02/2024,1827.6,31,South,Widget A
ORD-010195,nan,2024-01-01,615.44,33,South,Widget B
ORD-010196,CUS-1001,2024-01-01,1671.45,46,East,Gadget C
ORD-010197,CUS-1002,2024-03-15,1054.47,16,West,Gadget C
ORD-010198,CUS-1002,2024-03-15,1524.08,18,  Central  ,Widget B
ORD-010199,CUS-1003,2024-06-30,1622.13,43,East,Widget A
ORD-010200,CUS-1002,2024-01-01,1275.49,9,  Central  ,Widget B
ORD-010201,CUS-1003,01/02/2024,851.23,30,West,Widget A
ORD-010202,CUS-1002,2024-01-01,1172.33,37,West,nan
ORD-010203,CUS-1002,2024-03-15,1385.43,23,  Central  ,Widget A
ORD-010204,CUS-1002,2024-01-01,1723.65,42,North,Widget A
ORD-010205,CUS-1002,01/02/2024,1101.21,16,North,Widget B
ORD-010206,CUS-1002,2024-01-01,1748.52,6,North,Widget B
ORD-010207,CUS-1001,2024-03-15,-236.04,6,East,Widget A
ORD-010208,CUS-1001,2024-01-01,1521.15,27,West,Widget B
ORD-010209,CUS-1001,2024-03-15,1223.16,27,North,Widget B
ORD-010210,CUS-1001,2024-01-01,164.26,26,East,Widget B
ORD-010211,CUS-1001,2024-03-15,1009.19,19,East,Widget B
ORD-010212,CUS-1001,2024-01-01,1529.75,23,East,Widget A
ORD-010213,CUS-1002,01/02/2024,1347.87,48,South,Gadget C
ORD-010214,CUS-1002,2024-03-15,1131.38,24,North,nan
ORD-010215,CUS-1002,2024-01-01,1587.63,37,North,Widget B
ORD-010216,CUS-1002,2024-01-01,1807.35,42,North,Widget B
ORD-010217,CUS-1001,2024-01-01,295.4,7,North,Widget B
ORD-010218,CUS-1001,2024-01-01,518.14,13,South,Gadget C
ORD-010219,CUS-1002,01/02/2024,1977.76,28,East,Widget A
ORD-010220,CUS-1003,2024-01-01,490.88,37,East,Widget B
ORD-010221,CUS-1002,2024-01-01,1656.38,43,West,Widget A
ORD-010222,CUS-1002,2024-01-01,1068.9,36,North,Widget A
ORD-010223,CUS-1002,2024-01-01,-467.48,47,East,Widget A
ORD-010224,CUS-1002,2024-01-01,1457.4,49,North,Gadget C
ORD-010225,CUS-1002,2024-03-15,1509.1,46,East,Widget A
ORD-010226,CUS-1002,2024-01-01,551.52,31,West,Widget A
ORD-010227,CUS-1001,2024-06-30,31.95,41,East,Widget B
ORD-010228,CUS-1001,2024-03-15,1558.96,47,South,Widget A
ORD-010229,CUS-1001,2024-01-01,1382.04,14,South,Widget A
ORD-010230,CUS-1002,not-a-date,249.52,28,East,Gadget C
ORD-010231,CUS-1003,01/02/2024,83.4,31,West,Widget A
ORD-010232,CUS-1001,01/02/2024,1324.6,18,East,Widget A
ORD-010233,CUS-1001,2024-01-01,1206.36,35,North,Widget B
ORD-010234,CUS-1003,01/02/2024,1528.66,35,West,Widget A
ORD-010235,CUS-1001,2024-01-01,1747.69,41,North,Widget A
ORD-010236,CUS-1003,01/02/2024,1331.41,12,South,Widget B
ORD-010237,CUS-1001,2024-01-01,1274.88,44,South,Widget A
ORD-010238,CUS-1001,2024-01-01,1046.09,48,East,Gadget C
ORD-010239,CUS-1001,01/02/2024,1136.87,27,West,Widget A
ORD-010240,CUS-1001,2024-01-01,1948.29,22,South,Widget A
ORD-010241,CUS-1001,2024-01-01,102.66,16,East,Widget B
ORD-010242,CUS-1001,2024-03-15,1091.83,37,East,Gadget C
ORD-010243,CUS-1001,2024-01-01,502.56,26,East,Widget A
ORD-010244,CUS-1001,2024-01-01,1453.51,32,North,Widget B
ORD-010245,CUS-1003,2024-01-01,1499.83,46,East,Widget B
ORD-010246,CUS-1001,2024-06-30,537.99,35,  Central  ,Gadget C
ORD-010247,CUS-1001,01/02/2024,1519.2,26,North,Widget A
ORD-010248,CUS-1001,01/02/2024,1291.51,8,West,nan
ORD-010249,nan,2024-03-15,1893.77,7,West,Widget A
ORD-010250,CUS-1003,01/02/2024,1633.0,36,  Central  ,Gadget C
ORD-010251,nan,2024-03-15,1546.11,22,South,Widget A
ORD-010252,nan,01/02/2024,289.54,1,West,Widget B
ORD-010253,CUS-1001,not-a-date,1973.63,38,South,Widget A
ORD-010254,CUS-1002,01/02/2024,1594.52,37,South,Widget A
ORD-010255,CUS-1001,2024-01-01,1686.74,48,South,Widget A
ORD-010256,nan,2024-01-01,1505.82,13,West,Widget B
ORD-010257,CUS-1001,2024-01-01,1710.66,21,North,Widget A
ORD-010258,CUS-1001,01/02/2024,1221.57,31,South,Gadget C
ORD-010259,nan,2024-06-30,36.12,40,  Central  ,Widget A
ORD-010260,CUS-1003,2024-03-15,932.25,11,East,Widget A
ORD-010261,nan,2024-03-15,504.21,14,East,Widget A
ORD-010262,CUS-1001,01/02/2024,629.38,32,North,nan
ORD-010263,CUS-1001,2024-06-30,558.37,18,  Central  ,Widget B
ORD-010264,CUS-1001,2024-03-15,1266.23,48,West,Widget B
ORD-010265,CUS-1002,2024-01-01,1578.04,15,  Central  ,nan
ORD-010266,CUS-1002,2024-01-01,1740.26,2,South,Widget B
ORD-010267,CUS-1001,2024-01-01,1749.35,34,North,Widget A
ORD-010268,CUS-1003,2024-01-01,50.21,38,West,Widget A
ORD-010269,CUS-1001,2024-01-01,1510.84,45,West,Widget A
ORD-010270,CUS-1002,2024-01-01,1860.7,13,West,Widget B
ORD-010271,CUS-1003,2024-01-01,1549.59,41,North,Widget A
ORD-010272,CUS-1002,2024-01-01,241.81,48,East,Gadget C
ORD-010273,CUS-1001,2024-06-30,1915.27,30,North,Widget B
ORD-010274,CUS-1001,2024-01-01,1009.23,13,South,Gadget C
ORD-010275,CUS-1001,2024-03-15,1152.6,27,  Central  ,Widget B
ORD-010276,CUS-1002,2024-01-01,573.08,33,West,Widget B
ORD-010277,CUS-1002,2024-06-30,1694.82,42,South,Widget B
ORD-010278,CUS-1001,2024-03-15,1755.34,24,East,Widget B
ORD-010279,nan,2024-06-30,1633.64,46,South,Widget A
ORD-010280,CUS-1002,01/02/2024,422.15,16,South,Widget B
ORD-010281,CUS-1003,01/02/2024,263.11,39,North,Gadget C
ORD-010282,CUS-1002,2024-01-01,1953.1,36,East,Gadget C
ORD-010283,nan,2024-01-01,1745.93,33,East,Widget B
ORD-010284,CUS-1001,2024-03-15,1714.38,33,North,Gadget C
ORD-010285,CUS-1001,2024-01-01,1561.99,40,North,Widget A
ORD-010286,nan,2024-01-01,221.98,5,South,Widget A
ORD-010287,nan,not-a-date,-39.52,24,East,Widget B
ORD-010288,CUS-1002,2024-01-01,239.68,47,North,Widget A
ORD-010289,CUS-1001,2024-03-15,-284.23,21,West,Widget B
ORD-010290,CUS-1001,2024-01-01,331.53,7,West,Gadget C
ORD-010291,CUS-1003,2024-01-01,964.15,48,North,Widget A
ORD-010292,CUS-1003,2024-01-01,1346.56,37,West,Widget B
ORD-010293,CUS-1001,2024-01-01,1683.64,28,East,Widget A
ORD-010294,CUS-1001,2024-03-15,170.43,47,South,Widget A
ORD-010295,CUS-1002,not-a-date,-307.93,29,West,Widget A
ORD-010296,CUS-1002,2024-01-01,387.46,43,East,Widget A
ORD-010297,CUS-1002,2024-01-01,1887.52,6,South,Gadget C
ORD-010298,CUS-1002,2024-03-15,968.78,22,North,Widget B
ORD-010299,nan,2024-01-01,123.0,26,West,Widget A
ORD-010300,CUS-1001,2024-01-01,1583.86,27,South,nan
ORD-010301,CUS-1002,2024-01-01,103.94,19,South,Widget B
ORD-010302,CUS-1002,2024-03-15,1258.57,2,West,Widget B
ORD-010303,CUS-1002,2024-01-01,1595.85,14,North,Widget B
ORD-010304,CUS-1003,2024-01-01,931.16,40,  Central  ,Gadget C
ORD-010305,CUS-1002,2024-06-30,1365.52,48,South,Widget B
ORD-010306,CUS-1002,2024-06-30,1149.32,4,South,Widget B
ORD-010307,CUS-1001,01/02/2024,149.93,46,East,Widget A
ORD-010308,CUS-1002,01/02/2024,1389.9,48,South,Widget A
ORD-010309,CUS-1001,2024-06-30,1905.79,48,South,Widget A
ORD-010310,CUS-1001,01/02/2024,692.23,13,North,Widget B
ORD-010311,CUS-1002,2024-03-15,-314.98,18,South,Gadget C
ORD-010312,CUS-1002,2024-01-01,520.11,10,  Central  ,Widget A
ORD-010313,nan,2024-01-01,1274.74,32,North,Gadget C
ORD-010314,CUS-1002,2024-03-15,1967.03,8,  Central  ,Widget A
ORD-010315,CUS-1003,01/02/2024,1625.34,16,East,Gadget C
ORD-010316,CUS-1001,2024-01-01,1564.31,28,East,Widget A
ORD-010317,CUS-1002,01/02/2024,727.09,22,West,Widget A
ORD-010318,nan,2024-03-15,1223.94,20,North,Widget B
ORD-010319,CUS-1001,2024-01-01,814.31,14,  Central  ,Gadget C
ORD-010320,CUS-1003,2024-03-15,126.87,12,West,Widget A
ORD-010321,CUS-1002,2024-01-01,987.81,29,West,Gadget C
ORD-010322,CUS-1001,01/02/2024,1100.29,9,South,nan
ORD-010323,CUS-1002,2024-06-30,1696.7,15,East,Widget A
ORD-010324,CUS-1001,not-a-date,1528.65,4,East,Widget A
ORD-010325,CUS-1001,not-a-date,913.77,15,North,Widget B
ORD-010326,CUS-1001,01/02/2024,1000.14,15,North,Widget A
ORD-010327,CUS-1001,2024-01-01,1587.29,21,West,Widget A
ORD-010328,CUS-1001,01/02/2024,585.26,14,South,Widget B
ORD-010329,nan,2024-01-01,726.24,2,North,Widget A
ORD-010330,CUS-1001,01/02/2024,1808.2,18,West,Widget A
ORD-010331,CUS-1003,01/02/2024,1522.86,45,North,Gadget C
ORD-010332,CUS-1002,01/02/2024,1887.18,29,  Central  ,Widget A
ORD-010333,CUS-1001,2024-01-01,1758.92,11,West,Widget A
ORD-010334,CUS-1001,2024-01-01,1527.31,47,West,Widget B
ORD-010335,nan,2024-01-01,530.2,31,East,Widget B
ORD-010336,CUS-1002,2024-01-01,1046.77,34,East,Widget B
ORD-010337,nan,2024-01-01,839.21,4,North,Gadget C
ORD-010338,CUS-1001,2024-01-01,786.63,14,  Central  ,Widget A
ORD-010339,CUS-1002,2024-06-30,1560.51,19,South,Widget B
ORD-010340,CUS-1003,2024-01-01,781.2,34,East,Widget A
ORD-010341,nan,2024-03-15,303.94,3,North,Widget A
ORD-010342,CUS-1001,2024-01-01,703.65,12,North,Widget A
ORD-010343,nan,not-a-date,1616.32,49,West,Widget A
ORD-010344,CUS-1001,2024-03-15,1020.46,15,South,Widget A
ORD-010345,CUS-1003,2024-06-30,35.16,43,South,Gadget C
ORD-010346,CUS-1002,not-a-date,1250.0,9,South,Widget A
ORD-010347,CUS-1002,2024-03-15,357.95,42,  Central  ,Widget A
ORD-010348,CUS-1001,2024-01-01,224.37,20,East,Widget A
ORD-010349,CUS-1003,01/02/2024,615.71,11,South,Widget A
ORD-010350,CUS-1001,2024-01-01,1542.73,33,  Central  ,Widget B
ORD-010351,CUS-1002,not-a-date,109.62,28,East,Gadget C
ORD-010352,CUS-1002,not-a-date,422.36,7,  Central  ,Widget A
ORD-010353,CUS-1002,2024-01-01,413.42,43,North,Widget B
ORD-010354,CUS-1002,01/02/2024,1647.31,37,South,Widget B
ORD-010355,CUS-1002,2024-01-01,507.82,19,East,Widget B
ORD-010356,CUS-1002,01/02/2024,1162.91,45,North,Widget B
ORD-010357,CUS-1002,01/02/2024,261.26,2,East,Widget A
ORD-010358,CUS-1002,01/02/2024,1584.11,48,West,Widget A
ORD-010359,CUS-1002,not-a-date,528.93,21,North,Widget A
ORD-010360,CUS-1003,2024-01-01,927.73,40,South,Widget A
ORD-010361,CUS-1002,2024-03-15,670.52,44,  Central  ,Widget A
ORD-010362,CUS-1001,01/02/2024,1318.34,42,East,Widget A
ORD-010363,CUS-1002,2024-01-01,524.3,6,East,Widget A
ORD-010364,CUS-1001,2024-01-01,10.83,20,West,Widget A
ORD-010365,CUS-1001,2024-01-01,1055.75,5,North,Widget A
ORD-010366,CUS-1003,01/02/2024,1950.05,12,West,Widget A
ORD-010367,CUS-1002,not-a-date,1663.42,30,West,Widget B
ORD-010368,CUS-1002,2024-01-01,1985.95,35,  Central  ,Widget A
ORD-010369,nan,2024-01-01,895.04,12,North,Gadget C
ORD-010370,CUS-1001,2024-01-01,1139.92,3,North,Widget A
ORD-010371,CUS-1001,2024-01-01,1597.35,20,North,Widget B
ORD-010372,CUS-1001,2024-01-01,681.21,29,South,Widget A
ORD-010373,CUS-1001,01/02/2024,234.66,20,South,nan
ORD-010374,CUS-1002,2024-01-01,345.97,47,East,Widget B
ORD-010375,CUS-1003,2024-03-15,1925.43,35,North,Gadget C
ORD-010376,CUS-1002,2024-01-01,1582.64,32,West,Widget A
ORD-010377,CUS-1001,01/02/2024,584.91,2,  Central  ,Widget B
ORD-010378,CUS-1002,2024-01-01,1563.8,46,North,Widget A
ORD-010379,CUS-1001,2024-01-01,1412.85,33,North,Widget A
ORD-010380,CUS-1002,2024-01-01,943.9,49,North,nan
ORD-010381,CUS-1002,2024-03-15,55.28,25,  Central  ,Widget A
ORD-010382,CUS-1001,2024-06-30,-17.72,34,East,Widget B
ORD-010383,CUS-1003,2024-01-01,587.95,26,South,Widget B
ORD-010384,CUS-1003,01/02/2024,550.38,43,South,Widget A
ORD-010385,CUS-1001,01/02/2024,1056.87,35,West,Widget A
ORD-010386,CUS-1002,2024-01-01,539.21,20,West,Gadget C
ORD-010387,CUS-1002,2024-03-15,-175.82,32,South,Widget B
ORD-010388,CUS-1001,2024-01-01,591.02,6,South,nan
ORD-010389,CUS-1001,not-a-date,1615.43,34,  Central  ,Widget B
ORD-010390,CUS-1002,01/02/2024,880.18,23,West,Widget A
ORD-010391,nan,2024-01-01,1037.9,15,North,Widget A
ORD-010392,CUS-1002,2024-03-15,79.72,42,East,Widget A
ORD-010393,CUS-1002,2024-01-01,-164.03,42,North,Gadget C
ORD-010394,CUS-1002,2024-03-15,431.47,3,East,Widget A
ORD-010395,CUS-1002,2024-03-15,702.32,31,  Central  ,Widget A
ORD-010396,CUS-1001,01/02/2024,360.69,3,North,Gadget C
ORD-010397,CUS-1001,2024-01-01,1009.77,23,South,Widget A
ORD-010398,nan,2024-01-01,1206.44,47,East,Widget B
ORD-010399,CUS-1003,01/02/2024,1608.5,25,South,Widget B
ORD-010400,nan,01/02/2024,1032.6,7,North,Widget A
ORD-010401,CUS-1001,01/02/2024,740.85,13,South,Widget A
ORD-010402,CUS-1002,2024-01-01,1848.36,2,South,Gadget C
ORD-010403,CUS-1002,2024-03-15,877.11,39,South,Widget A
ORD-010404,CUS-1001,2024-03-15,569.04,44,  Central  ,Gadget C
ORD-010405,CUS-1001,01/02/2024,161.17,14,  Central  ,Widget B
ORD-010406,CUS-1003,2024-01-01,377.29,14,East,Widget A
ORD-010407,CUS-1002,2024-01-01,1385.32,29,North,Widget B
ORD-010408,CUS-1002,2024-01-01,404.96,39,North,Widget B
ORD-010409,CUS-1001,2024-03-15,736.18,46,East,Widget A
ORD-010410,CUS-1002,2024-03-15,64.69,48,East,Gadget C
ORD-010411,CUS-1001,not-a-date,762.39,28,North,nan
ORD-010412,CUS-1001,2024-01-01,1299.55,32,West,Widget B
ORD-010413,CUS-1002,2024-03-15,446.54,2,West,Widget A
ORD-010414,CUS-1001,not-a-date,17.66,4,North,Widget A
ORD-010415,nan,2024-01-01,1668.45,48,  Central  ,Gadget C
ORD-010416,CUS-1002,2024-01-01,1444.85,12,West,Widget A
ORD-010417,CUS-1001,2024-01-01,1985.48,28,  Central  ,Widget A
ORD-010418,CUS-1001,01/02/2024,279.69,14,West,Widget A
ORD-010419,CUS-1002,2024-01-01,1358.21,9,North,Gadget C
ORD-010420,CUS-1001,2024-01-01,522.14,40,East,Widget A
ORD-010421,CUS-1001,01/02/2024,1009.54,25,North,Widget B
ORD-010422,CUS-1002,2024-03-15,1495.95,6,South,Widget B
ORD-010423,CUS-1001,not-a-date,344.97,19,South,nan
ORD-010424,CUS-1002,2024-03-15,936.29,22,East,Widget B
ORD-010425,CUS-1002,not-a-date,545.52,21,West,nan
ORD-010426,CUS-1001,01/02/2024,318.32,38,North,Widget A
ORD-010427,CUS-1003,2024-03-15,1448.41,24,South,Gadget C
ORD-010428,CUS-1002,2024-01-01,524.25,30,West,Widget A
ORD-010429,CUS-1002,not-a-date,1063.65,41,South,Widget A
ORD-010430,CUS-1001,not-a-date,1388.29,46,South,nan
ORD-010431,CUS-1002,01/02/2024,891.66,12,East,Widget B
ORD-010432,CUS-1001,2024-01-01,275.4,31,North,Widget A
ORD-010433,CUS-1002,2024-01-01,34.29,33,South,Widget B
ORD-010434,CUS-1001,2024-01-01,770.39,34,East,Gadget C
ORD-010435,nan,2024-01-01,1981.12,36,North,Widget B
ORD-010436,CUS-1001,2024-01-01,1945.81,6,South,Gadget C
ORD-010437,nan,2024-01-01,902.14,49,North,Widget B
ORD-010438,nan,2024-01-01,837.75,36,West,Gadget C
ORD-010439,CUS-1002,not-a-date,1295.88,16,North,Gadget C
ORD-010440,CUS-1001,01/02/2024,1666.83,20,West,Widget B
ORD-010441,CUS-1001,2024-03-15,1160.68,10,  Central  ,Widget B
ORD-010442,nan,2024-01-01,1450.98,31,East,Widget A
ORD-010443,CUS-1002,2024-01-01,57.73,46,West,Gadget C
ORD-010444,CUS-1002,2024-01-01,1758.24,21,East,nan
ORD-010445,CUS-1001,not-a-date,1082.38,47,North,Widget B
ORD-010446,CUS-1003,2024-01-01,989.91,36,North,Widget A
ORD-010447,CUS-1001,01/02/2024,439.99,39,  Central  ,Widget B
ORD-010448,CUS-1001,2024-01-01,-114.74,4,West,Widget A
ORD-010449,CUS-1001,2024-01-01,742.58,19,  Central  ,Widget A
ORD-010450,CUS-1002,2024-01-01,1840.91,25,South,Gadget C
ORD-010451,nan,2024-01-01,1122.78,48,North,Widget A
ORD-010452,CUS-1003,2024-01-01,829.82,40,South,Widget B
ORD-010453,CUS-1001,not-a-date,286.97,29,West,Widget A
ORD-010454,CUS-1001,2024-01-01,133.16,42,North,Widget A
ORD-010455,CUS-1003,2024-01-01,1216.56,11,East,Widget A
ORD-010456,CUS-1002,2024-01-01,1916.8,8,West,Gadget C
ORD-010457,CUS-1001,2024-06-30,901.36,41,West,Widget A
ORD-010458,CUS-1001,01/02/2024,481.62,39,South,Widget A
ORD-010459,CUS-1002,01/02/2024,759.76,24,South,Widget B
ORD-010460,nan,01/02/2024,1025.33,16,East,nan
ORD-010461,CUS-1002,not-a-date,1509.77,3,South,Widget B
ORD-010462,CUS-1001,2024-01-01,912.46,7,South,Widget B
ORD-010463,CUS-1002,2024-03-15,1853.92,39,North,Widget A
ORD-010464,CUS-1001,2024-03-15,1285.14,31,South,Widget B
ORD-010465,CUS-1003,2024-01-01,249.97,41,North,Widget A
ORD-010466,CUS-1001,2024-01-01,237.42,3,North,Widget A
ORD-010467,CUS-1001,01/02/2024,-477.58,42,West,Widget B
ORD-010468,CUS-1002,2024-01-01,1607.58,28,East,Gadget C
ORD-010469,CUS-1001,2024-01-01,1071.27,8,  Central  ,Gadget C
ORD-010470,CUS-1001,2024-01-01,1609.77,47,West,Widget A
ORD-010471,CUS-1002,2024-01-01,169.88,17,West,Gadget C
ORD-010472,CUS-1003,2024-03-15,664.52,18,South,Widget A
ORD-010473,CUS-1003,2024-01-01,105.67,39,East,Widget A
ORD-010474,CUS-1001,01/02/2024,718.61,24,North,Widget B
ORD-010475,CUS-1001,2024-01-01,1141.87,38,East,Widget B
ORD-010476,CUS-1002,2024-01-01,1851.89,29,East,Widget A
ORD-010477,CUS-1002,2024-01-01,925.7,44,South,Widget B
ORD-010478,CUS-1001,not-a-date,757.17,13,East,Widget A
ORD-010479,nan,2024-01-01,1362.25,27,West,Gadget C
ORD-010480,nan,01/02/2024,1439.13,10,South,Widget B
ORD-010481,CUS-1001,2024-03-15,350.54,16,South,Gadget C
ORD-010482,CUS-1003,01/02/2024,1404.15,49,South,Widget B
ORD-010483,CUS-1002,2024-01-01,1083.92,21,West,Gadget C
ORD-010484,CUS-1001,2024-01-01,1023.25,35,  Central  ,nan
ORD-010485,CUS-1002,01/02/2024,1962.88,15,West,Widget B
ORD-010486,CUS-1001,2024-03-15,1544.63,2,East,Widget A
ORD-010487,CUS-1001,2024-03-15,1631.57,32,West,Widget A
ORD-010488,nan,01/02/2024,1644.43,11,West,Widget A
ORD-010489,CUS-1002,2024-01-01,1298.71,25,South,Widget A
ORD-010490,CUS-1001,2024-03-15,61.05,38,South,Gadget C
ORD-010491,CUS-1002,01/02/2024,743.26,28,West,Widget B
ORD-010492,nan,2024-06-30,1536.07,3,West,Widget B
ORD-010493,CUS-1002,2024-03-15,-140.25,33,South,Widget A
ORD-010494,nan,2024-01-01,1915.23,20,South,Gadget C
ORD-010495,CUS-1003,01/02/2024,24.12,12,  Central  ,Widget A
ORD-010496,CUS-1001,01/02/2024,1121.25,34,East,Widget B
ORD-010497,CUS-1002,2024-01-01,178.16,44,West,Gadget C
ORD-010498,CUS-1002,01/02/2024,1523.26,12,North,Widget A
ORD-010499,CUS-1003,2024-01-01,1237.5,3,East,Gadget C
ORD-010500,CUS-1001,2024-01-01,815.73,42,South,Widget B
ORD-010501,CUS-1001,2024-03-15,211.73,12,South,Widget B
ORD-010502,CUS-1001,2024-01-01,908.95,15,South,Widget A
ORD-010503,CUS-1002,2024-03-15,705.79,7,West,Widget B
ORD-010504,CUS-1003,2024-01-01,383.95,4,North,Gadget C
ORD-010505,CUS-1003,2024-03-15,375.55,21,East,Widget A
ORD-010506,CUS-1002,2024-03-15,1696.48,30,East,Widget A
ORD-010507,CUS-1001,2024-03-15,664.17,47,South,Widget A
ORD-010508,CUS-1001,2024-01-01,207.78,24,West,nan
ORD-010509,CUS-1003,2024-06-30,324.72,41,West,Widget B
ORD-010510,CUS-1002,2024-01-01,1325.51,46,East,Widget B
ORD-010511,CUS-1003,2024-03-15,745.58,25,South,Widget A
ORD-010512,CUS-1001,2024-01-01,122.13,28,  Central  ,Widget A
ORD-010513,CUS-1001,2024-01-01,119.19,20,  Central  ,Widget B
ORD-010514,nan,01/02/2024,128.33,38,West,Widget A
ORD-010515,CUS-1001,2024-01-01,-91.07,2,South,Widget B
ORD-010516,CUS-1001,2024-01-01,1701.5,47,  Central  ,Widget A
ORD-010517,CUS-1002,2024-01-01,1691.95,25,North,Widget B
ORD-010518,CUS-1002,2024-01-01,1095.79,7,West,Widget A
ORD-010519,nan,2024-06-30,790.53,13,South,nan
ORD-010520,nan,01/02/2024,641.41,27,South,nan
ORD-010521,CUS-1002,2024-01-01,1493.29,1,North,Widget A
ORD-010522,CUS-1001,2024-03-15,1617.7,39,South,Widget B
ORD-010523,CUS-1002,01/02/2024,1878.46,42,North,Widget A
ORD-010524,nan,2024-03-15,1969.8,29,South,Widget B
ORD-010525,CUS-1002,01/02/2024,1412.89,36,East,Widget B
ORD-010526,nan,2024-01-01,392.79,5,  Central  ,Gadget C
ORD-010527,CUS-1002,2024-01-01,1924.72,47,North,Widget B
ORD-010528,CUS-1001,2024-03-15,254.13,21,South,Widget A
ORD-010529,CUS-1002,2024-03-15,565.7,23,North,Widget B
ORD-010530,CUS-1002,2024-03-15,1666.32,14,East,Gadget C
ORD-010531,CUS-1001,2024-01-01,1035.33,25,South,Widget A
ORD-010532,CUS-1001,2024-03-15,496.15,2,North,Widget A
ORD-010533,CUS-1002,2024-01-01,1052.45,28,East,Widget A
ORD-010534,CUS-1001,01/02/2024,1543.21,14,North,Gadget C
ORD-010535,CUS-1001,2024-01-01,-294.73,44,East,nan
ORD-010536,CUS-1002,2024-03-15,-315.5,10,North,Widget A
ORD-010537,CUS-1003,2024-06-30,581.49,11,West,Widget A
ORD-010538,CUS-1002,2024-01-01,801.74,32,North,Gadget C
ORD-010539,nan,2024-03-15,431.89,4,East,Widget B
ORD-010540,nan,01/02/2024,1418.01,33,North,Widget A
ORD-010541,CUS-1002,2024-01-01,635.15,33,West,Widget B
ORD-010542,CUS-1001,2024-01-01,1018.47,26,North,Widget A
ORD-010543,CUS-1003,2024-03-15,1611.05,25,South,Widget B
ORD-010544,CUS-1001,2024-01-01,291.77,39,West,Widget A
ORD-010545,CUS-1003,2024-01-01,1326.61,30,East,Widget B
ORD-010546,CUS-1002,not-a-date,667.83,40,South,Widget B
ORD-010547,CUS-1001,01/02/2024,981.16,44,South,Widget A
ORD-010548,CUS-1002,2024-03-15,1434.96,14,South,Widget B
ORD-010549,CUS-1002,01/02/2024,-290.64,45,North,nan
ORD-010550,nan,01/02/2024,1722.63,28,East,Widget B
ORD-010551,CUS-1001,2024-03-15,-227.97,19,  Central  ,Widget A
ORD-010552,nan,2024-01-01,108.74,41,East,Widget A
ORD-010553,CUS-1001,2024-01-01,-283.44,34,South,Widget A
ORD-010554,CUS-1003,01/02/2024,1604.6,35,South,Widget B
ORD-010555,nan,2024-06-30,1624.86,25,West,Widget A
ORD-010556,CUS-1001,2024-01-01,845.25,3,North,Widget A
ORD-010557,CUS-1001,2024-06-30,577.97,28,South,nan
ORD-010558,CUS-1003,2024-03-15,1102.04,38,North,Gadget C
ORD-010559,CUS-1003,2024-01-01,1495.66,40,East,Widget A
ORD-010560,CUS-1001,2024-01-01,1386.23,4,  Central  ,Widget B
ORD-010561,CUS-1002,2024-01-01,508.75,14,North,Widget B
ORD-010562,CUS-1003,01/02/2024,10.55,36,South,Widget B
ORD-010563,CUS-1001,2024-01-01,1773.62,5,South,nan
ORD-010564,CUS-1002,2024-01-01,896.28,43,South,Gadget C
ORD-010565,CUS-1002,2024-01-01,1666.62,34,South,Widget B
ORD-010566,CUS-1001,2024-06-30,1743.99,39,West,Widget A
ORD-010567,CUS-1003,2024-01-01,1878.21,15,East,Widget A
ORD-010568,CUS-1001,2024-01-01,-391.26,30,East,Widget B
ORD-010569,nan,2024-01-01,1322.88,15,North,Widget A
ORD-010570,CUS-1002,2024-01-01,1196.66,6,North,nan
ORD-010571,CUS-1002,2024-01-01,336.63,7,West,Widget B
ORD-010572,CUS-1002,2024-03-15,879.54,9,West,Widget A
ORD-010573,CUS-1001,01/02/2024,866.88,47,North,Widget A
ORD-010574,CUS-1003,2024-01-01,389.79,5,West,Widget A
ORD-010575,CUS-1002,2024-03-15,756.11,41,  Central  ,Widget B
ORD-010576,CUS-1003,2024-01-01,878.18,26,West,Widget A
ORD-010577,CUS-1002,2024-03-15,1601.52,36,South,Widget B
ORD-010578,CUS-1001,2024-01-01,1717.92,33,North,Widget A
ORD-010579,CUS-1001,not-a-date,1437.05,27,West,Widget B
ORD-010580,CUS-1003,2024-06-30,1612.18,46,South,Widget A
ORD-010581,CUS-1001,2024-03-15,205.96,2,North,Widget A
ORD-010582,CUS-1002,2024-01-01,1118.46,26,East,Widget A
ORD-010583,CUS-1002,01/02/2024,525.04,48,  Central  ,Gadget C
ORD-010584,CUS-1002,2024-03-15,843.1,30,West,Widget B
ORD-010585,CUS-1002,01/02/2024,1409.07,10,West,Widget A
ORD-010586,CUS-1002,2024-01-01,1894.37,12,South,Widget B
ORD-010587,nan,2024-01-01,720.1,36,West,Widget A
ORD-010588,CUS-1001,2024-01-01,1159.19,31,West,Widget A
ORD-010589,CUS-1002,2024-01-01,223.12,27,West,Widget B
ORD-010590,CUS-1001,2024-01-01,1368.26,2,East,Widget B
ORD-010591,CUS-1003,01/02/2024,483.74,14,East,Widget A
ORD-010592,CUS-1002,2024-01-01,943.37,22,West,Widget B
ORD-010593,CUS-1002,2024-01-01,658.36,23,East,Widget B
ORD-010594,CUS-1003,2024-01-01,110.8,30,North,Gadget C
ORD-010595,CUS-1002,2024-06-30,1484.09,29,South,Widget B
ORD-010596,CUS-1001,01/02/2024,1242.56,23,West,Widget B
ORD-010597,CUS-1002,01/02/2024,1637.05,35,North,Widget B
ORD-010598,CUS-1001,2024-03-15,1893.17,33,South,Widget A
ORD-010599,nan,01/02/2024,827.61,37,West,Gadget C
ORD-010600,CUS-1002,2024-01-01,1515.01,16,East,Widget A
ORD-010601,CUS-1003,01/02/2024,626.61,2,South,Widget A
ORD-010602,CUS-1003,2024-01-01,871.38,49,West,nan
ORD-010603,CUS-1003,01/02/2024,1673.46,43,East,Widget B
ORD-010604,CUS-1002,2024-01-01,1798.03,13,East,Widget A
ORD-010605,CUS-1001,2024-06-30,758.14,36,North,Widget B
ORD-010606,CUS-1001,01/02/2024,1607.53,16,  Central  ,Widget A
ORD-010607,nan,2024-01-01,1534.12,39,North,Widget A
ORD-010608,nan,01/02/2024,381.11,9,East,Gadget C
ORD-010609,CUS-1003,2024-01-01,1254.96,18,East,Widget B
ORD-010610,CUS-1001,2024-01-01,997.27,27,North,Widget B
ORD-010611,CUS-1001,not-a-date,135.03,35,North,Widget A
ORD-010612,CUS-1003,2024-03-15,1098.87,15,South,Gadget C
ORD-010613,CUS-1001,2024-03-15,1959.26,31,North,Widget A
ORD-010614,CUS-1002,2024-01-01,1562.0,21,  Central  ,Widget B
ORD-010615,CUS-1001,2024-01-01,-214.53,17,West,Widget A
ORD-010616,CUS-1001,2024-01-01,449.93,41,  Central  ,Widget B
ORD-010617,CUS-1002,01/02/2024,644.85,9,  Central  ,Widget B
ORD-010618,nan,01/02/2024,45.8,36,North,nan
ORD-010619,CUS-1003,2024-01-01,156.51,29,West,nan
ORD-010620,CUS-1002,2024-01-01,1441.31,34,South,Widget A
ORD-010621,CUS-1002,2024-01-01,1097.83,38,North,Gadget C
ORD-010622,nan,2024-01-01,1395.15,40,East,Widget A
ORD-010623,CUS-1002,2024-01-01,1433.67,17,North,Widget B
ORD-010624,CUS-1002,2024-01-01,156.6,20,  Central  ,Widget B
ORD-010625,CUS-1002,2024-01-01,1892.29,43,West,Widget B
ORD-010626,CUS-1001,2024-01-01,1939.02,26,West,Widget B
ORD-010627,CUS-1001,2024-01-01,77.94,43,North,Widget A
ORD-010628,CUS-1003,01/02/2024,144.91,49,North,Widget B
ORD-010629,CUS-1002,2024-03-15,1641.18,38,South,Widget B
ORD-010630,CUS-1001,2024-01-01,1219.93,41,West,Widget A
ORD-010631,CUS-1001,2024-01-01,1983.51,7,East,Widget B
ORD-010632,nan,01/02/2024,501.35,37,East,Widget B
ORD-010633,CUS-1002,2024-01-01,-213.17,26,North,Widget A
ORD-010634,CUS-1002,2024-01-01,1054.1,26,South,Widget B
ORD-010635,CUS-1001,2024-01-01,1114.81,49,South,nan
ORD-010636,nan,2024-01-01,425.69,13,  Central  ,Widget B
ORD-010637,nan,2024-03-15,1217.42,13,West,Widget A
ORD-010638,CUS-1002,2024-03-15,827.24,10,North,Widget A
ORD-010639,CUS-1001,2024-01-01,449.04,2,South,Widget A
ORD-010640,CUS-1002,2024-01-01,1675.75,9,West,Widget A
ORD-010641,CUS-1003,2024-06-30,436.26,26,West,Widget A
ORD-010642,CUS-1003,01/02/2024,607.62,18,South,Widget A
ORD-010643,nan,2024-06-30,182.84,14,West,Widget B
ORD-010644,CUS-1002,2024-03-15,1355.69,49,South,Gadget C
ORD-010645,CUS-1001,2024-01-01,574.91,37,North,Widget B
ORD-010646,CUS-1002,2024-01-01,1916.19,10,West,Widget B
ORD-010647,CUS-1003,2024-01-01,1485.63,47,  Central  ,Widget B
ORD-010648,CUS-1001,2024-03-15,1803.34,32,South,nan
ORD-010649,CUS-1001,2024-01-01,400.87,22,East,Widget A
ORD-010650,CUS-1002,01/02/2024,1283.16,18,South,nan
ORD-010651,CUS-1002,01/02/2024,1760.88,40,South,Gadget C
ORD-010652,CUS-1003,2024-03-15,1923.42,22,  Central  ,Widget A
ORD-010653,CUS-1001,2024-03-15,1303.93,36,  Central  ,Gadget C
ORD-010654,CUS-1001,2024-01-01,1895.73,24,North,nan
ORD-010655,CUS-1001,2024-01-01,303.78,33,West,Gadget C
ORD-010656,CUS-1002,01/02/2024,90.72,38,North,Widget B
ORD-010657,CUS-1003,2024-03-15,935.52,2,East,Gadget C
ORD-010658,CUS-1002,2024-03-15,641.45,7,West,Widget B
ORD-010659,CUS-1002,01/02/2024,1852.74,36,North,Widget A
ORD-010660,CUS-1001,2024-03-15,42.01,15,South,Widget A
ORD-010661,CUS-1002,2024-01-01,640.93,39,  Central  ,Widget A
ORD-010662,nan,2024-01-01,706.0,19,South,Widget B
ORD-010663,CUS-1003,not-a-date,1428.83,4,North,Gadget C
ORD-010664,CUS-1001,01/02/2024,13.7,22,South,Widget A
ORD-010665,CUS-1002,2024-03-15,1701.31,45,South,Widget A
ORD-010666,CUS-1001,2024-01-01,1869.55,49,West,Widget B
ORD-010667,CUS-1001,01/02/2024,973.39,23,South,Widget A
ORD-010668,CUS-1001,2024-01-01,225.27,33,North,Widget B
ORD-010669,CUS-1001,2024-01-01,110.91,38,West,Widget A
ORD-010670,CUS-1001,2024-01-01,524.29,21,South,Widget A
ORD-010671,CUS-1003,2024-03-15,277.81,35,North,Widget A
ORD-010672,CUS-1001,2024-01-01,1010.86,43,West,Widget B
ORD-010673,CUS-1003,2024-01-01,826.25,40,  Central  ,Widget A
ORD-010674,nan,2024-01-01,-210.97,28,  Central  ,Widget A
ORD-010675,CUS-1002,2024-01-01,1668.02,2,East,Widget A
ORD-010676,CUS-1002,01/02/2024,1204.59,35,South,Gadget C
ORD-010677,CUS-1003,01/02/2024,1256.33,32,West,Widget B
ORD-010678,CUS-1001,01/02/2024,-59.9,24,North,Widget A
ORD-010679,CUS-1002,2024-01-01,1730.97,16,West,Widget B
ORD-010680,CUS-1002,2024-01-01,1353.11,23,West,Gadget C
ORD-010681,CUS-1003,2024-01-01,274.63,19,  Central  ,Gadget C
ORD-010682,CUS-1003,01/02/2024,772.37,7,East,nan
ORD-010683,CUS-1003,not-a-date,1048.0,7,  Central  ,Widget B
ORD-010684,CUS-1002,2024-01-01,378.59,17,North,Widget A
ORD-010685,CUS-1002,2024-06-30,1881.08,28,North,Widget B
ORD-010686,CUS-1003,2024-01-01,512.12,1,West,Widget A
ORD-010687,CUS-1003,2024-03-15,1546.42,36,  Central  ,Widget B
ORD-010688,CUS-1002,2024-03-15,1903.69,2,North,Widget A
ORD-010689,nan,01/02/2024,556.87,12,South,Widget B
ORD-010690,CUS-1003,01/02/2024,916.76,45,  Central  ,Widget B
ORD-010691,CUS-1002,2024-01-01,505.1,8,West,Widget A
ORD-010692,CUS-1001,2024-03-15,1646.76,12,South,Gadget C
ORD-010693,CUS-1001,2024-01-01,1592.53,47,West,Gadget C
ORD-010694,CUS-1003,01/02/2024,1787.72,4,South,Widget B
ORD-010695,CUS-1001,2024-01-01,-212.95,12,South,Gadget C
ORD-010696,CUS-1002,2024-01-01,1482.7,28,East,Gadget C
ORD-010697,CUS-1002,2024-06-30,1163.5,17,South,Widget A
ORD-010698,CUS-1003,2024-01-01,-30.01,29,East,Widget B
ORD-010699,CUS-1003,2024-01-01,1780.06,44,South,nan
ORD-010700,CUS-1003,2024-01-01,1736.03,23,East,Widget A
ORD-010701,CUS-1001,01/02/2024,1402.47,21,West,Widget B
ORD-010702,CUS-1001,2024-03-15,-273.45,16,West,Widget A
ORD-010703,CUS-1002,2024-06-30,526.65,17,North,Widget A
ORD-010704,CUS-1001,01/02/2024,320.6,29,West,Widget A
ORD-010705,CUS-1002,2024-01-01,519.92,4,West,Widget A
ORD-010706,nan,2024-01-01,1548.6,8,West,Gadget C
ORD-010707,CUS-1002,2024-01-01,673.87,39,North,Widget A
ORD-010708,CUS-1002,01/02/2024,572.41,22,West,Widget A
ORD-010709,CUS-1002,2024-06-30,505.3,37,West,nan
ORD-010710,CUS-1003,2024-01-01,110.44,42,North,Widget A
ORD-010711,CUS-1002,2024-01-01,687.03,14,  Central  ,Gadget C
ORD-010712,CUS-1002,01/02/2024,197.97,19,South,nan
ORD-010713,CUS-1001,01/02/2024,1128.22,30,  Central  ,Gadget C
ORD-010714,CUS-1002,01/02/2024,378.01,35,South,Gadget C
ORD-010715,CUS-1001,2024-01-01,550.69,3,North,nan
ORD-010716,CUS-1002,2024-01-01,961.93,28,West,Widget A
ORD-010717,CUS-1003,2024-01-01,768.38,12,East,nan
ORD-010718,CUS-1001,2024-01-01,649.8,23,West,Widget B
ORD-010719,CUS-1002,2024-03-15,1913.62,40,South,Widget A
ORD-010720,CUS-1001,2024-01-01,126.11,8,North,Gadget C
ORD-010721,CUS-1001,2024-01-01,-99.42,47,North,Widget A
ORD-010722,CUS-1001,2024-06-30,1857.79,17,South,Widget A
ORD-010723,CUS-1001,01/02/2024,1936.13,38,North,Widget A
ORD-010724,nan,2024-01-01,-76.06,9,East,Widget A
ORD-010725,nan,2024-06-30,1621.6,36,East,Widget A
ORD-010726,CUS-1002,2024-01-01,481.08,42,North,Widget A
ORD-010727,CUS-1002,2024-03-15,368.5,33,West,Gadget C
ORD-010728,CUS-1003,2024-01-01,1209.42,46,East,Gadget C
ORD-010729,nan,not-a-date,1075.65,4,East,Widget A
ORD-010730,CUS-1002,2024-01-01,1444.55,45,West,Widget B
ORD-010731,CUS-1001,2024-01-01,243.78,28,East,Gadget C
ORD-010732,CUS-1002,2024-06-30,579.3,13,North,Widget A
ORD-010733,nan,01/02/2024,1347.75,34,East,Widget A
ORD-010734,CUS-1001,2024-01-01,1227.65,24,South,Widget A
ORD-010735,CUS-1002,2024-01-01,703.75,38,West,Widget A
ORD-010736,CUS-1001,2024-01-01,304.7,36,East,Widget A
ORD-010737,CUS-1001,2024-01-01,1717.16,35,East,Gadget C
ORD-010738,CUS-1002,01/02/2024,1663.95,42,East,Widget A
ORD-010739,CUS-1001,2024-01-01,300.95,17,South,Widget A
ORD-010740,nan,2024-06-30,1501.1,12,East,Widget A
ORD-010741,CUS-1003,2024-03-15,292.42,29,West,Widget A
ORD-010742,CUS-1001,2024-06-30,908.36,12,South,Widget A
ORD-010743,CUS-1003,01/02/2024,937.57,40,South,Widget A
ORD-010744,CUS-1003,2024-01-01,809.61,45,  Central  ,Widget B
ORD-010745,CUS-1002,01/02/2024,690.91,25,West,Widget A
ORD-010746,CUS-1002,2024-01-01,940.44,39,North,Widget A
ORD-010747,CUS-1003,2024-01-01,1426.36,21,South,nan
ORD-010748,CUS-1002,2024-03-15,668.79,44,West,nan
ORD-010749,CUS-1001,01/02/2024,1164.47,5,West,Widget B
ORD-010750,CUS-1001,2024-01-01,723.67,49,North,Widget A
ORD-010751,CUS-1001,2024-01-01,1942.46,27,South,Gadget C
ORD-010752,CUS-1002,2024-01-01,1370.63,47,North,Widget A
ORD-010753,CUS-1001,01/02/2024,1706.02,35,East,Widget B
ORD-010754,CUS-1002,2024-01-01,869.87,36,North,Widget B
ORD-010755,CUS-1002,not-a-date,520.13,18,South,Widget B
ORD-010756,CUS-1003,01/02/2024,167.18,33,North,Widget B
ORD-010757,CUS-1002,2024-01-01,1635.94,37,  Central  ,Widget B
ORD-010758,nan,2024-03-15,-177.6,37,North,nan
ORD-010759,nan,2024-06-30,1644.24,49,East,Widget B
ORD-010760,CUS-1001,2024-03-15,1361.5,3,North,Widget B
ORD-010761,CUS-1002,2024-01-01,85.19,11,North,Widget A
ORD-010762,CUS-1001,2024-01-01,855.46,22,North,Widget B
ORD-010763,CUS-1003,01/02/2024,669.74,31,North,Widget A
ORD-010764,CUS-1002,2024-03-15,872.72,29,East,Widget A
ORD-010765,CUS-1001,2024-06-30,1339.35,17,East,Widget A
ORD-010766,CUS-1001,2024-01-01,1136.81,7,South,Widget B
ORD-010767,CUS-1002,01/02/2024,1274.9,12,  Central  ,Widget A
ORD-010768,CUS-1003,2024-01-01,428.86,39,South,Widget A
ORD-010769,CUS-1003,2024-01-01,997.45,28,West,Widget A
ORD-010770,CUS-1001,2024-01-01,477.98,1,East,Widget A
ORD-010771,CUS-1001,2024-01-01,1027.14,19,North,Widget A
ORD-010772,CUS-1002,01/02/2024,597.1,20,North,Gadget C
ORD-010773,CUS-1002,2024-01-01,442.11,31,North,Gadget C
ORD-010774,CUS-1001,01/02/2024,1881.22,40,East,Widget A
ORD-010775,CUS-1001,01/02/2024,-116.5,33,West,Widget B
ORD-010776,nan,2024-01-01,1255.61,49,North,Widget B
ORD-010777,CUS-1002,01/02/2024,1256.56,21,  Central  ,Widget A
ORD-010778,CUS-1002,2024-01-01,1157.61,41,  Central  ,Widget B
ORD-010779,CUS-1002,2024-01-01,1440.35,1,North,Widget B
ORD-010780,CUS-1002,2024-06-30,1220.63,15,South,Gadget C
ORD-010781,CUS-1002,2024-01-01,1700.75,45,  Central  ,Widget A
ORD-010782,CUS-1001,2024-01-01,60.7,3,  Central  ,Widget A
ORD-010783,CUS-1001,01/02/2024,156.8,48,South,Gadget C
ORD-010784,nan,2024-01-01,1112.7,26,West,Gadget C
ORD-010785,CUS-1003,2024-01-01,805.32,14,  Central  ,Widget A
ORD-010786,CUS-1002,2024-03-15,431.97,2,West,Widget A
ORD-010787,CUS-1001,01/02/2024,712.01,43,East,Widget B
ORD-010788,CUS-1001,01/02/2024,1302.39,9,South,Widget A
ORD-010789,CUS-1001,not-a-date,1707.76,45,East,Gadget C
ORD-010790,nan,2024-01-01,371.27,49,West,Widget A
ORD-010791,CUS-1003,2024-01-01,591.71,11,South,Widget B
ORD-010792,CUS-1002,2024-01-01,288.67,35,West,Widget A
ORD-010793,nan,2024-01-01,1993.27,24,East,Widget B
ORD-010794,CUS-1001,2024-06-30,49.62,29,East,Widget B
ORD-010795,CUS-1002,2024-03-15,323.88,4,West,Gadget C
ORD-010796,CUS-1001,2024-01-01,775.73,22,  Central  ,Widget A
ORD-010797,CUS-1001,2024-01-01,-296.66,22,South,Widget A
ORD-010798,nan,2024-01-01,1363.58,28,West,nan
ORD-010799,CUS-1003,01/02/2024,55.5,16,East,Widget B
ORD-010800,CUS-1001,2024-01-01,1034.52,22,South,Gadget C
ORD-010801,CUS-1001,2024-06-30,401.34,8,East,Gadget C
ORD-010802,CUS-1002,2024-01-01,1267.6,17,East,Widget B
ORD-010803,CUS-1001,2024-01-01,243.35,28,West,Widget A
ORD-010804,CUS-1002,2024-06-30,402.97,31,South,Widget A
ORD-010805,CUS-1002,not-a-date,-221.45,7,West,Widget B
ORD-010806,CUS-1001,2024-01-01,-158.26,31,North,Widget B
ORD-010807,CUS-1001,2024-01-01,729.07,18,South,Widget A
ORD-010808,CUS-1001,not-a-date,1179.29,12,East,Widget B
ORD-010809,nan,01/02/2024,1354.02,43,East,Widget A
ORD-010810,CUS-1001,01/02/2024,1524.12,39,North,Widget A
ORD-010811,CUS-1002,01/02/2024,1076.1,34,South,Widget A
ORD-010812,CUS-1001,2024-06-30,1161.47,21,South,Widget A
ORD-010813,CUS-1002,01/02/2024,1569.34,40,  Central  ,Widget A
ORD-010814,CUS-1001,2024-01-01,-10.78,21,  Central  ,Widget B
ORD-010815,CUS-1001,2024-01-01,1080.33,12,South,Gadget C
ORD-010816,CUS-1002,2024-03-15,573.19,24,West,nan
ORD-010817,CUS-1002,2024-01-01,1678.03,28,East,Widget A
ORD-010818,CUS-1001,2024-01-01,889.24,31,South,Gadget C
ORD-010819,CUS-1001,01/02/2024,1109.9,15,West,Widget A
ORD-010820,nan,2024-01-01,1268.53,27,  Central  ,Widget B
ORD-010821,CUS-1001,2024-06-30,1085.93,23,South,Widget B
ORD-010822,CUS-1001,2024-01-01,890.36,12,North,Widget A
ORD-010823,CUS-1002,2024-03-15,976.22,30,  Central  ,Widget A
ORD-010824,CUS-1001,01/02/2024,208.89,16,West,Widget A
ORD-010825,CUS-1002,2024-01-01,1646.34,19,North,Widget A
ORD-010826,CUS-1002,2024-01-01,170.94,48,North,Gadget C
ORD-010827,CUS-1002,2024-01-01,1974.21,26,East,nan
ORD-010828,CUS-1002,2024-03-15,1939.93,27,East,Widget A
ORD-010829,CUS-1002,2024-03-15,1765.85,29,North,Gadget C
ORD-010830,CUS-1003,2024-01-01,162.5,7,East,Gadget C
ORD-010831,CUS-1001,2024-01-01,61.59,7,North,Widget A
ORD-010832,CUS-1001,2024-06-30,1238.51,21,South,Widget B
ORD-010833,CUS-1002,2024-01-01,339.18,2,South,Widget A
ORD-010834,CUS-1001,2024-06-30,1881.79,15,West,Widget A
ORD-010835,CUS-1001,2024-01-01,1317.84,5,South,Widget B
ORD-010836,CUS-1001,2024-01-01,1719.55,31,South,Widget A
ORD-010837,CUS-1002,01/02/2024,1988.36,44,West,Gadget C
ORD-010838,CUS-1001,2024-01-01,1877.23,2,North,nan
ORD-010839,CUS-1002,not-a-date,219.3,49,West,Widget A
ORD-010840,CUS-1003,01/02/2024,1965.24,24,North,Widget A
ORD-010841,CUS-1002,01/02/2024,149.83,8,North,Widget A
ORD-010842,CUS-1001,01/02/2024,1559.07,16,South,Widget B
ORD-010843,CUS-1003,01/02/2024,1501.18,18,  Central  ,Widget A
ORD-010844,CUS-1001,2024-03-15,433.78,18,North,Widget B
ORD-010845,nan,01/02/2024,770.72,17,South,Widget B
ORD-010846,CUS-1002,2024-03-15,1264.95,48,East,Widget A
ORD-010847,CUS-1001,01/02/2024,1000.28,30,West,Widget B
ORD-010848,CUS-1003,2024-01-01,1410.7,9,South,Widget A
ORD-010849,CUS-1002,2024-01-01,270.8,16,South,Widget B
ORD-010850,CUS-1002,2024-01-01,820.13,18,South,Gadget C
ORD-010851,CUS-1002,2024-01-01,1437.42,47,South,Widget A
ORD-010852,CUS-1002,2024-01-01,25.99,43,North,Widget B
ORD-010853,CUS-1002,2024-01-01,1304.12,9,North,Gadget C
ORD-010854,nan,2024-01-01,1086.32,35,West,Widget A
ORD-010855,CUS-1001,2024-03-15,-421.75,24,South,Widget B
ORD-010856,CUS-1002,2024-03-15,1924.69,11,West,Widget A
ORD-010857,CUS-1002,2024-01-01,1381.2,11,East,Widget A
ORD-010858,CUS-1002,2024-06-30,-452.05,33,North,Widget B
ORD-010859,CUS-1002,2024-06-30,1065.88,20,East,Gadget C
ORD-010860,CUS-1001,not-a-date,894.75,1,East,Gadget C
ORD-010861,CUS-1003,2024-01-01,-154.84,10,North,Gadget C
ORD-010862,CUS-1001,2024-01-01,675.27,1,  Central  ,Gadget C
ORD-010863,CUS-1001,2024-01-01,491.91,5,West,Widget A
ORD-010864,CUS-1002,2024-03-15,888.56,9,West,Widget B
ORD-010865,CUS-1001,01/02/2024,671.86,45,East,Widget B
ORD-010866,CUS-1001,01/02/2024,1630.33,17,West,Widget A
ORD-010867,CUS-1001,2024-03-15,557.64,29,North,Widget A
ORD-010868,CUS-1002,2024-06-30,810.07,45,West,Widget A
ORD-010869,nan,01/02/2024,547.55,33,  Central  ,Widget B
ORD-010870,CUS-1002,2024-06-30,1081.15,47,North,Widget B
ORD-010871,CUS-1001,2024-03-15,619.17,20,East,Gadget C
ORD-010872,CUS-1003,2024-01-01,1257.1,2,North,Widget A
ORD-010873,CUS-1001,2024-03-15,1614.51,8,East,Widget B
ORD-010874,nan,2024-01-01,1501.91,46,West,Widget A
ORD-010875,CUS-1002,2024-01-01,610.16,48,North,Gadget C
ORD-010876,CUS-1001,2024-06-30,1135.31,30,South,Widget A
ORD-010877,CUS-1002,2024-01-01,771.51,17,North,Widget A
ORD-010878,CUS-1001,2024-01-01,1303.89,8,East,Widget A
ORD-010879,CUS-1003,2024-06-30,1744.36,37,North,Widget A
ORD-010880,CUS-1001,2024-01-01,1682.12,19,  Central  ,Widget A
ORD-010881,CUS-1003,2024-01-01,1775.58,45,South,Widget A
ORD-010882,CUS-1003,2024-01-01,811.32,34,North,Widget A
ORD-010883,CUS-1003,01/02/2024,1624.51,28,  Central  ,Widget B
ORD-010884,nan,2024-01-01,759.53,42,East,Widget A
ORD-010885,CUS-1001,2024-01-01,212.17,21,South,Widget B
ORD-010886,CUS-1002,2024-03-15,1181.62,32,West,Widget A
ORD-010887,CUS-1003,2024-01-01,1196.99,13,West,Widget A
ORD-010888,CUS-1001,01/02/2024,1524.21,49,West,Gadget C
ORD-010889,CUS-1001,2024-01-01,1682.53,3,South,nan
ORD-010890,CUS-1001,01/02/2024,-284.09,12,South,Widget A
ORD-010891,CUS-1001,01/02/2024,1407.25,4,East,Widget B
ORD-010892,CUS-1003,2024-01-01,1257.13,47,East,Widget A
ORD-010893,CUS-1002,2024-01-01,41.0,33,South,Widget A
ORD-010894,CUS-1002,2024-01-01,235.99,13,North,Widget A
ORD-010895,nan,2024-01-01,288.66,46,South,Widget B
ORD-010896,CUS-1001,2024-01-01,525.74,36,West,Widget A
ORD-010897,CUS-1003,2024-01-01,1787.55,38,South,Widget A
ORD-010898,CUS-1001,2024-01-01,1454.87,27,South,Widget A
ORD-010899,CUS-1001,2024-01-01,1270.16,16,South,Widget B
ORD-010900,CUS-1001,2024-01-01,257.59,46,East,Gadget C
ORD-010901,CUS-1001,2024-03-15,1313.66,6,  Central  ,Widget A
ORD-010902,CUS-1001,2024-01-01,1462.99,12,North,Widget B
ORD-010903,CUS-1002,01/02/2024,622.83,10,West,Widget A
ORD-010904,CUS-1001,01/02/2024,495.0,38,East,Widget A
ORD-010905,CUS-1001,2024-01-01,1376.16,43,  Central  ,Widget A
ORD-010906,CUS-1002,2024-01-01,249.59,42,North,Widget A
ORD-010907,CUS-1001,2024-01-01,1167.42,13,  Central  ,Gadget C
ORD-010908,CUS-1003,01/02/2024,1950.94,27,West,Widget B
ORD-010909,nan,2024-01-01,59.08,27,  Central  ,Widget B
ORD-010910,CUS-1002,2024-01-01,373.05,48,West,Widget A
ORD-010911,CUS-1002,2024-06-30,1065.02,49,South,Gadget C
ORD-010912,CUS-1002,2024-03-15,151.21,16,South,Widget A
ORD-010913,CUS-1002,2024-01-01,1418.46,49,North,Widget A
ORD-010914,nan,2024-06-30,170.67,44,North,Gadget C
ORD-010915,nan,2024-01-01,391.3,11,  Central  ,Widget B
ORD-010916,CUS-1002,2024-01-01,1099.94,36,West,Widget B
ORD-010917,CUS-1002,2024-01-01,1632.61,47,North,nan
ORD-010918,CUS-1003,2024-06-30,740.22,13,South,Widget A
ORD-010919,CUS-1001,2024-01-01,122.2,16,South,Widget A
ORD-010920,CUS-1002,2024-03-15,702.21,44,South,Widget A
ORD-010921,CUS-1002,01/02/2024,156.62,41,West,Widget A
ORD-010922,CUS-1002,01/02/2024,384.82,40,  Central  ,Gadget C
ORD-010923,CUS-1001,2024-01-01,941.65,12,South,Widget A
ORD-010924,CUS-1001,2024-01-01,1762.9,13,West,Widget A
ORD-010925,CUS-1001,2024-03-15,1788.19,2,North,Gadget C
ORD-010926,CUS-1002,2024-01-01,1411.24,36,West,nan
ORD-010927,nan,01/02/2024,1686.24,40,North,Gadget C
ORD-010928,nan,2024-01-01,-180.91,40,South,Widget A
ORD-010929,CUS-1001,2024-03-15,1911.54,23,East,Widget A
ORD-010930,CUS-1001,01/02/2024,1670.9,5,North,Gadget C
ORD-010931,CUS-1003,01/02/2024,1317.58,49,North,Widget B
ORD-010932,CUS-1002,2024-01-01,475.58,43,South,Widget A
ORD-010933,CUS-1002,2024-01-01,1524.51,18,South,Gadget C
ORD-010934,CUS-1001,2024-01-01,1751.41,36,North,Widget B
ORD-010935,CUS-1001,2024-01-01,962.44,18,South,Widget B
ORD-010936,CUS-1003,01/02/2024,733.31,42,North,Widget A
ORD-010937,CUS-1002,2024-01-01,735.95,28,North,Widget A
ORD-010938,CUS-1001,2024-01-01,1506.86,49,South,Widget B
ORD-010939,nan,2024-01-01,1900.52,39,North,Widget A
ORD-010940,CUS-1002,2024-01-01,807.0,32,East,Widget A
ORD-010941,nan,01/02/2024,221.87,2,North,Widget A
ORD-010942,CUS-1002,01/02/2024,93.81,22,North,Gadget C
ORD-010943,CUS-1002,2024-01-01,1664.89,32,South,Gadget C
ORD-010944,nan,2024-01-01,628.39,25,North,Widget A
ORD-010945,nan,01/02/2024,1647.82,12,North,Widget A
ORD-010946,nan,01/02/2024,240.64,30,West,Widget B
ORD-010947,CUS-1003,2024-03-15,88.48,11,North,Widget B
ORD-010948,CUS-1002,2024-03-15,626.13,47,East,Widget A
ORD-010949,CUS-1001,2024-03-15,638.17,5,South,Widget A
ORD-010950,CUS-1001,2024-03-15,1995.06,14,South,nan
ORD-010951,nan,not-a-date,485.2,1,North,Widget A
ORD-010952,CUS-1001,01/02/2024,1485.3,11,North,Gadget C
ORD-010953,CUS-1003,01/02/2024,1842.7,15,East,Widget A
ORD-010954,nan,2024-03-15,1567.36,47,East,Widget A
ORD-010955,nan,2024-01-01,1948.76,32,South,Gadget C
ORD-010956,nan,2024-01-01,343.21,8,North,nan
ORD-010957,CUS-1002,2024-06-30,1370.16,21,South,Gadget C
ORD-010958,CUS-1002,01/02/2024,1048.84,8,North,Widget B
ORD-010959,nan,2024-01-01,1741.29,6,East,Widget B
ORD-010960,CUS-1001,2024-01-01,1488.48,29,West,Widget A
ORD-010961,CUS-1001,2024-01-01,1560.2,25,East,Widget A
ORD-010962,nan,2024-01-01,778.77,9,North,Gadget C
ORD-010963,CUS-1002,01/02/2024,1357.05,41,South,Widget B
ORD-010964,CUS-1002,01/02/2024,1763.73,48,South,Widget A
ORD-010965,CUS-1001,2024-01-01,402.42,41,  Central  ,Widget B
ORD-010966,CUS-1002,2024-01-01,72.53,44,North,Widget A
ORD-010967,nan,2024-01-01,629.88,29,North,Gadget C
ORD-010968,CUS-1002,2024-01-01,1727.62,12,East,Widget A
ORD-010969,CUS-1001,2024-01-01,934.97,28,East,Widget A
ORD-010970,CUS-1002,01/02/2024,521.36,10,  Central  ,Widget A
ORD-010971,nan,2024-01-01,1822.45,18,East,Gadget C
ORD-010972,nan,2024-06-30,94.0,20,North,Widget A
ORD-010973,CUS-1001,01/02/2024,1615.05,24,East,nan
ORD-010974,CUS-1002,2024-01-01,1600.17,40,North,Widget A
ORD-010975,CUS-1001,2024-01-01,1042.85,38,West,Widget A
ORD-010976,CUS-1002,2024-01-01,535.03,34,South,Gadget C
ORD-010977,CUS-1001,2024-01-01,874.77,22,West,Widget A
ORD-010978,CUS-1002,2024-06-30,714.76,2,North,Widget B
ORD-010979,CUS-1002,01/02/2024,291.95,42,East,Widget B
ORD-010980,CUS-1001,2024-03-15,1194.18,10,West,Widget B
ORD-010981,CUS-1001,01/02/2024,399.42,31,North,Widget B
ORD-010982,CUS-1001,2024-06-30,1992.27,8,South,Widget B
ORD-010983,CUS-1001,not-a-date,1153.09,20,East,Widget B
ORD-010984,CUS-1002,2024-01-01,242.75,9,East,Widget A
ORD-010985,CUS-1001,2024-01-01,1233.05,46,North,Widget B
ORD-010986,CUS-1001,2024-01-01,766.45,20,North,Widget A
ORD-010987,nan,2024-01-01,379.49,44,North,Widget A
ORD-010988,CUS-1001,01/02/2024,-58.86,22,North,Widget A
ORD-010989,nan,2024-01-01,519.26,20,East,Gadget C
ORD-010990,CUS-1002,2024-03-15,1169.57,19,North,Widget B
ORD-010991,CUS-1002,2024-01-01,558.63,37,South,Widget A
ORD-010992,CUS-1002,2024-03-15,105.41,38,North,Gadget C
ORD-010993,CUS-1001,2024-01-01,1637.72,46,West,Widget A
ORD-010994,CUS-1003,2024-01-01,578.01,3,South,Widget A
ORD-010995,CUS-1003,2024-03-15,616.27,29,West,Widget A
ORD-010996,CUS-1001,2024-01-01,872.29,12,West,Widget B
ORD-010997,CUS-1003,2024-03-15,1588.65,46,West,Widget A
ORD-010998,CUS-1002,not-a-date,1234.07,13,North,Widget B
ORD-010999,nan,2024-01-01,184.47,4,West,Gadget C
ORD-011000,CUS-1003,2024-01-01,924.71,18,West,Widget A
ORD-011001,CUS-1001,2024-01-01,1515.82,46,South,Gadget C
ORD-011002,CUS-1003,2024-01-01,91.07,30,West,Widget A
ORD-011003,nan,2024-06-30,90.42,34,East,Widget B
ORD-011004,CUS-1002,2024-03-15,1406.96,30,West,Gadget C
ORD-011005,CUS-1001,2024-01-01,1008.08,8,East,Widget B
ORD-011006,CUS-1003,01/02/2024,335.91,45,South,Gadget C
ORD-011007,CUS-1002,2024-06-30,1343.82,6,South,Widget B
ORD-011008,CUS-1001,2024-01-01,172.78,16,West,Widget A
ORD-011009,nan,2024-01-01,894.83,36,West,Gadget C
ORD-011010,CUS-1002,2024-03-15,1641.53,46,South,Widget A
ORD-011011,CUS-1003,2024-03-15,362.47,13,East,Gadget C
ORD-011012,CUS-1002,2024-01-01,1183.37,48,West,Widget A
ORD-011013,CUS-1001,2024-01-01,747.82,2,North,Widget B
ORD-011014,nan,2024-01-01,1787.75,25,East,Widget B
ORD-011015,CUS-1002,01/02/2024,1296.75,10,South,Widget B
ORD-011016,CUS-1002,01/02/2024,724.78,44,South,Widget B
ORD-011017,CUS-1001,2024-01-01,983.52,6,South,Widget A
ORD-011018,CUS-1001,2024-03-15,1056.82,29,South,Widget A
ORD-011019,CUS-1002,2024-01-01,1969.01,9,South,Widget B
ORD-011020,CUS-1002,2024-03-15,1493.19,6,South,Widget A
ORD-011021,nan,01/02/2024,1430.77,26,West,Widget A
ORD-011022,nan,2024-01-01,1967.53,14,West,Widget A
ORD-011023,CUS-1003,2024-01-01,314.86,27,West,Widget B
ORD-011024,CUS-1001,2024-01-01,939.65,15,East,Widget A
ORD-011025,CUS-1002,2024-03-15,1923.88,22,East,Widget A
ORD-011026,CUS-1001,01/02/2024,1706.2,11,West,Widget B
ORD-011027,CUS-1003,2024-01-01,417.76,37,East,Widget A
ORD-011028,CUS-1002,2024-06-30,848.7,45,North,Widget B
ORD-011029,nan,2024-03-15,383.95,1,South,Widget A
ORD-011030,CUS-1001,2024-01-01,1404.39,21,South,Widget A
ORD-011031,CUS-1001,2024-01-01,1238.47,44,  Central  ,Widget A
ORD-011032,nan,01/02/2024,1166.65,47,West,Gadget C
ORD-011033,CUS-1002,2024-01-01,1807.09,49,South,Widget A
ORD-011034,CUS-1003,2024-06-30,209.77,4,South,Widget A
ORD-011035,nan,01/02/2024,1881.59,47,  Central  ,Gadget C
ORD-011036,CUS-1002,2024-01-01,974.23,4,West,Gadget C
ORD-011037,CUS-1002,2024-01-01,63.78,13,North,Widget A
ORD-011038,CUS-1002,2024-01-01,1830.43,24,South,Gadget C
ORD-011039,CUS-1003,2024-01-01,1863.09,44,North,Widget B
ORD-011040,nan,2024-01-01,1888.03,22,  Central  ,Widget A
ORD-011041,CUS-1001,2024-03-15,1671.24,37,East,Widget B
ORD-011042,CUS-1002,2024-03-15,564.07,28,North,Widget A
ORD-011043,CUS-1001,2024-06-30,580.08,24,South,Widget B
ORD-011044,CUS-1002,2024-01-01,662.85,6,East,Widget A
ORD-011045,CUS-1003,2024-01-01,458.88,49,East,Widget B
ORD-011046,nan,2024-03-15,1817.51,5,North,nan
ORD-011047,CUS-1002,2024-01-01,1074.27,12,East,Gadget C
ORD-011048,CUS-1001,2024-01-01,539.71,42,North,Widget B
ORD-011049,CUS-1001,2024-06-30,1546.77,29,  Central  ,Widget A
ORD-011050,CUS-1001,2024-03-15,1259.13,16,West,Widget A
ORD-011051,CUS-1001,not-a-date,764.75,11,South,Widget B
ORD-011052,CUS-1003,2024-01-01,1829.2,8,South,Gadget C
ORD-011053,CUS-1001,01/02/2024,1115.46,13,North,Widget A
ORD-011054,CUS-1001,2024-01-01,1260.08,40,North,nan
ORD-011055,CUS-1002,2024-01-01,74.93,41,West,Widget B
ORD-011056,CUS-1001,2024-01-01,1263.46,34,West,Widget A
ORD-011057,CUS-1001,2024-03-15,831.56,32,South,Widget B
ORD-011058,nan,2024-01-01,1498.6,15,West,nan
ORD-011059,CUS-1001,01/02/2024,97.18,35,  Central  ,Widget A
ORD-011060,CUS-1001,not-a-date,777.88,47,East,nan
ORD-011061,CUS-1002,2024-03-15,140.56,18,South,Widget A
ORD-011062,CUS-1001,2024-01-01,1863.38,28,West,Gadget C
ORD-011063,CUS-1001,01/02/2024,845.55,46,North,Widget B
ORD-011064,CUS-1001,2024-01-01,286.98,8,  Central  ,Widget B
ORD-011065,CUS-1001,2024-01-01,1489.01,23,North,Widget B
ORD-011066,nan,2024-01-01,1764.88,35,South,nan
ORD-011067,CUS-1002,01/02/2024,1552.95,17,North,Gadget C
ORD-011068,CUS-1001,2024-03-15,1702.54,5,South,nan
ORD-011069,CUS-1001,2024-06-30,1695.33,10,East,Widget A
ORD-011070,nan,2024-01-01,1978.75,44,South,Widget A
ORD-011071,CUS-1001,2024-01-01,733.09,13,East,Widget A
ORD-011072,CUS-1003,2024-01-01,703.66,43,South,Widget A
ORD-011073,CUS-1001,2024-06-30,232.1,39,East,nan
ORD-011074,nan,2024-03-15,1716.53,31,East,Widget B
ORD-011075,CUS-1001,2024-06-30,1861.77,17,  Central  ,Gadget C
ORD-011076,CUS-1001,2024-01-01,571.86,21,West,Widget A
ORD-011077,CUS-1002,2024-01-01,1233.99,16,South,Widget B
ORD-011078,CUS-1001,01/02/2024,497.43,19,South,nan
ORD-011079,CUS-1003,2024-01-01,1725.32,19,North,Widget A
ORD-011080,CUS-1002,2024-01-01,23.7,20,North,Widget B
ORD-011081,CUS-1002,2024-01-01,1393.27,17,South,Widget A
ORD-011082,CUS-1001,2024-01-01,1090.46,20,  Central  ,Widget B
ORD-011083,CUS-1002,2024-01-01,579.23,26,West,Widget A
ORD-011084,CUS-1001,2024-06-30,1846.83,26,West,Widget B
ORD-011085,nan,2024-03-15,964.33,48,South,Widget A
ORD-011086,CUS-1002,2024-03-15,1053.82,9,West,Widget B
ORD-011087,CUS-1002,2024-01-01,175.71,47,West,Widget B
ORD-011088,CUS-1003,2024-03-15,829.61,42,North,Widget A
ORD-011089,CUS-1002,2024-01-01,326.44,46,South,Widget A
ORD-011090,CUS-1002,2024-01-01,1113.01,40,West,Widget B
ORD-011091,CUS-1001,2024-01-01,1161.02,30,South,Widget A
ORD-011092,CUS-1002,2024-01-01,495.8,21,South,Widget A
ORD-011093,CUS-1001,not-a-date,1887.45,49,  Central  ,Widget A
ORD-011094,CUS-1001,2024-03-15,612.63,41,South,Widget A
ORD-011095,CUS-1003,2024-01-01,1311.92,18,South,Widget B
ORD-011096,CUS-1001,01/02/2024,1958.44,14,South,nan
ORD-011097,CUS-1002,2024-01-01,1609.22,10,East,nan
ORD-011098,CUS-1001,2024-01-01,1494.94,34,East,Widget A
ORD-011099,CUS-1002,01/02/2024,127.86,45,West,Widget B
ORD-011100,CUS-1003,2024-03-15,1053.07,44,East,Gadget C
ORD-011101,CUS-1001,2024-03-15,1510.21,41,  Central  ,Widget A
ORD-011102,CUS-1002,2024-01-01,1324.34,42,East,Gadget C
ORD-011103,CUS-1002,01/02/2024,1139.81,20,South,Widget A
ORD-011104,CUS-1003,2024-01-01,1842.87,40,West,nan
ORD-011105,CUS-1001,2024-01-01,1123.52,12,North,Widget B
ORD-011106,CUS-1003,2024-01-01,1676.87,28,East,Widget B
ORD-011107,CUS-1002,2024-01-01,1772.79,19,South,Widget B
ORD-011108,CUS-1002,2024-01-01,1574.6,13,North,Gadget C
ORD-011109,CUS-1001,2024-01-01,308.26,22,South,Widget A
ORD-011110,CUS-1001,01/02/2024,1552.36,38,East,Widget A
ORD-011111,CUS-1002,2024-01-01,1576.58,41,  Central  ,Widget B
ORD-011112,CUS-1001,2024-01-01,1350.65,30,East,nan
ORD-011113,CUS-1002,2024-06-30,749.21,20,South,nan
ORD-011114,CUS-1002,not-a-date,585.12,32,West,Widget A
ORD-011115,CUS-1002,2024-01-01,1305.04,24,North,Widget A
ORD-011116,CUS-1001,2024-01-01,1462.19,17,North,Gadget C
ORD-011117,CUS-1001,2024-01-01,1840.72,10,South,Widget B
ORD-011118,CUS-1002,2024-06-30,689.43,23,North,Widget B
ORD-011119,CUS-1002,2024-01-01,585.28,36,South,Widget B
ORD-011120,nan,2024-01-01,1485.44,29,North,Widget A
ORD-011121,CUS-1002,2024-03-15,1957.12,31,North,Widget A
ORD-011122,CUS-1002,2024-03-15,588.07,37,North,Widget B
ORD-011123,CUS-1001,2024-01-01,555.89,8,North,Widget B
ORD-011124,nan,2024-01-01,1788.46,41,East,Widget B
ORD-011125,CUS-1001,2024-01-01,536.83,14,North,Gadget C
ORD-011126,CUS-1001,2024-01-01,836.56,14,East,Widget B
ORD-011127,CUS-1001,2024-01-01,1984.18,16,West,Widget B
ORD-011128,CUS-1001,2024-03-15,1603.59,39,West,Widget A
ORD-011129,CUS-1003,2024-03-15,507.15,31,East,Widget B
ORD-011130,CUS-1001,01/02/2024,1905.37,3,South,Widget B
ORD-011131,CUS-1001,01/02/2024,1688.76,2,East,Widget A
ORD-011132,CUS-1001,01/02/2024,1948.35,34,South,Widget B
ORD-011133,nan,2024-01-01,812.29,29,North,Widget A
ORD-011134,CUS-1003,2024-03-15,1337.71,17,East,Gadget C
ORD-011135,nan,2024-01-01,769.81,13,West,Gadget C
ORD-011136,CUS-1003,2024-01-01,889.79,37,South,Widget A
ORD-011137,nan,2024-01-01,1345.7,45,South,Widget A
ORD-011138,CUS-1002,2024-03-15,835.21,43,North,Gadget C
ORD-011139,CUS-1001,01/02/2024,843.84,41,North,Widget A
ORD-011140,CUS-1001,2024-01-01,1088.19,2,  Central  ,Widget A
ORD-011141,CUS-1001,2024-01-01,223.43,28,South,Gadget C
ORD-011142,CUS-1002,2024-03-15,-83.44,14,West,Widget A
ORD-011143,CUS-1001,2024-01-01,1655.64,15,  Central  ,Widget A
ORD-011144,CUS-1001,2024-01-01,970.03,44,South,Widget A
ORD-011145,CUS-1002,2024-03-15,1514.14,13,South,nan
ORD-011146,CUS-1001,01/02/2024,1994.98,33,South,Widget A
ORD-011147,CUS-1001,2024-01-01,-167.27,3,East,Widget A
ORD-011148,CUS-1001,2024-01-01,1450.12,36,North,Widget A
ORD-011149,CUS-1002,2024-06-30,179.15,19,South,nan
ORD-011150,CUS-1001,2024-01-01,1912.93,6,South,Widget A
ORD-011151,CUS-1001,not-a-date,339.98,8,South,Gadget C
ORD-011152,CUS-1001,2024-03-15,1603.93,18,North,Widget A
ORD-011153,CUS-1003,not-a-date,-97.02,31,East,Widget B
ORD-011154,CUS-1001,2024-01-01,1292.35,41,North,Widget B
ORD-011155,CUS-1001,2024-01-01,1196.06,43,West,Widget B
ORD-011156,nan,2024-01-01,836.78,41,South,Widget A
ORD-011157,CUS-1003,2024-01-01,1904.81,4,West,Gadget C
ORD-011158,CUS-1001,2024-01-01,627.26,40,North,Widget A
ORD-011159,CUS-1001,2024-01-01,469.96,44,East,Gadget C
ORD-011160,CUS-1001,2024-01-01,1789.46,30,North,nan
ORD-011161,CUS-1002,01/02/2024,595.43,20,East,Widget B
ORD-011162,CUS-1001,2024-01-01,224.55,41,South,Widget A
ORD-011163,nan,2024-01-01,321.69,2,East,Widget A
ORD-011164,CUS-1003,2024-01-01,-321.0,1,North,Gadget C
ORD-011165,CUS-1002,01/02/2024,1758.02,5,  Central  ,Widget A
ORD-011166,CUS-1001,2024-01-01,1330.97,35,South,Widget B
ORD-011167,nan,2024-03-15,262.11,1,East,Gadget C
ORD-011168,CUS-1002,2024-01-01,1075.22,5,South,Widget A
ORD-011169,CUS-1003,01/02/2024,1249.35,30,West,Widget A
ORD-011170,CUS-1001,2024-03-15,1618.0,29,  Central  ,Widget B
ORD-011171,CUS-1002,01/02/2024,1131.64,14,  Central  ,Widget B
ORD-011172,CUS-1003,01/02/2024,693.5,42,West,Widget A
ORD-011173,nan,2024-06-30,1991.78,23,South,Widget A
ORD-011174,CUS-1002,2024-01-01,526.59,31,North,Widget A
ORD-011175,CUS-1002,2024-01-01,1929.49,36,South,Widget B
ORD-011176,CUS-1002,2024-06-30,426.41,34,West,Widget A
ORD-011177,CUS-1002,2024-03-15,1040.86,21,South,Widget B
ORD-011178,nan,01/02/2024,229.88,28,South,Widget A
ORD-011179,CUS-1002,2024-01-01,1787.07,10,South,Widget A
ORD-011180,CUS-1001,2024-01-01,983.86,33,South,Widget B
ORD-011181,CUS-1001,not-a-date,1769.12,42,East,Widget A
ORD-011182,CUS-1002,01/02/2024,1651.66,34,East,Widget B
ORD-011183,CUS-1003,2024-01-01,388.23,11,South,Widget A
ORD-011184,CUS-1001,2024-01-01,126.44,48,South,nan
ORD-011185,CUS-1001,2024-03-15,1834.22,36,West,Widget A
ORD-011186,nan,01/02/2024,1128.66,47,North,Widget A
ORD-011187,CUS-1002,2024-06-30,1706.63,34,East,Widget B
ORD-011188,CUS-1001,2024-01-01,1382.79,33,East,Gadget C
ORD-011189,CUS-1001,2024-01-01,1541.5,40,South,Widget A
ORD-011190,CUS-1001,2024-01-01,971.79,42,  Central  ,Widget A
ORD-011191,CUS-1001,2024-01-01,1469.3,22,North,Widget B
ORD-011192,CUS-1002,2024-01-01,1838.21,32,West,Widget A
ORD-011193,CUS-1002,2024-01-01,1421.54,46,South,Widget A
ORD-011194,CUS-1002,2024-01-01,1864.28,39,West,Widget A
ORD-011195,CUS-1002,2024-01-01,490.45,6,South,Gadget C
ORD-011196,CUS-1001,2024-03-15,1607.83,45,North,Widget A
ORD-011197,CUS-1001,2024-01-01,1064.21,27,East,Widget B
ORD-011198,CUS-1001,2024-01-01,130.91,9,  Central  ,Gadget C
ORD-011199,CUS-1001,01/02/2024,1294.25,35,North,Widget A
ORD-011200,CUS-1002,2024-01-01,-10.91,48,West,Widget B
ORD-011201,CUS-1001,01/02/2024,1981.91,43,East,Widget B
ORD-011202,CUS-1002,2024-03-15,1303.11,8,West,Widget B
ORD-011203,CUS-1001,01/02/2024,-285.84,32,West,Widget A
ORD-011204,CUS-1001,2024-01-01,1982.44,9,North,Gadget C
ORD-011205,CUS-1001,2024-03-15,636.55,33,South,Gadget C
ORD-011206,CUS-1002,2024-06-30,1397.55,24,East,Widget A
ORD-011207,CUS-1002,2024-03-15,1200.55,48,West,Widget A
ORD-011208,CUS-1003,2024-01-01,717.33,2,South,Widget B
ORD-011209,CUS-1001,01/02/2024,819.26,21,  Central  ,Gadget C
ORD-011210,CUS-1002,01/02/2024,1309.5,39,North,Gadget C
ORD-011211,CUS-1003,2024-01-01,-181.89,27,East,Widget A
ORD-011212,CUS-1001,2024-01-01,1893.77,24,East,Widget B
ORD-011213,CUS-1001,2024-03-15,1982.11,34,East,Widget A
ORD-011214,CUS-1001,2024-01-01,242.31,15,North,Widget A
ORD-011215,CUS-1001,not-a-date,-475.22,14,South,Widget A
ORD-011216,nan,2024-06-30,419.16,18,North,Widget A
ORD-011217,CUS-1001,2024-01-01,1946.9,19,East,Widget A
ORD-011218,CUS-1002,2024-01-01,203.92,13,South,Widget B
ORD-011219,CUS-1003,2024-06-30,1397.14,34,West,Widget B
ORD-011220,CUS-1001,2024-01-01,-497.98,18,North,nan
ORD-011221,CUS-1002,2024-03-15,1154.84,20,South,Widget B
ORD-011222,CUS-1001,2024-01-01,25.58,9,West,Widget A
ORD-011223,CUS-1002,2024-01-01,140.68,45,East,Widget B
ORD-011224,CUS-1001,2024-01-01,1422.53,7,North,Widget A
ORD-011225,CUS-1001,2024-01-01,802.73,28,West,Widget A
ORD-011226,CUS-1001,2024-06-30,1016.32,46,South,Gadget C
ORD-011227,CUS-1002,2024-01-01,99.96,35,East,Widget A
ORD-011228,CUS-1002,2024-01-01,1797.68,49,East,Widget B
ORD-011229,CUS-1002,01/02/2024,-59.56,8,North,Gadget C
ORD-011230,CUS-1001,2024-06-30,1208.19,25,East,Widget B
ORD-011231,nan,2024-01-01,-77.39,48,East,Widget B
ORD-011232,CUS-1001,2024-03-15,793.36,4,East,Widget A
ORD-011233,CUS-1003,2024-01-01,403.74,49,East,Widget A
ORD-011234,CUS-1002,2024-03-15,1880.04,6,North,Gadget C
ORD-011235,CUS-1002,2024-03-15,983.73,33,North,Gadget C
ORD-011236,CUS-1002,not-a-date,225.05,40,North,Gadget C
ORD-011237,CUS-1003,01/02/2024,1587.57,11,South,Gadget C
ORD-011238,CUS-1002,2024-06-30,1943.97,41,South,Widget B
ORD-011239,CUS-1001,2024-01-01,572.01,27,South,Widget A
ORD-011240,CUS-1003,2024-03-15,1377.4,32,  Central  ,Gadget C
ORD-011241,CUS-1001,2024-03-15,1993.68,5,North,Widget A
ORD-011242,CUS-1002,2024-01-01,238.6,4,West,Widget B
ORD-011243,CUS-1002,2024-06-30,1627.11,3,South,Widget B
ORD-011244,CUS-1003,2024-03-15,1001.7,17,East,Gadget C
ORD-011245,CUS-1002,not-a-date,1341.93,15,South,Gadget C
ORD-011246,CUS-1001,2024-01-01,369.65,31,  Central  ,Widget A
ORD-011247,CUS-1002,2024-03-15,443.74,11,North,Widget A
ORD-011248,CUS-1001,2024-01-01,1116.5,22,South,Widget B
ORD-011249,CUS-1002,2024-06-30,508.51,47,  Central  ,Gadget C
ORD-011250,CUS-1002,2024-01-01,1197.54,48,South,Widget A
ORD-011251,CUS-1003,01/02/2024,184.53,37,South,Widget B
ORD-011252,CUS-1001,2024-01-01,1566.04,29,South,Widget A
ORD-011253,CUS-1001,2024-03-15,555.21,35,North,Widget B
ORD-011254,CUS-1002,2024-01-01,1476.63,36,South,Widget B
ORD-011255,CUS-1001,not-a-date,-435.14,38,South,Widget B
ORD-011256,CUS-1001,not-a-date,1601.11,19,South,Widget A
ORD-011257,CUS-1001,2024-01-01,36.88,18,North,Widget B
ORD-011258,CUS-1002,2024-03-15,349.91,28,East,Widget A
ORD-011259,CUS-1001,01/02/2024,682.38,49,East,Widget A
ORD-011260,CUS-1002,2024-01-01,1562.06,34,West,Gadget C
ORD-011261,CUS-1003,2024-01-01,73.09,29,North,Widget B
ORD-011262,CUS-1002,2024-01-01,1483.21,48,East,Gadget C
ORD-011263,CUS-1001,2024-01-01,478.33,11,West,Gadget C
ORD-011264,CUS-1001,01/02/2024,1993.32,39,  Central  ,Widget B
ORD-011265,CUS-1001,01/02/2024,580.87,34,West,Widget A
ORD-011266,CUS-1002,2024-01-01,-292.32,13,North,Widget B
ORD-011267,CUS-1002,2024-06-30,1369.69,28,  Central  ,Gadget C
ORD-011268,CUS-1001,2024-01-01,560.57,26,South,Widget B
ORD-011269,CUS-1001,not-a-date,1085.05,30,North,Widget A
ORD-011270,CUS-1001,2024-03-15,1546.54,47,South,Widget A
ORD-011271,CUS-1001,2024-03-15,1601.84,14,South,Widget B
ORD-011272,nan,01/02/2024,449.1,21,East,Gadget C
ORD-011273,CUS-1001,2024-01-01,427.45,29,  Central  ,Gadget C
ORD-011274,CUS-1001,not-a-date,549.96,5,West,Gadget C
ORD-011275,CUS-1001,2024-03-15,795.47,4,East,Widget A
ORD-011276,CUS-1001,2024-03-15,1496.47,21,North,Widget A
ORD-011277,CUS-1001,2024-01-01,1088.62,40,West,nan
ORD-011278,CUS-1001,01/02/2024,1760.95,18,South,Widget A
ORD-011279,CUS-1001,2024-01-01,1400.03,30,South,Widget B
ORD-011280,CUS-1001,01/02/2024,1230.43,38,South,Gadget C
ORD-011281,CUS-1002,2024-03-15,1046.08,33,West,Widget B
ORD-011282,CUS-1002,2024-01-01,831.14,30,North,Widget A
ORD-011283,CUS-1001,2024-01-01,698.37,29,West,Widget A
ORD-011284,CUS-1003,2024-01-01,358.06,26,South,Gadget C
ORD-011285,CUS-1001,2024-01-01,547.52,49,North,Widget B
ORD-011286,nan,2024-01-01,1802.94,20,East,nan
ORD-011287,nan,2024-01-01,1660.62,5,East,Widget A
ORD-011288,CUS-1002,2024-01-01,18.95,43,  Central  ,Widget A
ORD-011289,CUS-1001,01/02/2024,455.85,23,South,Widget B
ORD-011290,CUS-1003,2024-03-15,1616.49,49,North,Widget A
ORD-011291,CUS-1001,2024-01-01,1175.27,33,South,Widget B
ORD-011292,CUS-1001,2024-01-01,151.85,29,South,Widget A
ORD-011293,CUS-1002,2024-03-15,1616.78,30,East,Widget A
ORD-011294,CUS-1002,2024-01-01,1509.22,18,East,Widget A
ORD-011295,CUS-1003,2024-01-01,570.4,36,South,Widget B
ORD-011296,CUS-1002,2024-01-01,1490.38,16,  Central  ,Widget A
ORD-011297,CUS-1003,2024-06-30,1774.59,49,North,Widget B
ORD-011298,CUS-1002,2024-01-01,1297.94,30,North,Widget A
ORD-011299,CUS-1002,2024-06-30,1489.88,24,South,Widget A
ORD-011300,CUS-1002,2024-01-01,-283.85,13,East,Gadget C
ORD-011301,nan,2024-01-01,1134.5,40,East,Gadget C
ORD-011302,nan,2024-01-01,1509.69,23,West,Widget A
ORD-011303,CUS-1003,2024-03-15,930.57,25,North,nan
ORD-011304,CUS-1003,01/02/2024,815.1,8,  Central  ,Widget B
ORD-011305,CUS-1002,01/02/2024,1130.33,37,North,Widget A
ORD-011306,CUS-1001,2024-06-30,1352.89,4,East,Widget A
ORD-011307,CUS-1003,01/02/2024,1635.1,25,East,Widget B
ORD-011308,CUS-1001,2024-01-01,1634.55,39,North,Widget A
ORD-011309,CUS-1001,2024-03-15,1409.1,23,South,Gadget C
ORD-011310,CUS-1001,2024-01-01,1967.37,8,South,Widget A
ORD-011311,CUS-1002,01/02/2024,1080.73,48,North,Gadget C
ORD-011312,CUS-1002,not-a-date,892.1,2,South,Widget A
ORD-011313,CUS-1001,2024-01-01,668.26,34,South,nan
ORD-011314,CUS-1001,2024-01-01,257.48,1,South,Widget A
ORD-011315,CUS-1001,01/02/2024,452.73,34,South,Widget A
ORD-011316,CUS-1001,2024-01-01,619.09,48,  Central  ,Widget A
ORD-011317,CUS-1001,2024-01-01,1018.0,26,West,Widget A
ORD-011318,CUS-1002,01/02/2024,1995.56,1,West,Widget A
ORD-011319,CUS-1001,2024-01-01,1553.17,4,  Central  ,Gadget C
ORD-011320,CUS-1001,2024-01-01,1776.71,12,South,Widget B
ORD-011321,CUS-1001,01/02/2024,370.91,18,South,Gadget C
ORD-011322,CUS-1002,2024-01-01,57.91,44,South,Widget B
ORD-011323,CUS-1003,2024-01-01,15.47,3,East,Widget B
ORD-011324,CUS-1001,2024-06-30,1010.23,26,West,Widget A
ORD-011325,CUS-1001,2024-01-01,243.89,37,East,Widget B
ORD-011326,CUS-1002,2024-01-01,386.81,33,North,Widget B
ORD-011327,CUS-1001,not-a-date,363.56,40,North,Widget A
ORD-011328,CUS-1003,2024-01-01,1430.34,34,South,Widget A
ORD-011329,nan,2024-06-30,1906.92,2,South,Widget A
ORD-011330,CUS-1002,01/02/2024,251.14,44,South,Widget B
ORD-011331,nan,01/02/2024,222.64,25,East,Widget B
ORD-011332,CUS-1001,2024-01-01,666.07,25,East,Widget A
ORD-011333,CUS-1001,2024-01-01,1278.88,45,South,Widget A
ORD-011334,CUS-1001,2024-03-15,744.93,38,West,Widget A
ORD-011335,CUS-1001,2024-01-01,564.12,6,South,Widget A
ORD-011336,CUS-1001,2024-03-15,239.23,15,North,Widget B
ORD-011337,CUS-1002,2024-03-15,921.4,18,East,Widget B
ORD-011338,CUS-1002,2024-03-15,80.17,47,West,Gadget C
ORD-011339,CUS-1001,2024-01-01,1260.08,6,East,Widget B
ORD-011340,CUS-1002,2024-03-15,1648.8,24,North,Widget B
ORD-011341,CUS-1001,2024-03-15,1937.47,25,South,Widget A
ORD-011342,CUS-1001,2024-01-01,651.35,9,West,Widget A
ORD-011343,CUS-1001,not-a-date,1651.95,27,North,Widget B
ORD-011344,CUS-1002,2024-01-01,1018.74,12,  Central  ,Widget B
ORD-011345,CUS-1002,2024-06-30,542.66,20,North,Widget A
ORD-011346,CUS-1002,2024-01-01,201.91,39,North,Gadget C
ORD-011347,CUS-1001,2024-01-01,899.48,42,East,Gadget C
ORD-011348,CUS-1002,01/02/2024,1735.82,2,South,nan
ORD-011349,nan,2024-01-01,1895.56,21,East,Gadget C
ORD-011350,CUS-1001,2024-01-01,929.4,1,South,Widget A
ORD-011351,CUS-1001,2024-01-01,1548.49,6,West,Widget A
ORD-011352,CUS-1001,2024-03-15,433.87,2,  Central  ,Widget A
ORD-011353,CUS-1001,2024-01-01,1490.64,40,West,Gadget C
ORD-011354,CUS-1002,01/02/2024,52.81,26,East,Gadget C
ORD-011355,CUS-1001,01/02/2024,842.21,11,South,Widget B
ORD-011356,CUS-1002,01/02/2024,1541.29,24,East,Widget A
ORD-011357,nan,2024-01-01,739.55,36,West,Widget B
ORD-011358,CUS-1001,2024-01-01,215.42,14,West,Widget A
ORD-011359,CUS-1001,2024-06-30,1942.42,22,North,Widget A
ORD-011360,CUS-1003,2024-03-15,604.84,7,East,Widget A
ORD-011361,CUS-1002,2024-06-30,94.01,11,North,Widget A
ORD-011362,nan,2024-03-15,822.08,11,East,Gadget C
ORD-011363,CUS-1001,2024-03-15,1396.99,5,West,Widget A
ORD-011364,CUS-1002,2024-06-30,773.62,40,  Central  ,Widget A
ORD-011365,nan,2024-01-01,1802.28,41,North,Widget A
ORD-011366,CUS-1001,2024-06-30,434.04,26,South,Widget A
ORD-011367,CUS-1003,2024-01-01,1161.68,11,North,Widget A
ORD-011368,CUS-1002,2024-01-01,222.9,3,West,Widget A
ORD-011369,CUS-1003,2024-01-01,244.96,49,North,Gadget C
ORD-011370,CUS-1001,2024-01-01,-413.19,22,North,Widget B
ORD-011371,CUS-1002,2024-01-01,443.15,26,North,Widget A
ORD-011372,CUS-1001,01/02/2024,1322.5,25,West,Widget A
ORD-011373,nan,01/02/2024,1698.66,36,North,Widget A
ORD-011374,CUS-1001,not-a-date,1732.35,22,South,Widget A
ORD-011375,CUS-1001,2024-01-01,-218.92,28,North,Widget A
ORD-011376,nan,2024-01-01,819.7,38,East,Widget A
ORD-011377,CUS-1001,2024-03-15,536.72,49,North,Gadget C
ORD-011378,CUS-1002,01/02/2024,593.43,35,North,Widget B
ORD-011379,CUS-1001,2024-03-15,911.24,12,West,Widget A
ORD-011380,CUS-1002,2024-01-01,1261.68,10,North,Gadget C
ORD-011381,CUS-1001,2024-01-01,1114.98,20,North,Widget A
ORD-011382,CUS-1002,2024-06-30,1525.63,41,West,Widget B
ORD-011383,CUS-1002,2024-01-01,265.35,44,North,Widget A
ORD-011384,CUS-1001,01/02/2024,234.68,23,North,Gadget C
ORD-011385,CUS-1001,2024-01-01,1981.68,10,North,Widget B
ORD-011386,CUS-1001,2024-01-01,638.79,33,East,Widget B
ORD-011387,CUS-1002,2024-03-15,1943.06,31,South,Gadget C
ORD-011388,CUS-1001,2024-01-01,585.97,7,West,Gadget C
ORD-011389,CUS-1001,2024-01-01,138.61,44,North,Widget B
ORD-011390,CUS-1001,2024-03-15,1019.95,47,  Central  ,Widget B
ORD-011391,CUS-1002,2024-01-01,402.76,49,North,Widget A
ORD-011392,CUS-1002,2024-01-01,1800.06,27,North,Widget B
ORD-011393,CUS-1002,01/02/2024,870.6,40,North,Widget A
ORD-011394,CUS-1003,2024-01-01,887.58,2,West,Widget B
ORD-011395,CUS-1002,01/02/2024,785.32,4,South,Gadget C
ORD-011396,CUS-1003,2024-01-01,230.98,1,North,Widget B
ORD-011397,CUS-1002,2024-01-01,1250.3,28,East,Widget B
ORD-011398,CUS-1001,2024-01-01,317.69,22,North,Widget A
ORD-011399,nan,not-a-date,1283.03,34,East,Gadget C
ORD-011400,CUS-1003,2024-01-01,806.38,11,South,Widget B
ORD-011401,CUS-1002,2024-06-30,1707.49,15,North,Widget A
ORD-011402,CUS-1001,2024-01-01,1045.7,17,  Central  ,Widget A
ORD-011403,CUS-1001,2024-01-01,1777.89,34,North,Widget A
ORD-011404,CUS-1002,2024-03-15,60.35,17,North,Widget A
ORD-011405,CUS-1001,2024-01-01,1453.61,45,East,Widget B
ORD-011406,CUS-1002,01/02/2024,1122.09,13,West,Widget A
ORD-011407,CUS-1001,2024-06-30,-366.99,32,South,Widget B
ORD-011408,CUS-1002,2024-03-15,220.44,12,West,Widget A
ORD-011409,CUS-1001,01/02/2024,1476.91,25,North,Widget B
ORD-011410,CUS-1001,2024-03-15,-206.2,30,South,Widget B
ORD-011411,CUS-1001,2024-01-01,161.98,38,East,Widget A
ORD-011412,CUS-1003,2024-03-15,-285.36,46,West,Widget B
ORD-011413,CUS-1002,2024-01-01,588.9,15,North,Widget B
ORD-011414,nan,2024-01-01,607.06,39,East,Widget A
ORD-011415,CUS-1002,01/02/2024,173.38,33,West,Widget B
ORD-011416,CUS-1003,2024-01-01,850.95,38,North,Widget B
ORD-011417,CUS-1002,2024-03-15,1827.14,25,North,Widget B
ORD-011418,CUS-1003,2024-01-01,1721.84,12,East,Gadget C
ORD-011419,nan,2024-01-01,-311.32,30,South,Widget B
ORD-011420,CUS-1002,01/02/2024,620.54,20,South,Widget B
ORD-011421,CUS-1001,01/02/2024,1733.99,25,West,Widget A
ORD-011422,CUS-1002,2024-06-30,1481.79,9,North,Widget B
ORD-011423,CUS-1001,2024-01-01,415.51,21,West,nan
ORD-011424,CUS-1001,2024-01-01,1797.58,31,West,Gadget C
ORD-011425,CUS-1002,2024-01-01,1824.85,3,South,Widget B
ORD-011426,CUS-1003,2024-01-01,687.47,18,East,Widget A
ORD-011427,CUS-1001,2024-01-01,1786.75,31,East,Widget A
ORD-011428,CUS-1001,2024-03-15,1330.6,24,South,nan
ORD-011429,nan,2024-01-01,1752.48,48,East,Gadget C
ORD-011430,CUS-1001,2024-06-30,776.95,46,North,Widget B
ORD-011431,CUS-1001,01/02/2024,802.31,18,West,Widget A
ORD-011432,CUS-1002,01/02/2024,1010.6,48,North,Widget A
ORD-011433,CUS-1003,2024-01-01,534.5,31,South,Widget B
ORD-011434,CUS-1002,2024-01-01,1079.3,17,South,Widget B
ORD-011435,CUS-1002,2024-01-01,1023.17,36,South,Widget A
ORD-011436,CUS-1001,01/02/2024,384.31,6,East,Widget B
ORD-011437,CUS-1001,01/02/2024,1792.13,30,East,Widget A
ORD-011438,CUS-1003,2024-01-01,218.16,45,  Central  ,Gadget C
ORD-011439,CUS-1003,2024-01-01,1765.76,45,South,Widget B
ORD-011440,CUS-1001,2024-06-30,1080.41,6,East,Gadget C
ORD-011441,CUS-1001,2024-01-01,-383.4,46,North,Widget A
ORD-011442,CUS-1001,2024-01-01,1718.38,19,West,Widget A
ORD-011443,CUS-1001,2024-01-01,911.94,43,South,Gadget C
ORD-011444,CUS-1001,2024-01-01,612.82,27,East,Widget A
ORD-011445,CUS-1001,2024-01-01,324.32,21,  Central  ,Widget B
ORD-011446,CUS-1003,01/02/2024,1378.79,23,West,Widget B
ORD-011447,CUS-1001,01/02/2024,1667.8,7,South,Widget B
ORD-011448,CUS-1002,01/02/2024,1025.34,35,South,Gadget C
ORD-011449,CUS-1002,2024-01-01,572.17,20,North,Widget A
ORD-011450,CUS-1003,2024-01-01,1882.25,15,East,Widget A
ORD-011451,nan,2024-03-15,1296.66,26,East,Widget A
ORD-011452,CUS-1001,2024-01-01,1094.26,16,East,Widget B
ORD-011453,CUS-1001,2024-01-01,1586.33,3,South,Gadget C
ORD-011454,CUS-1002,2024-01-01,674.85,38,West,Gadget C
ORD-011455,CUS-1001,2024-03-15,1475.26,42,South,Widget B
ORD-011456,CUS-1001,2024-01-01,707.86,43,South,Gadget C
ORD-011457,CUS-1001,2024-06-30,523.52,44,North,Widget B
ORD-011458,nan,2024-01-01,473.07,3,West,Widget A
ORD-011459,CUS-1001,2024-06-30,1768.32,31,North,Widget B
ORD-011460,CUS-1002,2024-01-01,1612.89,10,East,Widget B
ORD-011461,CUS-1002,2024-03-15,424.4,29,West,Widget B
ORD-011462,CUS-1002,2024-01-01,149.69,48,East,Gadget C
ORD-011463,CUS-1001,2024-03-15,317.65,19,East,Widget A
ORD-011464,CUS-1003,2024-01-01,622.04,25,West,Widget A
ORD-011465,CUS-1002,not-a-date,1223.55,48,  Central  ,Widget B
ORD-011466,CUS-1002,2024-03-15,1334.24,32,North,Widget A
ORD-011467,CUS-1001,01/02/2024,236.73,22,South,Widget A
ORD-011468,CUS-1003,2024-01-01,914.75,48,South,nan
ORD-011469,CUS-1003,2024-01-01,1046.73,11,North,Gadget C
ORD-011470,CUS-1001,2024-06-30,525.81,22,South,Widget B
ORD-011471,CUS-1001,2024-06-30,1462.34,48,East,Widget A
ORD-011472,CUS-1001,2024-01-01,-253.84,35,West,Gadget C
ORD-011473,CUS-1001,2024-01-01,1464.35,41,West,Gadget C
ORD-011474,CUS-1001,2024-01-01,1399.99,13,North,Widget A
ORD-011475,CUS-1001,2024-01-01,1794.83,17,South,Gadget C
ORD-011476,CUS-1001,2024-01-01,1349.37,23,  Central  ,Widget A
ORD-011477,CUS-1003,2024-03-15,1602.24,28,East,Widget B
ORD-011478,CUS-1003,2024-01-01,1023.78,29,  Central  ,Widget A
ORD-011479,CUS-1003,not-a-date,482.07,29,South,Gadget C
ORD-011480,CUS-1002,2024-06-30,190.84,11,South,Widget A
ORD-011481,CUS-1002,2024-01-01,984.01,43,South,Widget A
ORD-011482,CUS-1001,2024-01-01,1598.69,41,West,Widget A
ORD-011483,CUS-1002,01/02/2024,1170.84,27,South,Widget A
ORD-011484,CUS-1001,2024-01-01,61.38,7,South,Widget A
ORD-011485,CUS-1002,2024-03-15,486.02,21,West,Widget B
ORD-011486,nan,01/02/2024,887.73,18,South,Widget A
ORD-011487,CUS-1003,2024-01-01,810.39,29,South,Gadget C
ORD-011488,CUS-1001,not-a-date,1397.65,19,West,Widget B
ORD-011489,CUS-1002,2024-01-01,359.72,48,South,Gadget C
ORD-011490,CUS-1001,2024-01-01,745.93,31,East,Gadget C
ORD-011491,CUS-1001,2024-06-30,1076.63,3,North,Widget B
ORD-011492,CUS-1001,2024-01-01,1967.62,13,  Central  ,Widget A
ORD-011493,CUS-1001,2024-01-01,1851.16,32,East,Widget B
ORD-011494,CUS-1002,2024-01-01,769.59,9,  Central  ,Gadget C
ORD-011495,CUS-1001,2024-01-01,674.76,5,West,Gadget C
ORD-011496,CUS-1001,2024-01-01,1899.89,26,West,Widget B
ORD-011497,nan,01/02/2024,1724.55,13,North,Widget B
ORD-011498,CUS-1002,2024-01-01,1423.29,2,South,Widget A
ORD-011499,CUS-1001,01/02/2024,1247.03,35,North,Gadget C
ORD-011500,CUS-1002,2024-01-01,1460.45,36,East,Gadget C
ORD-011501,CUS-1002,2024-01-01,1422.35,35,  Central  ,Widget B
ORD-011502,CUS-1002,2024-06-30,1675.1,5,South,nan
ORD-011503,CUS-1002,2024-03-15,1449.84,41,South,Gadget C
ORD-011504,nan,2024-03-15,1303.92,5,South,Gadget C
ORD-011505,CUS-1001,2024-01-01,1874.25,27,East,Widget B
ORD-011506,CUS-1002,2024-01-01,1881.96,47,  Central  ,Widget B
ORD-011507,CUS-1001,2024-03-15,-203.64,40,East,Widget A
ORD-011508,CUS-1003,not-a-date,1997.08,47,West,Widget B
ORD-011509,CUS-1001,2024-03-15,792.32,25,South,Widget B
ORD-011510,CUS-1001,2024-01-01,505.5,21,South,Widget B
ORD-011511,nan,2024-01-01,422.68,10,North,Widget A
ORD-011512,CUS-1002,2024-01-01,246.64,49,North,Widget A
ORD-011513,CUS-1001,2024-01-01,-498.41,22,West,Widget B
ORD-011514,CUS-1001,2024-01-01,1936.5,30,West,Widget B
ORD-011515,CUS-1001,2024-01-01,-349.47,9,North,Widget A
ORD-011516,nan,2024-01-01,1839.91,16,East,Widget B
ORD-011517,CUS-1002,01/02/2024,223.3,27,East,nan
ORD-011518,CUS-1001,01/02/2024,301.4,41,West,Widget A
ORD-011519,CUS-1002,01/02/2024,334.54,26,North,Gadget C
ORD-011520,CUS-1001,2024-01-01,1103.5,10,North,Widget A
ORD-011521,CUS-1001,01/02/2024,1983.85,13,South,Widget A
ORD-011522,CUS-1003,2024-06-30,416.03,30,North,Widget B
ORD-011523,CUS-1001,2024-01-01,674.28,24,North,Gadget C
ORD-011524,nan,not-a-date,1708.16,11,West,Gadget C
ORD-011525,CUS-1003,2024-01-01,1067.11,30,  Central  ,Widget A
ORD-011526,CUS-1001,01/02/2024,696.22,33,East,Widget A
ORD-011527,CUS-1002,2024-01-01,851.2,22,West,Gadget C
ORD-011528,CUS-1003,01/02/2024,1472.8,45,East,Widget A
ORD-011529,CUS-1002,not-a-date,731.13,11,East,Widget A
ORD-011530,CUS-1002,2024-01-01,1328.02,19,West,Gadget C
ORD-011531,CUS-1001,2024-03-15,1603.83,47,West,Widget A
ORD-011532,CUS-1001,not-a-date,123.19,4,South,Widget B
ORD-011533,CUS-1002,2024-03-15,1502.24,40,West,Gadget C
ORD-011534,CUS-1001,2024-01-01,1889.14,9,North,Widget B
ORD-011535,CUS-1001,2024-01-01,169.97,11,North,Widget A
ORD-011536,CUS-1002,not-a-date,172.62,9,South,Widget B
ORD-011537,CUS-1001,2024-03-15,1234.74,24,South,Widget A
ORD-011538,CUS-1003,2024-06-30,1356.11,11,North,Gadget C
ORD-011539,CUS-1003,2024-01-01,929.93,19,West,Widget B
ORD-011540,CUS-1003,2024-03-15,1871.78,10,East,Gadget C
ORD-011541,CUS-1001,2024-03-15,262.0,49,South,nan
ORD-011542,CUS-1002,not-a-date,245.8,32,West,Widget B
ORD-011543,CUS-1003,01/02/2024,30.47,36,West,Widget A
ORD-011544,CUS-1001,2024-01-01,1645.9,3,West,Gadget C
ORD-011545,CUS-1002,01/02/2024,189.41,32,South,Widget A
ORD-011546,CUS-1002,01/02/2024,1210.74,38,South,Widget A
ORD-011547,CUS-1001,2024-01-01,1859.92,8,South,Widget A
ORD-011548,CUS-1001,2024-01-01,114.79,46,West,nan
ORD-011549,CUS-1002,not-a-date,243.58,10,South,Widget B
ORD-011550,CUS-1001,2024-01-01,1743.37,46,North,Widget B
ORD-011551,CUS-1003,2024-01-01,562.34,46,East,Widget A
ORD-011552,CUS-1002,01/02/2024,850.44,13,North,Widget A
ORD-011553,CUS-1001,2024-06-30,1164.72,23,East,Widget A
ORD-011554,CUS-1002,01/02/2024,1435.92,8,East,Widget A
ORD-011555,CUS-1002,2024-01-01,376.08,1,South,Widget B
ORD-011556,CUS-1001,2024-01-01,1748.76,23,  Central  ,Widget A
ORD-011557,nan,2024-01-01,1550.54,25,South,Gadget C
ORD-011558,CUS-1002,2024-01-01,190.29,9,East,Widget B
ORD-011559,CUS-1002,2024-03-15,225.39,31,West,Widget B
ORD-011560,CUS-1003,2024-01-01,1417.34,45,East,Widget A
ORD-011561,CUS-1002,2024-01-01,950.7,15,North,Widget A
ORD-011562,CUS-1002,not-a-date,910.49,38,South,Widget A
ORD-011563,CUS-1001,2024-01-01,442.91,21,  Central  ,Widget B
ORD-011564,CUS-1001,2024-01-01,1427.54,22,West,Widget B
ORD-011565,CUS-1002,2024-01-01,237.04,14,North,Widget A
ORD-011566,CUS-1002,2024-01-01,752.86,49,South,nan
ORD-011567,CUS-1002,2024-01-01,1447.16,22,South,Widget A
ORD-011568,CUS-1002,2024-06-30,1961.49,46,  Central  ,Widget B
ORD-011569,CUS-1002,2024-03-15,432.6,49,  Central  ,Widget A
ORD-011570,CUS-1003,2024-03-15,1275.52,10,South,Widget A
ORD-011571,nan,01/02/2024,137.7,23,East,Gadget C
ORD-011572,CUS-1001,2024-01-01,541.28,4,North,Gadget C
ORD-011573,nan,2024-03-15,202.01,40,East,Widget A
ORD-011574,CUS-1003,2024-01-01,1663.1,18,North,Widget A
ORD-011575,CUS-1001,2024-01-01,841.95,7,North,Gadget C
ORD-011576,CUS-1001,2024-01-01,1783.94,11,South,Widget B
ORD-011577,CUS-1001,01/02/2024,90.02,39,West,Widget B
ORD-011578,CUS-1002,2024-01-01,1399.7,5,North,Gadget C
ORD-011579,CUS-1002,2024-01-01,1033.67,25,South,Widget A
ORD-011580,CUS-1002,2024-01-01,1390.1,47,East,Gadget C
ORD-011581,CUS-1003,2024-01-01,1933.89,18,South,Gadget C
ORD-011582,CUS-1001,2024-01-01,-314.3,10,North,Widget A
ORD-011583,CUS-1001,01/02/2024,1663.12,29,East,Gadget C
ORD-011584,CUS-1003,2024-01-01,429.23,31,North,nan
ORD-011585,nan,01/02/2024,1521.11,18,South,Widget A
ORD-011586,CUS-1003,2024-01-01,1915.06,36,West,Gadget C
ORD-011587,CUS-1001,2024-01-01,699.12,40,East,Widget A
ORD-011588,CUS-1001,01/02/2024,705.21,32,West,Widget B
ORD-011589,CUS-1001,01/02/2024,961.01,39,North,Widget B
ORD-011590,CUS-1002,2024-01-01,1393.26,18,West,Widget B
ORD-011591,CUS-1001,01/02/2024,-294.22,12,North,Gadget C
ORD-011592,nan,2024-03-15,324.66,44,West,Widget B
ORD-011593,CUS-1002,2024-01-01,580.18,22,East,Gadget C
ORD-011594,CUS-1001,01/02/2024,1294.72,6,East,Widget A
ORD-011595,CUS-1001,2024-01-01,93.78,7,North,Widget B
ORD-011596,CUS-1001,2024-03-15,1855.81,48,South,Widget A
ORD-011597,CUS-1002,2024-01-01,1119.56,1,North,Widget A
ORD-011598,CUS-1002,2024-06-30,221.3,43,South,Gadget C
ORD-011599,CUS-1001,01/02/2024,1449.03,15,North,Widget B
ORD-011600,CUS-1003,01/02/2024,580.59,49,North,Widget A
ORD-011601,CUS-1001,2024-01-01,1535.55,28,North,Widget B
ORD-011602,CUS-1001,01/02/2024,1761.62,37,East,Widget B
ORD-011603,nan,2024-01-01,1012.4,38,North,Gadget C
ORD-011604,CUS-1001,2024-01-01,-413.26,22,  Central  ,Widget A
ORD-011605,CUS-1001,2024-01-01,950.22,47,East,Widget A
ORD-011606,CUS-1002,01/02/2024,1146.65,36,South,Widget B
ORD-011607,CUS-1001,2024-03-15,725.85,21,South,Widget A
ORD-011608,CUS-1001,2024-06-30,1540.96,18,South,Widget B
ORD-011609,CUS-1001,2024-01-01,550.21,1,North,Widget A
ORD-011610,CUS-1001,not-a-date,1684.41,12,South,Widget B
ORD-011611,CUS-1002,2024-03-15,880.68,32,North,Widget A
ORD-011612,CUS-1001,not-a-date,1177.17,34,South,Widget A
ORD-011613,CUS-1003,2024-03-15,121.48,11,South,Gadget C
ORD-011614,CUS-1003,2024-01-01,428.18,23,North,Widget A
ORD-011615,CUS-1001,not-a-date,882.76,29,East,Widget A
ORD-011616,CUS-1001,01/02/2024,1480.53,10,West,Widget B
ORD-011617,CUS-1001,2024-03-15,1942.92,23,North,Widget A
ORD-011618,CUS-1001,2024-01-01,154.37,40,South,Widget B
ORD-011619,CUS-1001,2024-01-01,1874.48,14,  Central  ,Widget B
ORD-011620,CUS-1003,2024-01-01,623.08,38,West,Gadget C
ORD-011621,CUS-1001,01/02/2024,1965.58,15,South,Widget A
ORD-011622,CUS-1002,2024-01-01,98.92,5,North,Gadget C
ORD-011623,CUS-1002,not-a-date,1022.79,17,North,Widget B
ORD-011624,CUS-1003,2024-01-01,1557.29,21,East,Gadget C
ORD-011625,CUS-1001,2024-01-01,707.41,9,West,Widget A
ORD-011626,CUS-1001,2024-01-01,1947.79,36,North,Widget A
ORD-011627,nan,2024-01-01,1850.25,35,East,Gadget C
ORD-011628,CUS-1001,2024-01-01,669.09,28,West,Widget A
ORD-011629,CUS-1002,2024-03-15,18.06,20,North,Widget B
ORD-011630,CUS-1002,2024-06-30,358.94,3,North,Widget A
ORD-011631,CUS-1002,2024-01-01,74.76,36,North,Widget A
ORD-011632,CUS-1001,2024-01-01,1362.59,17,South,Widget A
ORD-011633,CUS-1001,2024-03-15,290.6,29,South,nan
ORD-011634,CUS-1002,2024-01-01,964.68,16,South,Widget B
ORD-011635,CUS-1002,2024-03-15,-154.73,12,  Central  ,Widget B
ORD-011636,CUS-1003,01/02/2024,1735.23,29,South,Widget A
ORD-011637,CUS-1002,not-a-date,596.1,16,South,Gadget C
ORD-011638,nan,2024-01-01,1398.76,21,West,nan
ORD-011639,nan,2024-06-30,1175.96,46,  Central  ,Widget A
ORD-011640,CUS-1002,2024-06-30,757.2,13,East,Widget B
ORD-011641,CUS-1001,2024-01-01,1522.17,21,West,nan
ORD-011642,CUS-1001,2024-01-01,237.71,17,North,Gadget C
ORD-011643,CUS-1002,2024-01-01,1424.84,6,North,Widget B
ORD-011644,CUS-1002,2024-01-01,367.11,21,  Central  ,Widget B
ORD-011645,CUS-1001,2024-06-30,172.96,32,  Central  ,Widget A
ORD-011646,CUS-1002,2024-01-01,1936.19,17,South,Widget B
ORD-011647,CUS-1001,2024-01-01,-284.06,17,West,Gadget C
ORD-011648,CUS-1001,2024-01-01,536.83,33,South,Widget A
ORD-011649,CUS-1003,01/02/2024,30.26,23,North,Widget A
ORD-011650,CUS-1002,not-a-date,1357.18,29,East,Gadget C
ORD-011651,CUS-1002,01/02/2024,1522.23,11,East,nan
ORD-011652,CUS-1002,01/02/2024,51.08,23,North,Widget A
ORD-011653,CUS-1002,2024-01-01,1039.02,1,South,Widget A
ORD-011654,CUS-1001,2024-03-15,1697.67,28,East,Widget A
ORD-011655,CUS-1002,2024-01-01,1576.46,29,South,Gadget C
ORD-011656,CUS-1001,2024-01-01,1609.72,9,North,Widget A
ORD-011657,CUS-1002,01/02/2024,145.69,22,  Central  ,Widget A
ORD-011658,CUS-1001,2024-06-30,573.13,34,  Central  ,Gadget C
ORD-011659,nan,2024-03-15,1047.0,20,West,Widget A
ORD-011660,CUS-1003,01/02/2024,1026.56,48,East,Widget B
ORD-011661,CUS-1001,2024-01-01,1517.53,46,  Central  ,Widget A
ORD-011662,CUS-1001,2024-01-01,1840.17,8,West,Widget B
ORD-011663,CUS-1001,01/02/2024,1436.35,13,East,Widget B
ORD-011664,CUS-1002,01/02/2024,968.5,16,East,Widget A
ORD-011665,CUS-1002,2024-03-15,-262.09,29,East,Widget A
ORD-011666,CUS-1002,01/02/2024,17.54,30,South,Widget A
ORD-011667,nan,2024-01-01,906.82,41,North,Widget A
ORD-011668,CUS-1002,2024-01-01,236.21,18,  Central  ,Widget A
ORD-011669,CUS-1002,2024-01-01,1465.77,23,South,Gadget C
ORD-011670,CUS-1002,2024-03-15,1564.81,24,North,Widget A
ORD-011671,CUS-1002,2024-06-30,1999.32,37,  Central  ,nan
ORD-011672,CUS-1002,01/02/2024,931.06,23,West,Gadget C
ORD-011673,CUS-1003,01/02/2024,183.21,28,East,Widget A
ORD-011674,CUS-1001,01/02/2024,286.24,5,  Central  ,Widget A
ORD-011675,CUS-1001,2024-01-01,1816.22,18,West,nan
ORD-011676,CUS-1001,2024-01-01,399.79,23,North,Widget B
ORD-011677,nan,2024-01-01,732.49,45,West,Widget A
ORD-011678,CUS-1002,2024-06-30,275.53,6,North,Widget A
ORD-011679,CUS-1001,2024-01-01,1639.66,19,West,Gadget C
ORD-011680,CUS-1001,01/02/2024,609.36,32,South,Gadget C
ORD-011681,CUS-1002,2024-01-01,750.87,23,South,Widget A
ORD-011682,CUS-1003,01/02/2024,1487.49,15,West,Widget A
ORD-011683,nan,2024-01-01,1198.84,32,North,Gadget C
ORD-011684,CUS-1003,2024-06-30,1194.97,2,  Central  ,Gadget C
ORD-011685,CUS-1003,2024-01-01,110.8,30,North,Widget B
ORD-011686,CUS-1001,2024-06-30,444.33,43,North,Widget A
ORD-011687,CUS-1001,01/02/2024,558.32,26,North,Widget A
ORD-011688,CUS-1002,2024-01-01,1989.93,39,West,Widget B
ORD-011689,CUS-1002,2024-03-15,457.16,34,South,Widget A
ORD-011690,CUS-1001,01/02/2024,752.83,31,East,Widget A
ORD-011691,CUS-1002,2024-01-01,393.18,34,West,Widget A
ORD-011692,CUS-1001,2024-03-15,953.26,48,East,Widget B
ORD-011693,CUS-1001,01/02/2024,10.14,26,  Central  ,Widget B
ORD-011694,CUS-1001,01/02/2024,1609.03,14,North,nan
ORD-011695,CUS-1003,2024-03-15,1766.72,25,North,Widget A
ORD-011696,CUS-1002,01/02/2024,985.88,24,West,Gadget C
ORD-011697,CUS-1002,2024-01-01,1691.72,9,  Central  ,Widget B
ORD-011698,CUS-1003,2024-01-01,19.93,47,West,Gadget C
ORD-011699,CUS-1003,2024-01-01,-12.72,35,South,Widget A
ORD-011700,CUS-1001,01/02/2024,348.77,18,West,Widget A
ORD-011701,CUS-1003,2024-01-01,-180.82,49,North,Widget A
ORD-011702,CUS-1001,2024-01-01,849.87,16,South,Widget A
ORD-011703,CUS-1002,2024-03-15,1360.93,15,West,Widget A
ORD-011704,CUS-1001,2024-01-01,-292.46,10,South,Widget A
ORD-011705,CUS-1002,2024-01-01,1884.14,10,West,Widget B
ORD-011706,CUS-1002,2024-03-15,606.36,30,East,Widget B
ORD-011707,CUS-1001,2024-03-15,-66.9,47,West,Widget A
ORD-011708,CUS-1002,2024-03-15,1676.51,27,North,Gadget C
ORD-011709,CUS-1002,2024-01-01,806.02,21,East,Widget A
ORD-011710,CUS-1002,01/02/2024,1125.78,41,East,Widget B
ORD-011711,CUS-1001,2024-06-30,1376.64,34,South,Widget A
ORD-011712,CUS-1001,2024-01-01,167.18,8,South,Widget A
ORD-011713,CUS-1001,2024-01-01,1246.82,24,  Central  ,Widget B
ORD-011714,CUS-1003,2024-01-01,1090.11,31,North,Widget A
ORD-011715,CUS-1003,not-a-date,624.2,28,North,Widget A
ORD-011716,CUS-1001,2024-01-01,-303.99,1,East,nan
ORD-011717,CUS-1002,2024-01-01,172.4,17,West,Widget B
ORD-011718,CUS-1002,01/02/2024,1901.72,49,  Central  ,Gadget C
ORD-011719,nan,2024-06-30,1278.83,38,West,Gadget C
ORD-011720,CUS-1001,2024-01-01,128.16,37,West,Widget A
ORD-011721,CUS-1002,01/02/2024,369.88,25,North,Widget B
ORD-011722,CUS-1002,2024-06-30,1566.06,28,East,Widget B
ORD-011723,CUS-1001,2024-01-01,400.06,24,East,Gadget C
ORD-011724,CUS-1001,01/02/2024,103.03,12,South,nan
ORD-011725,CUS-1001,2024-01-01,1098.93,28,West,Widget A
ORD-011726,CUS-1002,2024-01-01,-53.09,42,  Central  ,Widget B
ORD-011727,CUS-1002,2024-01-01,764.86,46,  Central  ,Widget A
ORD-011728,CUS-1002,2024-01-01,889.39,18,North,Widget A
ORD-011729,CUS-1001,2024-01-01,1550.14,41,North,Widget A
ORD-011730,CUS-1003,2024-03-15,1201.56,16,North,nan
ORD-011731,CUS-1001,2024-01-01,547.79,3,South,Widget B
ORD-011732,nan,2024-01-01,1099.78,15,West,Widget B
ORD-011733,CUS-1001,01/02/2024,925.8,18,East,Gadget C
ORD-011734,CUS-1003,2024-06-30,42.46,49,South,Widget A
ORD-011735,nan,2024-01-01,223.91,8,West,Widget B
ORD-011736,CUS-1003,2024-01-01,1213.74,22,South,Widget B
ORD-011737,CUS-1003,2024-01-01,306.18,45,  Central  ,Widget B
ORD-011738,CUS-1001,not-a-date,1540.4,12,North,Gadget C
ORD-011739,CUS-1002,2024-03-15,987.38,13,South,Widget A
ORD-011740,CUS-1002,2024-01-01,181.02,31,West,Gadget C
ORD-011741,CUS-1002,2024-01-01,1903.93,38,West,Widget B
ORD-011742,nan,01/02/2024,1678.29,13,North,Widget B
ORD-011743,CUS-1001,01/02/2024,1281.53,31,North,Widget A
ORD-011744,CUS-1001,2024-01-01,1493.62,32,East,Widget A
ORD-011745,nan,2024-01-01,1333.76,38,East,Widget B
ORD-011746,CUS-1001,2024-01-01,35.7,29,West,Widget B
ORD-011747,CUS-1001,01/02/2024,1245.15,33,North,Widget A
ORD-011748,CUS-1001,2024-06-30,496.77,18,West,Widget A
ORD-011749,CUS-1003,2024-01-01,1896.26,15,South,Gadget C
ORD-011750,CUS-1003,2024-06-30,824.02,21,South,Widget B
ORD-011751,CUS-1001,2024-01-01,1412.34,25,East,Widget B
ORD-011752,CUS-1002,01/02/2024,306.23,28,West,Widget A
ORD-011753,CUS-1002,not-a-date,951.39,9,South,Widget A
ORD-011754,CUS-1002,01/02/2024,217.7,41,North,Widget B
ORD-011755,CUS-1002,2024-01-01,818.96,12,East,Widget A
ORD-011756,nan,2024-01-01,1125.17,13,East,Widget B
ORD-011757,CUS-1001,2024-03-15,1268.67,7,  Central  ,Widget A
ORD-011758,CUS-1001,01/02/2024,797.0,13,East,Widget B
ORD-011759,CUS-1002,2024-01-01,326.16,43,East,Widget B
ORD-011760,CUS-1002,01/02/2024,1322.69,43,West,Widget B
ORD-011761,CUS-1002,2024-01-01,33.72,14,South,Gadget C
ORD-011762,CUS-1001,2024-01-01,1619.23,13,North,Widget A
ORD-011763,CUS-1001,2024-03-15,1353.83,7,West,Widget A
ORD-011764,nan,2024-01-01,1550.74,17,East,Widget A
ORD-011765,CUS-1001,2024-01-01,1947.58,12,West,Widget B
ORD-011766,CUS-1002,2024-01-01,660.92,4,North,Widget A
ORD-011767,CUS-1003,2024-06-30,1070.07,13,South,Gadget C
ORD-011768,CUS-1001,2024-01-01,1268.89,12,North,Widget A
ORD-011769,CUS-1001,2024-01-01,1175.79,7,West,Widget A
ORD-011770,CUS-1001,2024-01-01,1271.04,17,North,Widget B
ORD-011771,CUS-1002,2024-01-01,1884.55,35,East,Widget B
ORD-011772,CUS-1001,2024-01-01,972.99,49,East,Widget A
ORD-011773,CUS-1002,2024-01-01,1724.81,33,South,Widget A
ORD-011774,CUS-1001,2024-01-01,1266.16,37,North,Gadget C
ORD-011775,CUS-1001,01/02/2024,1567.25,29,East,Widget B
ORD-011776,CUS-1001,2024-01-01,662.58,31,East,Widget A
ORD-011777,CUS-1001,2024-01-01,664.99,43,North,Gadget C
ORD-011778,CUS-1001,2024-03-15,1871.15,44,East,nan
ORD-011779,nan,2024-01-01,1667.66,3,  Central  ,Widget B
ORD-011780,CUS-1001,2024-01-01,1017.51,25,  Central  ,Widget A
ORD-011781,CUS-1002,2024-06-30,926.88,30,West,Gadget C
ORD-011782,CUS-1002,01/02/2024,509.8,49,West,Widget A
ORD-011783,CUS-1002,01/02/2024,422.99,29,West,Widget B
ORD-011784,CUS-1002,01/02/2024,459.08,13,West,Widget B
ORD-011785,CUS-1001,2024-06-30,1883.98,36,South,Widget B
ORD-011786,CUS-1002,2024-01-01,540.52,48,North,Widget A
ORD-011787,CUS-1001,2024-01-01,898.26,16,West,Widget A
ORD-011788,CUS-1003,2024-03-15,1367.1,16,East,Widget A
ORD-011789,CUS-1001,2024-01-01,1294.52,21,West,Widget B
ORD-011790,CUS-1002,01/02/2024,1544.22,31,  Central  ,Widget A
ORD-011791,CUS-1002,2024-01-01,764.5,17,South,Widget B
ORD-011792,CUS-1002,2024-01-01,671.53,34,  Central  ,Widget A
ORD-011793,CUS-1001,01/02/2024,1010.23,20,North,Widget B
ORD-011794,CUS-1002,01/02/2024,1273.1,25,South,Widget A
ORD-011795,CUS-1002,01/02/2024,1989.26,32,South,Widget A
ORD-011796,CUS-1002,2024-01-01,1178.94,12,  Central  ,Widget A
ORD-011797,CUS-1001,2024-01-01,1537.81,13,  Central  ,Widget B
ORD-011798,CUS-1001,2024-03-15,1849.79,14,East,Gadget C
ORD-011799,CUS-1001,2024-01-01,16.65,43,East,Widget A
ORD-011800,CUS-1003,01/02/2024,515.48,30,South,Widget B
ORD-011801,CUS-1001,01/02/2024,16.46,49,West,Gadget C
ORD-011802,CUS-1002,2024-01-01,1807.82,14,West,Widget A
ORD-011803,CUS-1002,2024-01-01,781.0,21,South,Widget B
ORD-011804,CUS-1002,2024-03-15,1164.28,21,North,Widget A
ORD-011805,CUS-1002,2024-01-01,-165.76,49,North,Gadget C
ORD-011806,CUS-1002,2024-01-01,1509.11,33,  Central  ,Widget A
ORD-011807,CUS-1002,2024-06-30,742.7,24,West,nan
ORD-011808,CUS-1001,2024-01-01,34.29,28,North,Widget A
ORD-011809,CUS-1003,2024-03-15,724.21,1,West,Gadget C
ORD-011810,nan,2024-01-01,946.0,18,South,Gadget C
ORD-011811,CUS-1002,2024-01-01,816.84,45,East,Widget A
ORD-011812,nan,01/02/2024,553.3,14,East,Widget B
ORD-011813,nan,2024-01-01,202.09,17,East,Widget A
ORD-011814,CUS-1002,2024-03-15,65.89,20,South,Widget A
ORD-011815,CUS-1002,2024-01-01,1822.95,3,  Central  ,Widget B
ORD-011816,CUS-1002,01/02/2024,141.23,25,West,Widget B
ORD-011817,CUS-1001,2024-03-15,800.07,10,North,Widget A
ORD-011818,CUS-1001,01/02/2024,165.85,35,East,Gadget C
ORD-011819,CUS-1002,2024-01-01,231.12,36,East,Widget B
ORD-011820,CUS-1003,2024-01-01,1298.45,22,East,Widget B
ORD-011821,CUS-1001,2024-01-01,1848.54,12,North,Widget B
ORD-011822,CUS-1003,2024-06-30,702.94,38,East,Widget A
ORD-011823,CUS-1002,01/02/2024,1493.81,36,West,Widget A
ORD-011824,CUS-1002,01/02/2024,1563.2,16,North,Widget B
ORD-011825,CUS-1001,2024-01-01,1284.35,41,South,Gadget C
ORD-011826,CUS-1002,2024-01-01,1738.77,27,East,Gadget C
ORD-011827,CUS-1001,2024-01-01,381.51,45,North,Widget A
ORD-011828,CUS-1001,2024-01-01,159.51,34,  Central  ,Widget B
ORD-011829,CUS-1001,2024-01-01,917.55,45,East,Widget A
ORD-011830,CUS-1001,2024-01-01,1072.69,14,East,Widget A
ORD-011831,CUS-1001,2024-01-01,750.32,9,South,Widget A
ORD-011832,CUS-1002,01/02/2024,1844.58,38,North,nan
ORD-011833,CUS-1002,2024-01-01,255.6,28,  Central  ,Widget B
ORD-011834,CUS-1001,2024-01-01,1866.59,38,North,Widget A
ORD-011835,CUS-1003,2024-03-15,-112.06,44,West,Gadget C
ORD-011836,CUS-1002,01/02/2024,1668.26,18,North,Widget A
ORD-011837,nan,2024-01-01,761.91,12,West,Widget A
ORD-011838,CUS-1002,2024-03-15,1020.93,9,South,Widget A
ORD-011839,CUS-1001,2024-01-01,1379.4,49,South,Widget A
ORD-011840,nan,01/02/2024,952.89,28,  Central  ,Widget A
ORD-011841,CUS-1003,not-a-date,1749.35,37,  Central  ,nan
ORD-011842,CUS-1002,2024-01-01,1078.72,47,North,Widget A
ORD-011843,CUS-1002,01/02/2024,46.08,46,West,Widget A
ORD-011844,CUS-1002,2024-01-01,1599.2,49,North,Widget A
ORD-011845,CUS-1002,2024-01-01,993.4,16,East,Widget B
ORD-011846,CUS-1003,2024-01-01,1350.06,34,West,Widget A
ORD-011847,CUS-1002,2024-01-01,653.79,10,South,Gadget C
ORD-011848,CUS-1001,2024-01-01,1400.84,23,West,Widget A
ORD-011849,CUS-1001,2024-01-01,1447.45,47,East,nan
ORD-011850,CUS-1001,2024-01-01,1997.11,14,South,Widget A
ORD-011851,CUS-1001,2024-01-01,735.95,14,West,Widget A
ORD-011852,CUS-1001,2024-01-01,447.08,28,East,nan
ORD-011853,nan,2024-01-01,968.91,45,West,Widget A
ORD-011854,CUS-1001,2024-01-01,-126.27,32,North,Widget A
ORD-011855,CUS-1001,2024-01-01,968.6,9,North,Widget A
ORD-011856,CUS-1001,2024-03-15,1724.74,48,East,Widget B
ORD-011857,CUS-1002,2024-06-30,1926.72,18,West,Widget A
ORD-011858,CUS-1002,2024-01-01,1960.05,23,West,Widget B
ORD-011859,CUS-1002,2024-01-01,260.56,31,South,Gadget C
ORD-011860,nan,not-a-date,494.63,34,West,Widget B
ORD-011861,nan,01/02/2024,596.19,45,West,Widget A
ORD-011862,CUS-1003,2024-06-30,1858.04,12,East,Widget B
ORD-011863,CUS-1003,2024-03-15,1564.66,23,North,Widget B
ORD-011864,CUS-1001,2024-03-15,251.53,16,East,Widget B
ORD-011865,CUS-1002,2024-01-01,882.36,30,South,Widget A
ORD-011866,CUS-1001,2024-01-01,1859.15,14,South,Widget A
ORD-011867,CUS-1003,01/02/2024,420.43,16,West,Widget B
ORD-011868,CUS-1001,01/02/2024,1111.49,33,  Central  ,Widget A
ORD-011869,CUS-1001,2024-03-15,1381.57,10,West,Gadget C
ORD-011870,CUS-1001,2024-06-30,138.96,22,South,nan
ORD-011871,CUS-1002,2024-01-01,869.37,37,South,Gadget C
ORD-011872,CUS-1002,2024-01-01,-399.36,23,North,Gadget C
ORD-011873,CUS-1001,not-a-date,33.48,37,North,Gadget C
ORD-011874,CUS-1002,2024-03-15,1270.45,23,North,Widget A
ORD-011875,CUS-1001,2024-03-15,1749.46,43,East,Widget A
ORD-011876,CUS-1003,01/02/2024,865.63,42,North,Widget A
ORD-011877,CUS-1001,2024-06-30,525.35,8,North,Widget A
ORD-011878,CUS-1001,2024-01-01,1456.05,44,  Central  ,Widget A
ORD-011879,CUS-1002,2024-01-01,740.25,3,West,Widget A
ORD-011880,CUS-1002,2024-01-01,675.5,45,East,Widget A
ORD-011881,CUS-1003,2024-01-01,528.32,31,East,Widget A
ORD-011882,CUS-1002,2024-03-15,1921.97,8,  Central  ,Widget B
ORD-011883,nan,2024-01-01,1493.27,24,East,Gadget C
ORD-011884,CUS-1001,01/02/2024,285.86,47,North,Widget A
ORD-011885,CUS-1001,2024-01-01,601.93,31,East,Widget B
ORD-011886,nan,2024-03-15,1794.25,26,South,Widget B
ORD-011887,CUS-1001,2024-01-01,1661.01,12,  Central  ,Widget B
ORD-011888,CUS-1003,01/02/2024,710.81,19,South,Widget A
ORD-011889,CUS-1001,2024-01-01,1421.23,41,West,Gadget C
ORD-011890,CUS-1002,2024-01-01,210.62,42,West,Widget A
ORD-011891,CUS-1001,2024-01-01,306.43,22,North,Gadget C
ORD-011892,CUS-1002,01/02/2024,1802.7,28,  Central  ,Widget A
ORD-011893,CUS-1003,01/02/2024,1091.31,34,East,nan
ORD-011894,CUS-1001,2024-06-30,281.03,48,West,Widget B
ORD-011895,CUS-1001,2024-06-30,986.21,10,East,Gadget C
ORD-011896,CUS-1001,2024-01-01,933.3,4,South,Widget A
ORD-011897,CUS-1001,2024-01-01,1993.76,3,South,Widget A
ORD-011898,CUS-1001,2024-01-01,39.11,27,North,Widget B
ORD-011899,nan,2024-01-01,1481.88,18,West,Widget A
ORD-011900,CUS-1001,2024-01-01,1515.14,6,North,Widget A
ORD-011901,CUS-1002,not-a-date,1552.35,21,North,Widget A
ORD-011902,CUS-1002,2024-06-30,1557.41,31,East,Widget A
ORD-011903,CUS-1001,2024-01-01,1422.19,22,North,Widget A
ORD-011904,CUS-1001,2024-03-15,853.38,34,East,Widget A
ORD-011905,CUS-1002,2024-03-15,108.34,12,South,Widget B
ORD-011906,CUS-1002,2024-01-01,1935.5,49,South,Gadget C
ORD-011907,CUS-1003,not-a-date,491.96,23,West,Widget A
ORD-011908,CUS-1001,2024-06-30,617.41,25,North,Widget A
ORD-011909,CUS-1002,2024-06-30,313.96,25,North,Widget B
ORD-011910,nan,2024-03-15,670.21,47,North,Widget B
ORD-011911,CUS-1003,2024-01-01,662.36,15,North,Gadget C
ORD-011912,nan,2024-01-01,725.8,25,North,Widget A
ORD-011913,CUS-1001,2024-06-30,813.11,17,West,Gadget C
ORD-011914,nan,2024-01-01,-220.82,30,East,Widget A
ORD-011915,CUS-1003,2024-01-01,1942.05,28,North,Widget A
ORD-011916,CUS-1003,2024-01-01,1049.6,46,South,Widget A
ORD-011917,CUS-1002,2024-01-01,1988.25,3,West,nan
ORD-011918,nan,2024-01-01,119.65,37,South,Widget A
ORD-011919,CUS-1002,2024-03-15,757.64,3,  Central  ,Widget B
ORD-011920,CUS-1002,01/02/2024,70.03,28,North,Gadget C
ORD-011921,CUS-1002,2024-01-01,1198.65,22,East,Gadget C
ORD-011922,CUS-1002,2024-01-01,-414.72,5,East,Gadget C
ORD-011923,CUS-1003,01/02/2024,432.37,4,East,Widget A
ORD-011924,CUS-1001,2024-03-15,1438.05,39,East,Gadget C
ORD-011925,CUS-1001,2024-06-30,1528.64,37,East,Gadget C
ORD-011926,CUS-1001,2024-03-15,216.09,30,  Central  ,Gadget C
ORD-011927,CUS-1002,2024-01-01,871.05,29,South,Widget A
ORD-011928,CUS-1002,2024-03-15,288.1,5,East,Widget B
ORD-011929,CUS-1003,01/02/2024,710.85,2,North,Widget A
ORD-011930,CUS-1003,01/02/2024,1615.6,40,South,Widget B
ORD-011931,CUS-1002,01/02/2024,588.35,17,East,Widget A
ORD-011932,CUS-1001,2024-01-01,1867.31,39,West,Widget A
ORD-011933,CUS-1002,2024-01-01,1554.72,5,  Central  ,Widget A
ORD-011934,nan,01/02/2024,533.75,33,West,Widget B
ORD-011935,CUS-1002,2024-01-01,858.12,45,East,Widget B
ORD-011936,nan,2024-03-15,1239.3,19,South,Widget A
ORD-011937,nan,2024-01-01,1217.4,16,North,Widget B
ORD-011938,CUS-1001,01/02/2024,1130.43,37,West,Widget B
ORD-011939,CUS-1002,2024-03-15,758.66,19,South,Widget A
ORD-011940,CUS-1002,2024-01-01,1888.63,17,West,Widget A
ORD-011941,CUS-1002,2024-01-01,184.93,39,West,Widget B
ORD-011942,CUS-1001,01/02/2024,-329.72,34,North,Widget A
ORD-011943,CUS-1001,2024-01-01,80.8,11,North,Widget B
ORD-011944,CUS-1001,2024-01-01,1115.89,23,South,Widget A
ORD-011945,CUS-1002,2024-03-15,376.77,11,North,Widget A
ORD-011946,CUS-1001,2024-01-01,177.76,24,North,Widget A
ORD-011947,CUS-1002,01/02/2024,115.08,40,South,Widget B
ORD-011948,CUS-1002,2024-01-01,1911.66,32,West,Widget A
ORD-011949,CUS-1002,2024-01-01,265.6,27,North,Widget A
ORD-011950,CUS-1003,2024-01-01,725.27,16,  Central  ,Widget B
ORD-011951,CUS-1002,2024-06-30,945.93,13,East,nan
ORD-011952,CUS-1001,01/02/2024,58.53,31,West,Widget B
ORD-011953,nan,2024-01-01,1850.02,8,North,Widget A
ORD-011954,CUS-1003,2024-01-01,40.49,44,North,Widget B
ORD-011955,CUS-1002,01/02/2024,1823.93,39,South,Widget A
ORD-011956,CUS-1003,01/02/2024,73.27,38,West,Widget A
ORD-011957,CUS-1001,2024-01-01,826.48,10,West,Widget B
ORD-011958,CUS-1003,2024-01-01,-440.38,17,South,Widget A
ORD-011959,CUS-1001,2024-01-01,59.31,25,South,Widget A
ORD-011960,CUS-1002,01/02/2024,-240.99,41,South,Widget A
ORD-011961,CUS-1001,2024-03-15,946.09,10,South,Widget A
ORD-011962,CUS-1003,01/02/2024,947.81,41,  Central  ,Widget B
ORD-011963,CUS-1001,01/02/2024,380.46,19,East,Gadget C
ORD-011964,CUS-1001,2024-01-01,474.75,44,South,Widget A
ORD-011965,CUS-1001,01/02/2024,1599.22,5,North,Widget A
ORD-011966,CUS-1002,01/02/2024,30.69,37,North,Widget A
ORD-011967,CUS-1001,2024-01-01,644.37,1,East,Widget B
ORD-011968,CUS-1002,2024-06-30,647.49,17,West,Gadget C
ORD-011969,CUS-1001,2024-01-01,548.98,29,East,Widget A
ORD-011970,CUS-1003,01/02/2024,628.42,37,West,Widget A
ORD-011971,CUS-1001,01/02/2024,253.85,28,West,Widget B
ORD-011972,nan,not-a-date,341.75,18,West,Widget A
ORD-011973,CUS-1001,2024-01-01,1118.74,10,East,Widget B
ORD-011974,CUS-1001,not-a-date,1127.76,18,West,Widget B
ORD-011975,CUS-1001,2024-01-01,1860.05,10,South,nan
ORD-011976,CUS-1001,2024-01-01,1069.14,2,North,Gadget C
ORD-011977,CUS-1002,not-a-date,881.31,38,West,Widget A
ORD-011978,CUS-1001,2024-01-01,199.34,49,South,Widget A
ORD-011979,nan,01/02/2024,1474.77,22,North,Widget B
ORD-011980,CUS-1002,2024-01-01,897.67,17,East,Widget B
ORD-011981,CUS-1001,2024-06-30,1520.7,30,East,Widget A
ORD-011982,CUS-1002,2024-03-15,395.08,1,North,Widget B
ORD-011983,CUS-1001,2024-01-01,1234.3,14,East,nan
ORD-011984,CUS-1001,2024-03-15,1451.22,23,North,Widget B
ORD-011985,CUS-1001,2024-01-01,729.87,29,North,nan
ORD-011986,CUS-1001,01/02/2024,-13.85,15,  Central  ,Widget A
ORD-011987,CUS-1001,2024-03-15,138.06,21,South,Widget B
ORD-011988,nan,2024-03-15,547.88,12,South,Widget A
ORD-011989,CUS-1002,01/02/2024,337.33,14,North,Widget B
ORD-011990,nan,2024-03-15,755.56,17,  Central  ,Widget A
ORD-011991,CUS-1001,01/02/2024,187.47,28,North,nan
ORD-011992,CUS-1003,2024-06-30,1658.92,45,North,Widget A
ORD-011993,CUS-1001,2024-01-01,1469.88,4,South,Widget B
ORD-011994,CUS-1001,2024-01-01,1732.49,10,North,Widget B
ORD-011995,CUS-1003,2024-03-15,1896.03,7,North,Widget A
ORD-011996,CUS-1001,2024-01-01,1132.71,9,South,nan
ORD-011997,CUS-1001,2024-01-01,1492.87,22,South,Widget A
ORD-011998,CUS-1003,2024-03-15,985.37,47,West,Widget A
ORD-011999,CUS-1002,01/02/2024,1573.77,16,South,Widget B
ORD-000001,CUS-1002,2024-01-01,1078.08,35,West,Widget B
ORD-000002,CUS-1001,2024-01-01,1475.27,40,  Central  ,Widget B
ORD-000005,nan,2024-06-30,538.04,29,  Central  ,Widget A
ORD-000400,CUS-1001,01/02/2024,1655.93,44,South,Gadget C
ORD-007000,CUS-1002,2024-06-30,702.99,44,West,Gadget C
